time,floor,planned,breaks,bath,other,out,incoming,active,minimum,deficit,judgment,staff_ids
2026-10-01T00:00,1F,3,0,0,0,1,0,2,2,0,充足,1F-01・1F-02
2026-10-01T00:00,2F,2,2,0,0,0,2,2,2,0,充足,1F-03・1F-23
2026-10-01T00:00,3F,2,0,0,0,0,0,2,2,0,充足,3F-01・3F-02
2026-10-01T00:00,統括,2,0,0,0,1,0,1,1,0,充足,1F-04
2026-10-01T00:30,1F,3,0,0,0,1,0,2,2,0,充足,1F-01・1F-02
2026-10-01T00:30,2F,2,2,0,0,0,2,2,2,0,充足,1F-03・1F-23
2026-10-01T00:30,3F,2,0,0,0,0,0,2,2,0,充足,3F-01・3F-02
2026-10-01T00:30,統括,2,0,0,0,1,0,1,1,0,充足,1F-04
2026-10-01T01:00,1F,2,0,0,0,0,0,2,2,0,充足,1F-01・1F-02
2026-10-01T01:00,2F,3,1,0,0,1,1,2,2,0,充足,2F-01・2F-24
2026-10-01T01:00,3F,2,1,0,0,0,1,2,2,0,充足,1F-03・3F-02
2026-10-01T01:00,統括,2,0,0,0,1,0,1,1,0,充足,1F-04
2026-10-01T01:30,1F,2,0,0,0,0,0,2,2,0,充足,1F-01・1F-02
2026-10-01T01:30,2F,3,1,0,0,1,1,2,2,0,充足,2F-01・2F-24
2026-10-01T01:30,3F,2,1,0,0,0,1,2,2,0,充足,1F-03・3F-02
2026-10-01T01:30,統括,2,0,0,0,1,0,1,1,0,充足,1F-04
2026-10-01T02:00,1F,2,0,0,0,0,0,2,2,0,充足,1F-01・1F-02
2026-10-01T02:00,2F,3,0,0,0,1,0,2,2,0,充足,2F-01・2F-02
2026-10-01T02:00,3F,2,2,0,0,0,2,2,2,0,充足,1F-03・2F-24
2026-10-01T02:00,統括,2,0,0,0,1,0,1,1,0,充足,1F-04
2026-10-01T02:30,1F,2,0,0,0,0,0,2,2,0,充足,1F-01・1F-02
2026-10-01T02:30,2F,3,0,0,0,1,0,2,2,0,充足,2F-01・2F-02
2026-10-01T02:30,3F,2,2,0,0,0,2,2,2,0,充足,1F-03・2F-24
2026-10-01T02:30,統括,2,0,0,0,1,0,1,1,0,充足,1F-04
2026-10-01T03:00,1F,2,0,0,0,0,0,2,2,0,充足,1F-01・1F-02
2026-10-01T03:00,2F,3,0,0,0,1,0,2,2,0,充足,2F-01・2F-02
2026-10-01T03:00,3F,2,1,0,0,0,1,2,2,0,充足,2F-24・3F-01
2026-10-01T03:00,統括,2,1,0,0,0,0,1,1,0,充足,1F-04
2026-10-01T03:30,1F,2,0,0,0,0,0,2,2,0,充足,1F-01・1F-02
2026-10-01T03:30,2F,3,0,0,0,1,0,2,2,0,充足,2F-01・2F-02
2026-10-01T03:30,3F,2,1,0,0,0,1,2,2,0,充足,2F-24・3F-01
2026-10-01T03:30,統括,2,1,0,0,0,0,1,1,0,充足,1F-04
2026-10-01T04:00,1F,2,0,0,0,0,0,2,2,0,充足,1F-01・1F-02
2026-10-01T04:00,2F,2,0,0,0,0,0,2,2,0,充足,2F-01・2F-02
2026-10-01T04:00,3F,2,0,0,0,0,0,2,2,0,充足,3F-01・3F-02
2026-10-01T04:00,統括,2,1,0,0,0,0,1,1,0,充足,1F-04
2026-10-01T04:30,1F,2,0,0,0,0,0,2,2,0,充足,1F-01・1F-02
2026-10-01T04:30,2F,2,0,0,0,0,0,2,2,0,充足,2F-01・2F-02
2026-10-01T04:30,3F,2,0,0,0,0,0,2,2,0,充足,3F-01・3F-02
2026-10-01T04:30,統括,2,1,0,0,0,0,1,1,0,充足,1F-04
2026-10-01T05:00,1F,2,0,0,0,0,0,2,2,0,充足,1F-01・1F-02
2026-10-01T05:00,2F,2,0,0,0,0,0,2,2,0,充足,2F-01・2F-02
2026-10-01T05:00,3F,2,0,0,0,0,0,2,2,0,充足,3F-01・3F-02
2026-10-01T05:00,統括,2,1,0,0,0,0,1,1,0,充足,1F-03
2026-10-01T05:30,1F,2,0,0,0,0,0,2,2,0,充足,1F-01・1F-02
2026-10-01T05:30,2F,2,0,0,0,0,0,2,2,0,充足,2F-01・2F-02
2026-10-01T05:30,3F,2,0,0,0,0,0,2,2,0,充足,3F-01・3F-02
2026-10-01T05:30,統括,2,1,0,0,0,0,1,1,0,充足,1F-03
2026-10-01T06:00,1F,2,0,0,0,0,0,2,2,0,充足,1F-01・1F-02
2026-10-01T06:00,2F,2,0,0,0,0,0,2,2,0,充足,2F-01・2F-02
2026-10-01T06:00,3F,2,0,0,0,0,0,2,2,0,充足,3F-01・3F-02
2026-10-01T06:00,統括,2,1,0,0,0,0,1,1,0,充足,1F-03
2026-10-01T06:30,1F,2,0,0,0,0,0,2,2,0,充足,1F-01・1F-02
2026-10-01T06:30,2F,2,0,0,0,0,0,2,2,0,充足,2F-01・2F-02
2026-10-01T06:30,3F,2,0,0,0,0,0,2,2,0,充足,3F-01・3F-02
2026-10-01T06:30,統括,2,1,0,0,0,0,1,1,0,充足,1F-03
2026-10-01T07:00,1F,7,0,0,0,0,0,7,4,0,充足,1F-01・1F-02・1F-34・1F-35・1F-36・1F-37・1F-38
2026-10-01T07:00,2F,8,0,0,0,0,0,8,4,0,充足,2F-01・2F-02・2F-09・2F-10・2F-11・2F-12・2F-13・2F-17
2026-10-01T07:00,3F,7,0,0,0,0,0,7,4,0,充足,3F-01・3F-02・3F-09・3F-10・3F-11・3F-12・3F-13
2026-10-01T07:00,統括,2,0,0,0,0,0,2,0,0,充足,1F-03・1F-04
2026-10-01T07:30,1F,7,0,0,0,0,0,7,4,0,充足,1F-01・1F-02・1F-34・1F-35・1F-36・1F-37・1F-38
2026-10-01T07:30,2F,8,0,0,0,0,0,8,4,0,充足,2F-01・2F-02・2F-09・2F-10・2F-11・2F-12・2F-13・2F-17
2026-10-01T07:30,3F,7,0,0,0,0,0,7,4,0,充足,3F-01・3F-02・3F-09・3F-10・3F-11・3F-12・3F-13
2026-10-01T07:30,統括,2,0,0,0,0,0,2,0,0,充足,1F-03・1F-04
2026-10-01T08:00,1F,7,0,0,0,0,0,7,4,0,充足,1F-01・1F-02・1F-34・1F-35・1F-36・1F-37・1F-38
2026-10-01T08:00,2F,8,0,0,0,0,0,8,4,0,充足,2F-01・2F-02・2F-09・2F-10・2F-11・2F-12・2F-13・2F-17
2026-10-01T08:00,3F,7,0,0,0,0,0,7,4,0,充足,3F-01・3F-02・3F-09・3F-10・3F-11・3F-12・3F-13
2026-10-01T08:00,統括,2,0,0,0,0,0,2,0,0,充足,1F-03・1F-04
2026-10-01T08:30,1F,7,0,0,0,0,0,7,4,0,充足,1F-01・1F-02・1F-34・1F-35・1F-36・1F-37・1F-38
2026-10-01T08:30,2F,8,0,0,0,0,0,8,4,0,充足,2F-01・2F-02・2F-09・2F-10・2F-11・2F-12・2F-13・2F-17
2026-10-01T08:30,3F,7,0,0,0,0,0,7,4,0,充足,3F-01・3F-02・3F-09・3F-10・3F-11・3F-12・3F-13
2026-10-01T08:30,統括,2,0,0,0,0,0,2,0,0,充足,1F-03・1F-04
2026-10-01T09:00,1F,5,0,0,0,0,0,5,4,0,充足,1F-34・1F-35・1F-36・1F-37・1F-38
2026-10-01T09:00,2F,6,0,0,0,0,0,6,4,0,充足,2F-09・2F-10・2F-11・2F-12・2F-13・2F-17
2026-10-01T09:00,3F,5,0,0,0,0,0,5,4,0,充足,3F-09・3F-10・3F-11・3F-12・3F-13
2026-10-01T09:00,統括,0,0,0,0,0,0,0,0,0,充足,
2026-10-01T09:30,1F,5,0,0,0,0,0,5,4,0,充足,1F-34・1F-35・1F-36・1F-37・1F-38
2026-10-01T09:30,2F,6,0,0,0,0,0,6,4,0,充足,2F-09・2F-10・2F-11・2F-12・2F-13・2F-17
2026-10-01T09:30,3F,5,0,0,0,0,0,5,4,0,充足,3F-09・3F-10・3F-11・3F-12・3F-13
2026-10-01T09:30,統括,0,0,0,0,0,0,0,0,0,充足,
2026-10-01T10:00,1F,10,0,1,0,0,0,9,4,0,充足,1F-35・1F-36・1F-37・1F-38・1F-39・1F-40・1F-41・1F-42・1F-43
2026-10-01T10:00,2F,11,0,1,0,0,0,10,4,0,充足,2F-05・2F-10・2F-11・2F-12・2F-13・2F-14・2F-15・2F-16・2F-17・2F-25
2026-10-01T10:00,3F,10,0,1,0,0,0,9,4,0,充足,3F-05・3F-06・3F-10・3F-11・3F-12・3F-13・3F-14・3F-15・3F-16
2026-10-01T10:00,統括,0,0,0,0,0,0,0,0,0,充足,
2026-10-01T10:30,1F,10,0,1,0,0,0,9,4,0,充足,1F-35・1F-36・1F-37・1F-38・1F-39・1F-40・1F-41・1F-42・1F-43
2026-10-01T10:30,2F,11,0,1,0,0,0,10,4,0,充足,2F-05・2F-10・2F-11・2F-12・2F-13・2F-14・2F-15・2F-16・2F-17・2F-25
2026-10-01T10:30,3F,10,0,1,0,0,0,9,4,0,充足,3F-05・3F-06・3F-10・3F-11・3F-12・3F-13・3F-14・3F-15・3F-16
2026-10-01T10:30,統括,0,0,0,0,0,0,0,0,0,充足,
2026-10-01T11:00,1F,10,5,0,0,0,0,5,4,0,充足,1F-39・1F-40・1F-41・1F-42・1F-43
2026-10-01T11:00,2F,11,5,0,0,0,0,6,4,0,充足,2F-05・2F-14・2F-15・2F-16・2F-17・2F-25
2026-10-01T11:00,3F,10,5,0,0,0,0,5,4,0,充足,3F-05・3F-06・3F-14・3F-15・3F-16
2026-10-01T11:00,統括,0,0,0,0,0,0,0,0,0,充足,
2026-10-01T11:30,1F,10,5,0,0,0,0,5,4,0,充足,1F-39・1F-40・1F-41・1F-42・1F-43
2026-10-01T11:30,2F,11,5,0,0,0,0,6,4,0,充足,2F-05・2F-14・2F-15・2F-16・2F-17・2F-25
2026-10-01T11:30,3F,10,5,0,0,0,0,5,4,0,充足,3F-05・3F-06・3F-14・3F-15・3F-16
2026-10-01T11:30,統括,0,0,0,0,0,0,0,0,0,充足,
2026-10-01T12:00,1F,10,0,0,0,0,0,10,4,0,充足,1F-34・1F-35・1F-36・1F-37・1F-38・1F-39・1F-40・1F-41・1F-42・1F-43
2026-10-01T12:00,2F,10,0,0,0,0,0,10,4,0,充足,2F-05・2F-09・2F-10・2F-11・2F-12・2F-13・2F-14・2F-15・2F-16・2F-25
2026-10-01T12:00,3F,10,0,0,0,0,0,10,4,0,充足,3F-05・3F-06・3F-09・3F-10・3F-11・3F-12・3F-13・3F-14・3F-15・3F-16
2026-10-01T12:00,統括,0,0,0,0,0,0,0,0,0,充足,
2026-10-01T12:30,1F,10,0,0,0,0,0,10,4,0,充足,1F-34・1F-35・1F-36・1F-37・1F-38・1F-39・1F-40・1F-41・1F-42・1F-43
2026-10-01T12:30,2F,10,0,0,0,0,0,10,4,0,充足,2F-05・2F-09・2F-10・2F-11・2F-12・2F-13・2F-14・2F-15・2F-16・2F-25
2026-10-01T12:30,3F,10,0,0,0,0,0,10,4,0,充足,3F-05・3F-06・3F-09・3F-10・3F-11・3F-12・3F-13・3F-14・3F-15・3F-16
2026-10-01T12:30,統括,0,0,0,0,0,0,0,0,0,充足,
2026-10-01T13:00,1F,10,5,0,0,0,0,5,4,0,充足,1F-34・1F-35・1F-36・1F-37・1F-38
2026-10-01T13:00,2F,10,5,0,0,0,0,5,4,0,充足,2F-09・2F-10・2F-11・2F-12・2F-13
2026-10-01T13:00,3F,10,5,0,0,0,0,5,4,0,充足,3F-09・3F-10・3F-11・3F-12・3F-13
2026-10-01T13:00,統括,0,0,0,0,0,0,0,0,0,充足,
2026-10-01T13:30,1F,10,5,0,0,0,0,5,4,0,充足,1F-34・1F-35・1F-36・1F-37・1F-38
2026-10-01T13:30,2F,10,5,0,0,0,0,5,4,0,充足,2F-09・2F-10・2F-11・2F-12・2F-13
2026-10-01T13:30,3F,10,5,0,0,0,0,5,4,0,充足,3F-09・3F-10・3F-11・3F-12・3F-13
2026-10-01T13:30,統括,0,0,0,0,0,0,0,0,0,充足,
2026-10-01T14:00,1F,10,0,0,0,0,0,10,4,0,充足,1F-34・1F-35・1F-36・1F-37・1F-38・1F-39・1F-40・1F-41・1F-42・1F-43
2026-10-01T14:00,2F,10,0,0,0,0,0,10,4,0,充足,2F-05・2F-09・2F-10・2F-11・2F-12・2F-13・2F-14・2F-15・2F-16・2F-25
2026-10-01T14:00,3F,10,0,0,0,0,0,10,4,0,充足,3F-05・3F-06・3F-09・3F-10・3F-11・3F-12・3F-13・3F-14・3F-15・3F-16
2026-10-01T14:00,統括,0,0,0,0,0,0,0,0,0,充足,
2026-10-01T14:30,1F,10,0,0,0,0,0,10,4,0,充足,1F-34・1F-35・1F-36・1F-37・1F-38・1F-39・1F-40・1F-41・1F-42・1F-43
2026-10-01T14:30,2F,10,0,0,0,0,0,10,4,0,充足,2F-05・2F-09・2F-10・2F-11・2F-12・2F-13・2F-14・2F-15・2F-16・2F-25
2026-10-01T14:30,3F,10,0,0,0,0,0,10,4,0,充足,3F-05・3F-06・3F-09・3F-10・3F-11・3F-12・3F-13・3F-14・3F-15・3F-16
2026-10-01T14:30,統括,0,0,0,0,0,0,0,0,0,充足,
2026-10-01T15:00,1F,10,0,1,0,0,0,9,4,0,充足,1F-34・1F-35・1F-36・1F-37・1F-38・1F-40・1F-41・1F-42・1F-43
2026-10-01T15:00,2F,10,0,1,0,0,0,9,4,0,充足,2F-05・2F-09・2F-10・2F-11・2F-12・2F-13・2F-15・2F-16・2F-25
2026-10-01T15:00,3F,10,0,1,0,0,0,9,4,0,充足,3F-05・3F-06・3F-09・3F-10・3F-11・3F-12・3F-13・3F-15・3F-16
2026-10-01T15:00,統括,0,0,0,0,0,0,0,0,0,充足,
2026-10-01T15:30,1F,10,0,1,0,0,0,9,4,0,充足,1F-34・1F-35・1F-36・1F-37・1F-38・1F-40・1F-41・1F-42・1F-43
2026-10-01T15:30,2F,10,0,1,0,0,0,9,4,0,充足,2F-05・2F-09・2F-10・2F-11・2F-12・2F-13・2F-15・2F-16・2F-25
2026-10-01T15:30,3F,10,0,1,0,0,0,9,4,0,充足,3F-05・3F-06・3F-09・3F-10・3F-11・3F-12・3F-13・3F-15・3F-16
2026-10-01T15:30,統括,0,0,0,0,0,0,0,0,0,充足,
2026-10-01T16:00,1F,7,0,0,0,0,0,7,4,0,充足,1F-05・1F-06・1F-39・1F-40・1F-41・1F-42・1F-43
2026-10-01T16:00,2F,7,0,0,0,0,0,7,4,0,充足,2F-03・2F-04・2F-05・2F-14・2F-15・2F-16・2F-25
2026-10-01T16:00,3F,7,0,0,0,0,0,7,4,0,充足,3F-03・3F-04・3F-05・3F-06・3F-14・3F-15・3F-16
2026-10-01T16:00,統括,2,0,0,0,0,0,2,0,0,充足,1F-25・1F-26
2026-10-01T16:30,1F,7,2,0,0,0,0,5,4,0,充足,1F-39・1F-40・1F-41・1F-42・1F-43
2026-10-01T16:30,2F,7,2,0,0,0,0,5,4,0,充足,2F-05・2F-14・2F-15・2F-16・2F-25
2026-10-01T16:30,3F,7,0,0,0,0,0,7,4,0,充足,3F-03・3F-04・3F-05・3F-06・3F-14・3F-15・3F-16
2026-10-01T16:30,統括,2,0,0,0,0,0,2,0,0,充足,1F-25・1F-26
2026-10-01T17:00,1F,7,2,0,0,0,0,5,4,0,充足,1F-39・1F-40・1F-41・1F-42・1F-43
2026-10-01T17:00,2F,7,2,0,0,0,0,5,4,0,充足,2F-05・2F-14・2F-15・2F-16・2F-25
2026-10-01T17:00,3F,7,0,0,0,0,0,7,4,0,充足,3F-03・3F-04・3F-05・3F-06・3F-14・3F-15・3F-16
2026-10-01T17:00,統括,2,0,0,0,0,0,2,0,0,充足,1F-25・1F-26
2026-10-01T17:30,1F,7,0,0,0,0,0,7,4,0,充足,1F-05・1F-06・1F-39・1F-40・1F-41・1F-42・1F-43
2026-10-01T17:30,2F,7,0,0,0,0,0,7,4,0,充足,2F-03・2F-04・2F-05・2F-14・2F-15・2F-16・2F-25
2026-10-01T17:30,3F,7,2,0,0,0,0,5,4,0,充足,3F-05・3F-06・3F-14・3F-15・3F-16
2026-10-01T17:30,統括,2,2,0,0,0,0,0,0,0,充足,
2026-10-01T18:00,1F,7,0,0,0,0,0,7,4,0,充足,1F-05・1F-06・1F-39・1F-40・1F-41・1F-42・1F-43
2026-10-01T18:00,2F,7,0,0,0,0,0,7,4,0,充足,2F-03・2F-04・2F-05・2F-14・2F-15・2F-16・2F-25
2026-10-01T18:00,3F,7,2,0,0,0,0,5,4,0,充足,3F-05・3F-06・3F-14・3F-15・3F-16
2026-10-01T18:00,統括,2,2,0,0,0,0,0,0,0,充足,
2026-10-01T18:30,1F,7,0,0,0,0,0,7,4,0,充足,1F-05・1F-06・1F-39・1F-40・1F-41・1F-42・1F-43
2026-10-01T18:30,2F,7,0,0,0,0,0,7,4,0,充足,2F-03・2F-04・2F-05・2F-14・2F-15・2F-16・2F-25
2026-10-01T18:30,3F,7,0,0,0,0,0,7,4,0,充足,3F-03・3F-04・3F-05・3F-06・3F-14・3F-15・3F-16
2026-10-01T18:30,統括,2,0,0,0,0,0,2,0,0,充足,1F-25・1F-26
2026-10-01T19:00,1F,2,0,0,0,0,0,2,2,0,充足,1F-05・1F-06
2026-10-01T19:00,2F,2,0,0,0,0,0,2,2,0,充足,2F-03・2F-04
2026-10-01T19:00,3F,2,0,0,0,0,0,2,2,0,充足,3F-03・3F-04
2026-10-01T19:00,統括,2,0,0,0,0,0,2,1,0,充足,1F-25・1F-26
2026-10-01T19:30,1F,2,0,0,0,0,0,2,2,0,充足,1F-05・1F-06
2026-10-01T19:30,2F,2,0,0,0,0,0,2,2,0,充足,2F-03・2F-04
2026-10-01T19:30,3F,2,0,0,0,0,0,2,2,0,充足,3F-03・3F-04
2026-10-01T19:30,統括,2,0,0,0,0,0,2,1,0,充足,1F-25・1F-26
2026-10-01T20:00,1F,2,0,0,0,0,0,2,2,0,充足,1F-05・1F-06
2026-10-01T20:00,2F,2,0,0,0,0,0,2,2,0,充足,2F-03・2F-04
2026-10-01T20:00,3F,2,0,0,0,0,0,2,2,0,充足,3F-03・3F-04
2026-10-01T20:00,統括,2,0,0,0,0,0,2,1,0,充足,1F-25・1F-26
2026-10-01T20:30,1F,2,0,0,0,0,0,2,2,0,充足,1F-05・1F-06
2026-10-01T20:30,2F,2,0,0,0,0,0,2,2,0,充足,2F-03・2F-04
2026-10-01T20:30,3F,2,0,0,0,0,0,2,2,0,充足,3F-03・3F-04
2026-10-01T20:30,統括,2,0,0,0,0,0,2,1,0,充足,1F-25・1F-26
2026-10-01T21:00,1F,2,1,0,0,0,1,2,2,0,充足,1F-06・1F-25
2026-10-01T21:00,2F,2,0,0,0,0,0,2,2,0,充足,2F-03・2F-04
2026-10-01T21:00,3F,2,0,0,0,0,0,2,2,0,充足,3F-03・3F-04
2026-10-01T21:00,統括,2,0,0,0,1,0,1,1,0,充足,1F-26
2026-10-01T21:30,1F,2,1,0,0,0,1,2,2,0,充足,1F-06・1F-25
2026-10-01T21:30,2F,2,0,0,0,0,0,2,2,0,充足,2F-03・2F-04
2026-10-01T21:30,3F,2,0,0,0,0,0,2,2,0,充足,3F-03・3F-04
2026-10-01T21:30,統括,2,0,0,0,1,0,1,1,0,充足,1F-26
2026-10-01T22:00,1F,3,2,0,0,1,2,2,2,0,充足,1F-25・2F-23
2026-10-01T22:00,2F,2,0,0,0,0,0,2,2,0,充足,2F-03・2F-04
2026-10-01T22:00,3F,2,0,0,0,0,0,2,2,0,充足,3F-03・3F-04
2026-10-01T22:00,統括,2,0,0,0,1,0,1,1,0,充足,1F-26
2026-10-01T22:30,1F,3,2,0,0,1,2,2,2,0,充足,1F-25・2F-23
2026-10-01T22:30,2F,2,0,0,0,0,0,2,2,0,充足,2F-03・2F-04
2026-10-01T22:30,3F,2,0,0,0,0,0,2,2,0,充足,3F-03・3F-04
2026-10-01T22:30,統括,2,0,0,0,1,0,1,1,0,充足,1F-26
2026-10-01T23:00,1F,3,1,0,0,1,1,2,2,0,充足,1F-05・2F-23
2026-10-01T23:00,2F,2,1,0,0,0,1,2,2,0,充足,1F-25・2F-04
2026-10-01T23:00,3F,2,0,0,0,0,0,2,2,0,充足,3F-03・3F-04
2026-10-01T23:00,統括,2,0,0,0,1,0,1,1,0,充足,1F-26
2026-10-01T23:30,1F,3,1,0,0,1,1,2,2,0,充足,1F-05・2F-23
2026-10-01T23:30,2F,2,1,0,0,0,1,2,2,0,充足,1F-25・2F-04
2026-10-01T23:30,3F,2,0,0,0,0,0,2,2,0,充足,3F-03・3F-04
2026-10-01T23:30,統括,2,0,0,0,1,0,1,1,0,充足,1F-26
2026-10-02T00:00,1F,3,0,0,0,1,0,2,2,0,充足,1F-05・1F-06
2026-10-02T00:00,2F,2,2,0,0,0,2,2,2,0,充足,1F-25・2F-23
2026-10-02T00:00,3F,2,0,0,0,0,0,2,2,0,充足,3F-03・3F-04
2026-10-02T00:00,統括,2,0,0,0,1,0,1,1,0,充足,1F-26
2026-10-02T00:30,1F,3,0,0,0,1,0,2,2,0,充足,1F-05・1F-06
2026-10-02T00:30,2F,2,2,0,0,0,2,2,2,0,充足,1F-25・2F-23
2026-10-02T00:30,3F,2,0,0,0,0,0,2,2,0,充足,3F-03・3F-04
2026-10-02T00:30,統括,2,0,0,0,1,0,1,1,0,充足,1F-26
2026-10-02T01:00,1F,2,0,0,0,0,0,2,2,0,充足,1F-05・1F-06
2026-10-02T01:00,2F,3,1,0,0,1,1,2,2,0,充足,2F-03・2F-24
2026-10-02T01:00,3F,2,1,0,0,0,1,2,2,0,充足,1F-25・3F-04
2026-10-02T01:00,統括,2,0,0,0,1,0,1,1,0,充足,1F-26
2026-10-02T01:30,1F,2,0,0,0,0,0,2,2,0,充足,1F-05・1F-06
2026-10-02T01:30,2F,3,1,0,0,1,1,2,2,0,充足,2F-03・2F-24
2026-10-02T01:30,3F,2,1,0,0,0,1,2,2,0,充足,1F-25・3F-04
2026-10-02T01:30,統括,2,0,0,0,1,0,1,1,0,充足,1F-26
2026-10-02T02:00,1F,2,0,0,0,0,0,2,2,0,充足,1F-05・1F-06
2026-10-02T02:00,2F,3,0,0,0,1,0,2,2,0,充足,2F-03・2F-04
2026-10-02T02:00,3F,2,2,0,0,0,2,2,2,0,充足,1F-25・2F-24
2026-10-02T02:00,統括,2,0,0,0,1,0,1,1,0,充足,1F-26
2026-10-02T02:30,1F,2,0,0,0,0,0,2,2,0,充足,1F-05・1F-06
2026-10-02T02:30,2F,3,0,0,0,1,0,2,2,0,充足,2F-03・2F-04
2026-10-02T02:30,3F,2,2,0,0,0,2,2,2,0,充足,1F-25・2F-24
2026-10-02T02:30,統括,2,0,0,0,1,0,1,1,0,充足,1F-26
2026-10-02T03:00,1F,2,0,0,0,0,0,2,2,0,充足,1F-05・1F-06
2026-10-02T03:00,2F,3,0,0,0,1,0,2,2,0,充足,2F-03・2F-04
2026-10-02T03:00,3F,2,1,0,0,0,1,2,2,0,充足,2F-24・3F-03
2026-10-02T03:00,統括,2,1,0,0,0,0,1,1,0,充足,1F-26
2026-10-02T03:30,1F,2,0,0,0,0,0,2,2,0,充足,1F-05・1F-06
2026-10-02T03:30,2F,3,0,0,0,1,0,2,2,0,充足,2F-03・2F-04
2026-10-02T03:30,3F,2,1,0,0,0,1,2,2,0,充足,2F-24・3F-03
2026-10-02T03:30,統括,2,1,0,0,0,0,1,1,0,充足,1F-26
2026-10-02T04:00,1F,2,0,0,0,0,0,2,2,0,充足,1F-05・1F-06
2026-10-02T04:00,2F,2,0,0,0,0,0,2,2,0,充足,2F-03・2F-04
2026-10-02T04:00,3F,2,0,0,0,0,0,2,2,0,充足,3F-03・3F-04
2026-10-02T04:00,統括,2,1,0,0,0,0,1,1,0,充足,1F-26
2026-10-02T04:30,1F,2,0,0,0,0,0,2,2,0,充足,1F-05・1F-06
2026-10-02T04:30,2F,2,0,0,0,0,0,2,2,0,充足,2F-03・2F-04
2026-10-02T04:30,3F,2,0,0,0,0,0,2,2,0,充足,3F-03・3F-04
2026-10-02T04:30,統括,2,1,0,0,0,0,1,1,0,充足,1F-26
2026-10-02T05:00,1F,2,0,0,0,0,0,2,2,0,充足,1F-05・1F-06
2026-10-02T05:00,2F,2,0,0,0,0,0,2,2,0,充足,2F-03・2F-04
2026-10-02T05:00,3F,2,0,0,0,0,0,2,2,0,充足,3F-03・3F-04
2026-10-02T05:00,統括,2,1,0,0,0,0,1,1,0,充足,1F-25
2026-10-02T05:30,1F,2,0,0,0,0,0,2,2,0,充足,1F-05・1F-06
2026-10-02T05:30,2F,2,0,0,0,0,0,2,2,0,充足,2F-03・2F-04
2026-10-02T05:30,3F,2,0,0,0,0,0,2,2,0,充足,3F-03・3F-04
2026-10-02T05:30,統括,2,1,0,0,0,0,1,1,0,充足,1F-25
2026-10-02T06:00,1F,2,0,0,0,0,0,2,2,0,充足,1F-05・1F-06
2026-10-02T06:00,2F,2,0,0,0,0,0,2,2,0,充足,2F-03・2F-04
2026-10-02T06:00,3F,2,0,0,0,0,0,2,2,0,充足,3F-03・3F-04
2026-10-02T06:00,統括,2,1,0,0,0,0,1,1,0,充足,1F-25
2026-10-02T06:30,1F,2,0,0,0,0,0,2,2,0,充足,1F-05・1F-06
2026-10-02T06:30,2F,2,0,0,0,0,0,2,2,0,充足,2F-03・2F-04
2026-10-02T06:30,3F,2,0,0,0,0,0,2,2,0,充足,3F-03・3F-04
2026-10-02T06:30,統括,2,1,0,0,0,0,1,1,0,充足,1F-25
2026-10-02T07:00,1F,7,0,0,0,0,0,7,4,0,充足,1F-05・1F-06・1F-11・1F-12・1F-13・1F-14・1F-15
2026-10-02T07:00,2F,7,0,0,0,0,0,7,4,0,充足,2F-03・2F-04・2F-07・2F-08・2F-09・2F-10・2F-11
2026-10-02T07:00,3F,7,0,0,0,0,0,7,4,0,充足,3F-03・3F-04・3F-07・3F-08・3F-09・3F-10・3F-11
2026-10-02T07:00,統括,2,0,0,0,0,0,2,0,0,充足,1F-25・1F-26
2026-10-02T07:30,1F,7,0,0,0,0,0,7,4,0,充足,1F-05・1F-06・1F-11・1F-12・1F-13・1F-14・1F-15
2026-10-02T07:30,2F,7,0,0,0,0,0,7,4,0,充足,2F-03・2F-04・2F-07・2F-08・2F-09・2F-10・2F-11
2026-10-02T07:30,3F,7,0,0,0,0,0,7,4,0,充足,3F-03・3F-04・3F-07・3F-08・3F-09・3F-10・3F-11
2026-10-02T07:30,統括,2,0,0,0,0,0,2,0,0,充足,1F-25・1F-26
2026-10-02T08:00,1F,7,0,0,0,0,0,7,4,0,充足,1F-05・1F-06・1F-11・1F-12・1F-13・1F-14・1F-15
2026-10-02T08:00,2F,7,0,0,0,0,0,7,4,0,充足,2F-03・2F-04・2F-07・2F-08・2F-09・2F-10・2F-11
2026-10-02T08:00,3F,7,0,0,0,0,0,7,4,0,充足,3F-03・3F-04・3F-07・3F-08・3F-09・3F-10・3F-11
2026-10-02T08:00,統括,2,0,0,0,0,0,2,0,0,充足,1F-25・1F-26
2026-10-02T08:30,1F,8,0,0,0,0,0,8,4,0,充足,1F-05・1F-06・1F-11・1F-12・1F-13・1F-14・1F-15・1F-31
2026-10-02T08:30,2F,7,0,0,0,0,0,7,4,0,充足,2F-03・2F-04・2F-07・2F-08・2F-09・2F-10・2F-11
2026-10-02T08:30,3F,7,0,0,0,0,0,7,4,0,充足,3F-03・3F-04・3F-07・3F-08・3F-09・3F-10・3F-11
2026-10-02T08:30,統括,2,0,0,0,0,0,2,0,0,充足,1F-25・1F-26
2026-10-02T09:00,1F,6,0,0,0,0,0,6,4,0,充足,1F-11・1F-12・1F-13・1F-14・1F-15・1F-31
2026-10-02T09:00,2F,5,0,0,0,0,0,5,4,0,充足,2F-07・2F-08・2F-09・2F-10・2F-11
2026-10-02T09:00,3F,5,0,0,0,0,0,5,4,0,充足,3F-07・3F-08・3F-09・3F-10・3F-11
2026-10-02T09:00,統括,0,0,0,0,0,0,0,0,0,充足,
2026-10-02T09:30,1F,6,0,0,0,0,0,6,4,0,充足,1F-11・1F-12・1F-13・1F-14・1F-15・1F-31
2026-10-02T09:30,2F,5,0,0,0,0,0,5,4,0,充足,2F-07・2F-08・2F-09・2F-10・2F-11
2026-10-02T09:30,3F,5,0,0,0,0,0,5,4,0,充足,3F-07・3F-08・3F-09・3F-10・3F-11
2026-10-02T09:30,統括,0,0,0,0,0,0,0,0,0,充足,
2026-10-02T10:00,1F,11,0,1,0,0,0,10,4,0,充足,1F-12・1F-13・1F-14・1F-15・1F-16・1F-27・1F-28・1F-29・1F-30・1F-31
2026-10-02T10:00,2F,10,0,1,0,0,0,9,4,0,充足,2F-08・2F-09・2F-10・2F-11・2F-12・2F-13・2F-14・2F-15・2F-16
2026-10-02T10:00,3F,10,0,1,0,0,0,9,4,0,充足,3F-08・3F-09・3F-10・3F-11・3F-12・3F-13・3F-14・3F-15・3F-16
2026-10-02T10:00,統括,0,0,0,0,0,0,0,0,0,充足,
2026-10-02T10:30,1F,11,0,1,0,0,0,10,4,0,充足,1F-12・1F-13・1F-14・1F-15・1F-16・1F-27・1F-28・1F-29・1F-30・1F-31
2026-10-02T10:30,2F,10,0,1,0,0,0,9,4,0,充足,2F-08・2F-09・2F-10・2F-11・2F-12・2F-13・2F-14・2F-15・2F-16
2026-10-02T10:30,3F,10,0,1,0,0,0,9,4,0,充足,3F-08・3F-09・3F-10・3F-11・3F-12・3F-13・3F-14・3F-15・3F-16
2026-10-02T10:30,統括,0,0,0,0,0,0,0,0,0,充足,
2026-10-02T11:00,1F,11,5,0,0,0,0,6,4,0,充足,1F-16・1F-27・1F-28・1F-29・1F-30・1F-31
2026-10-02T11:00,2F,10,5,0,0,0,0,5,4,0,充足,2F-12・2F-13・2F-14・2F-15・2F-16
2026-10-02T11:00,3F,10,5,0,0,0,0,5,4,0,充足,3F-12・3F-13・3F-14・3F-15・3F-16
2026-10-02T11:00,統括,0,0,0,0,0,0,0,0,0,充足,
2026-10-02T11:30,1F,11,5,0,0,0,0,6,4,0,充足,1F-16・1F-27・1F-28・1F-29・1F-30・1F-31
2026-10-02T11:30,2F,10,5,0,0,0,0,5,4,0,充足,2F-12・2F-13・2F-14・2F-15・2F-16
2026-10-02T11:30,3F,10,5,0,0,0,0,5,4,0,充足,3F-12・3F-13・3F-14・3F-15・3F-16
2026-10-02T11:30,統括,0,0,0,0,0,0,0,0,0,充足,
2026-10-02T12:00,1F,11,1,0,0,0,0,10,4,0,充足,1F-11・1F-12・1F-13・1F-14・1F-15・1F-16・1F-27・1F-28・1F-29・1F-30
2026-10-02T12:00,2F,10,0,0,0,0,0,10,4,0,充足,2F-07・2F-08・2F-09・2F-10・2F-11・2F-12・2F-13・2F-14・2F-15・2F-16
2026-10-02T12:00,3F,10,0,0,0,0,0,10,4,0,充足,3F-07・3F-08・3F-09・3F-10・3F-11・3F-12・3F-13・3F-14・3F-15・3F-16
2026-10-02T12:00,統括,0,0,0,0,0,0,0,0,0,充足,
2026-10-02T12:30,1F,11,1,0,0,0,0,10,4,0,充足,1F-11・1F-12・1F-13・1F-14・1F-15・1F-16・1F-27・1F-28・1F-29・1F-30
2026-10-02T12:30,2F,10,0,0,0,0,0,10,4,0,充足,2F-07・2F-08・2F-09・2F-10・2F-11・2F-12・2F-13・2F-14・2F-15・2F-16
2026-10-02T12:30,3F,10,0,0,0,0,0,10,4,0,充足,3F-07・3F-08・3F-09・3F-10・3F-11・3F-12・3F-13・3F-14・3F-15・3F-16
2026-10-02T12:30,統括,0,0,0,0,0,0,0,0,0,充足,
2026-10-02T13:00,1F,11,5,0,0,0,0,6,4,0,充足,1F-11・1F-12・1F-13・1F-14・1F-15・1F-31
2026-10-02T13:00,2F,10,5,0,0,0,0,5,4,0,充足,2F-07・2F-08・2F-09・2F-10・2F-11
2026-10-02T13:00,3F,10,5,0,0,0,0,5,4,0,充足,3F-07・3F-08・3F-09・3F-10・3F-11
2026-10-02T13:00,統括,0,0,0,0,0,0,0,0,0,充足,
2026-10-02T13:30,1F,11,5,0,0,0,0,6,4,0,充足,1F-11・1F-12・1F-13・1F-14・1F-15・1F-31
2026-10-02T13:30,2F,10,5,0,0,0,0,5,4,0,充足,2F-07・2F-08・2F-09・2F-10・2F-11
2026-10-02T13:30,3F,10,5,0,0,0,0,5,4,0,充足,3F-07・3F-08・3F-09・3F-10・3F-11
2026-10-02T13:30,統括,0,0,0,0,0,0,0,0,0,充足,
2026-10-02T14:00,1F,11,0,0,0,0,0,11,4,0,充足,1F-11・1F-12・1F-13・1F-14・1F-15・1F-16・1F-27・1F-28・1F-29・1F-30・1F-31
2026-10-02T14:00,2F,10,0,0,0,0,0,10,4,0,充足,2F-07・2F-08・2F-09・2F-10・2F-11・2F-12・2F-13・2F-14・2F-15・2F-16
2026-10-02T14:00,3F,10,0,0,0,0,0,10,4,0,充足,3F-07・3F-08・3F-09・3F-10・3F-11・3F-12・3F-13・3F-14・3F-15・3F-16
2026-10-02T14:00,統括,0,0,0,0,0,0,0,0,0,充足,
2026-10-02T14:30,1F,11,0,0,0,0,0,11,4,0,充足,1F-11・1F-12・1F-13・1F-14・1F-15・1F-16・1F-27・1F-28・1F-29・1F-30・1F-31
2026-10-02T14:30,2F,10,0,0,0,0,0,10,4,0,充足,2F-07・2F-08・2F-09・2F-10・2F-11・2F-12・2F-13・2F-14・2F-15・2F-16
2026-10-02T14:30,3F,10,0,0,0,0,0,10,4,0,充足,3F-07・3F-08・3F-09・3F-10・3F-11・3F-12・3F-13・3F-14・3F-15・3F-16
2026-10-02T14:30,統括,0,0,0,0,0,0,0,0,0,充足,
2026-10-02T15:00,1F,11,0,1,0,0,0,10,4,0,充足,1F-11・1F-12・1F-13・1F-14・1F-15・1F-27・1F-28・1F-29・1F-30・1F-31
2026-10-02T15:00,2F,10,0,1,0,0,0,9,4,0,充足,2F-07・2F-08・2F-09・2F-10・2F-11・2F-13・2F-14・2F-15・2F-16
2026-10-02T15:00,3F,10,0,1,0,0,0,9,4,0,充足,3F-07・3F-08・3F-09・3F-10・3F-11・3F-13・3F-14・3F-15・3F-16
2026-10-02T15:00,統括,0,0,0,0,0,0,0,0,0,充足,
2026-10-02T15:30,1F,11,0,1,0,0,0,10,4,0,充足,1F-11・1F-12・1F-13・1F-14・1F-15・1F-27・1F-28・1F-29・1F-30・1F-31
2026-10-02T15:30,2F,10,0,1,0,0,0,9,4,0,充足,2F-07・2F-08・2F-09・2F-10・2F-11・2F-13・2F-14・2F-15・2F-16
2026-10-02T15:30,3F,10,0,1,0,0,0,9,4,0,充足,3F-07・3F-08・3F-09・3F-10・3F-11・3F-13・3F-14・3F-15・3F-16
2026-10-02T15:30,統括,0,0,0,0,0,0,0,0,0,充足,
2026-10-02T16:00,1F,8,0,0,0,0,0,8,4,0,充足,1F-07・1F-08・1F-16・1F-27・1F-28・1F-29・1F-30・1F-31
2026-10-02T16:00,2F,7,0,0,0,0,0,7,4,0,充足,2F-05・2F-06・2F-12・2F-13・2F-14・2F-15・2F-16
2026-10-02T16:00,3F,7,0,0,0,0,0,7,4,0,充足,3F-05・3F-06・3F-12・3F-13・3F-14・3F-15・3F-16
2026-10-02T16:00,統括,2,0,0,0,0,0,2,0,0,充足,1F-01・1F-02
2026-10-02T16:30,1F,8,2,0,0,0,0,6,4,0,充足,1F-16・1F-27・1F-28・1F-29・1F-30・1F-31
2026-10-02T16:30,2F,7,2,0,0,0,0,5,4,0,充足,2F-12・2F-13・2F-14・2F-15・2F-16
2026-10-02T16:30,3F,7,0,0,0,0,0,7,4,0,充足,3F-05・3F-06・3F-12・3F-13・3F-14・3F-15・3F-16
2026-10-02T16:30,統括,2,0,0,0,0,0,2,0,0,充足,1F-01・1F-02
2026-10-02T17:00,1F,8,2,0,0,0,0,6,4,0,充足,1F-16・1F-27・1F-28・1F-29・1F-30・1F-31
2026-10-02T17:00,2F,7,2,0,0,0,0,5,4,0,充足,2F-12・2F-13・2F-14・2F-15・2F-16
2026-10-02T17:00,3F,7,0,0,0,0,0,7,4,0,充足,3F-05・3F-06・3F-12・3F-13・3F-14・3F-15・3F-16
2026-10-02T17:00,統括,2,0,0,0,0,0,2,0,0,充足,1F-01・1F-02
2026-10-02T17:30,1F,7,0,0,0,0,0,7,4,0,充足,1F-07・1F-08・1F-16・1F-27・1F-28・1F-29・1F-30
2026-10-02T17:30,2F,7,0,0,0,0,0,7,4,0,充足,2F-05・2F-06・2F-12・2F-13・2F-14・2F-15・2F-16
2026-10-02T17:30,3F,7,2,0,0,0,0,5,4,0,充足,3F-12・3F-13・3F-14・3F-15・3F-16
2026-10-02T17:30,統括,2,2,0,0,0,0,0,0,0,充足,
2026-10-02T18:00,1F,7,0,0,0,0,0,7,4,0,充足,1F-07・1F-08・1F-16・1F-27・1F-28・1F-29・1F-30
2026-10-02T18:00,2F,7,0,0,0,0,0,7,4,0,充足,2F-05・2F-06・2F-12・2F-13・2F-14・2F-15・2F-16
2026-10-02T18:00,3F,7,2,0,0,0,0,5,4,0,充足,3F-12・3F-13・3F-14・3F-15・3F-16
2026-10-02T18:00,統括,2,2,0,0,0,0,0,0,0,充足,
2026-10-02T18:30,1F,7,0,0,0,0,0,7,4,0,充足,1F-07・1F-08・1F-16・1F-27・1F-28・1F-29・1F-30
2026-10-02T18:30,2F,7,0,0,0,0,0,7,4,0,充足,2F-05・2F-06・2F-12・2F-13・2F-14・2F-15・2F-16
2026-10-02T18:30,3F,7,0,0,0,0,0,7,4,0,充足,3F-05・3F-06・3F-12・3F-13・3F-14・3F-15・3F-16
2026-10-02T18:30,統括,2,0,0,0,0,0,2,0,0,充足,1F-01・1F-02
2026-10-02T19:00,1F,2,0,0,0,0,0,2,2,0,充足,1F-07・1F-08
2026-10-02T19:00,2F,2,0,0,0,0,0,2,2,0,充足,2F-05・2F-06
2026-10-02T19:00,3F,2,0,0,0,0,0,2,2,0,充足,3F-05・3F-06
2026-10-02T19:00,統括,2,0,0,0,0,0,2,1,0,充足,1F-01・1F-02
2026-10-02T19:30,1F,2,0,0,0,0,0,2,2,0,充足,1F-07・1F-08
2026-10-02T19:30,2F,2,0,0,0,0,0,2,2,0,充足,2F-05・2F-06
2026-10-02T19:30,3F,2,0,0,0,0,0,2,2,0,充足,3F-05・3F-06
2026-10-02T19:30,統括,2,0,0,0,0,0,2,1,0,充足,1F-01・1F-02
2026-10-02T20:00,1F,2,0,0,0,0,0,2,2,0,充足,1F-07・1F-08
2026-10-02T20:00,2F,2,0,0,0,0,0,2,2,0,充足,2F-05・2F-06
2026-10-02T20:00,3F,2,0,0,0,0,0,2,2,0,充足,3F-05・3F-06
2026-10-02T20:00,統括,2,0,0,0,0,0,2,1,0,充足,1F-01・1F-02
2026-10-02T20:30,1F,2,0,0,0,0,0,2,2,0,充足,1F-07・1F-08
2026-10-02T20:30,2F,2,0,0,0,0,0,2,2,0,充足,2F-05・2F-06
2026-10-02T20:30,3F,2,0,0,0,0,0,2,2,0,充足,3F-05・3F-06
2026-10-02T20:30,統括,2,0,0,0,0,0,2,1,0,充足,1F-01・1F-02
2026-10-02T21:00,1F,2,1,0,0,0,1,2,2,0,充足,1F-01・1F-08
2026-10-02T21:00,2F,2,0,0,0,0,0,2,2,0,充足,2F-05・2F-06
2026-10-02T21:00,3F,2,0,0,0,0,0,2,2,0,充足,3F-05・3F-06
2026-10-02T21:00,統括,2,0,0,0,1,0,1,1,0,充足,1F-02
2026-10-02T21:30,1F,2,1,0,0,0,1,2,2,0,充足,1F-01・1F-08
2026-10-02T21:30,2F,2,0,0,0,0,0,2,2,0,充足,2F-05・2F-06
2026-10-02T21:30,3F,2,0,0,0,0,0,2,2,0,充足,3F-05・3F-06
2026-10-02T21:30,統括,2,0,0,0,1,0,1,1,0,充足,1F-02
2026-10-02T22:00,1F,3,2,0,0,1,2,2,2,0,充足,1F-01・1F-23
2026-10-02T22:00,2F,2,0,0,0,0,0,2,2,0,充足,2F-05・2F-06
2026-10-02T22:00,3F,2,0,0,0,0,0,2,2,0,充足,3F-05・3F-06
2026-10-02T22:00,統括,2,0,0,0,1,0,1,1,0,充足,1F-02
2026-10-02T22:30,1F,3,2,0,0,1,2,2,2,0,充足,1F-01・1F-23
2026-10-02T22:30,2F,2,0,0,0,0,0,2,2,0,充足,2F-05・2F-06
2026-10-02T22:30,3F,2,0,0,0,0,0,2,2,0,充足,3F-05・3F-06
2026-10-02T22:30,統括,2,0,0,0,1,0,1,1,0,充足,1F-02
2026-10-02T23:00,1F,3,1,0,0,1,1,2,2,0,充足,1F-07・1F-23
2026-10-02T23:00,2F,2,1,0,0,0,1,2,2,0,充足,1F-01・2F-06
2026-10-02T23:00,3F,2,0,0,0,0,0,2,2,0,充足,3F-05・3F-06
2026-10-02T23:00,統括,2,0,0,0,1,0,1,1,0,充足,1F-02
2026-10-02T23:30,1F,3,1,0,0,1,1,2,2,0,充足,1F-07・1F-23
2026-10-02T23:30,2F,2,1,0,0,0,1,2,2,0,充足,1F-01・2F-06
2026-10-02T23:30,3F,2,0,0,0,0,0,2,2,0,充足,3F-05・3F-06
2026-10-02T23:30,統括,2,0,0,0,1,0,1,1,0,充足,1F-02
2026-10-03T00:00,1F,3,0,0,0,1,0,2,2,0,充足,1F-07・1F-08
2026-10-03T00:00,2F,2,2,0,0,0,2,2,2,0,充足,1F-01・1F-23
2026-10-03T00:00,3F,2,0,0,0,0,0,2,2,0,充足,3F-05・3F-06
2026-10-03T00:00,統括,2,0,0,0,1,0,1,1,0,充足,1F-02
2026-10-03T00:30,1F,3,0,0,0,1,0,2,2,0,充足,1F-07・1F-08
2026-10-03T00:30,2F,2,2,0,0,0,2,2,2,0,充足,1F-01・1F-23
2026-10-03T00:30,3F,2,0,0,0,0,0,2,2,0,充足,3F-05・3F-06
2026-10-03T00:30,統括,2,0,0,0,1,0,1,1,0,充足,1F-02
2026-10-03T01:00,1F,2,0,0,0,0,0,2,2,0,充足,1F-07・1F-08
2026-10-03T01:00,2F,3,1,0,0,1,1,2,2,0,充足,2F-05・2F-24
2026-10-03T01:00,3F,2,1,0,0,0,1,2,2,0,充足,1F-01・3F-06
2026-10-03T01:00,統括,2,0,0,0,1,0,1,1,0,充足,1F-02
2026-10-03T01:30,1F,2,0,0,0,0,0,2,2,0,充足,1F-07・1F-08
2026-10-03T01:30,2F,3,1,0,0,1,1,2,2,0,充足,2F-05・2F-24
2026-10-03T01:30,3F,2,1,0,0,0,1,2,2,0,充足,1F-01・3F-06
2026-10-03T01:30,統括,2,0,0,0,1,0,1,1,0,充足,1F-02
2026-10-03T02:00,1F,2,0,0,0,0,0,2,2,0,充足,1F-07・1F-08
2026-10-03T02:00,2F,3,0,0,0,1,0,2,2,0,充足,2F-05・2F-06
2026-10-03T02:00,3F,2,2,0,0,0,2,2,2,0,充足,1F-01・2F-24
2026-10-03T02:00,統括,2,0,0,0,1,0,1,1,0,充足,1F-02
2026-10-03T02:30,1F,2,0,0,0,0,0,2,2,0,充足,1F-07・1F-08
2026-10-03T02:30,2F,3,0,0,0,1,0,2,2,0,充足,2F-05・2F-06
2026-10-03T02:30,3F,2,2,0,0,0,2,2,2,0,充足,1F-01・2F-24
2026-10-03T02:30,統括,2,0,0,0,1,0,1,1,0,充足,1F-02
2026-10-03T03:00,1F,2,0,0,0,0,0,2,2,0,充足,1F-07・1F-08
2026-10-03T03:00,2F,3,0,0,0,1,0,2,2,0,充足,2F-05・2F-06
2026-10-03T03:00,3F,2,1,0,0,0,1,2,2,0,充足,2F-24・3F-05
2026-10-03T03:00,統括,2,1,0,0,0,0,1,1,0,充足,1F-02
2026-10-03T03:30,1F,2,0,0,0,0,0,2,2,0,充足,1F-07・1F-08
2026-10-03T03:30,2F,3,0,0,0,1,0,2,2,0,充足,2F-05・2F-06
2026-10-03T03:30,3F,2,1,0,0,0,1,2,2,0,充足,2F-24・3F-05
2026-10-03T03:30,統括,2,1,0,0,0,0,1,1,0,充足,1F-02
2026-10-03T04:00,1F,2,0,0,0,0,0,2,2,0,充足,1F-07・1F-08
2026-10-03T04:00,2F,2,0,0,0,0,0,2,2,0,充足,2F-05・2F-06
2026-10-03T04:00,3F,2,0,0,0,0,0,2,2,0,充足,3F-05・3F-06
2026-10-03T04:00,統括,2,1,0,0,0,0,1,1,0,充足,1F-02
2026-10-03T04:30,1F,2,0,0,0,0,0,2,2,0,充足,1F-07・1F-08
2026-10-03T04:30,2F,2,0,0,0,0,0,2,2,0,充足,2F-05・2F-06
2026-10-03T04:30,3F,2,0,0,0,0,0,2,2,0,充足,3F-05・3F-06
2026-10-03T04:30,統括,2,1,0,0,0,0,1,1,0,充足,1F-02
2026-10-03T05:00,1F,2,0,0,0,0,0,2,2,0,充足,1F-07・1F-08
2026-10-03T05:00,2F,2,0,0,0,0,0,2,2,0,充足,2F-05・2F-06
2026-10-03T05:00,3F,2,0,0,0,0,0,2,2,0,充足,3F-05・3F-06
2026-10-03T05:00,統括,2,1,0,0,0,0,1,1,0,充足,1F-01
2026-10-03T05:30,1F,2,0,0,0,0,0,2,2,0,充足,1F-07・1F-08
2026-10-03T05:30,2F,2,0,0,0,0,0,2,2,0,充足,2F-05・2F-06
2026-10-03T05:30,3F,2,0,0,0,0,0,2,2,0,充足,3F-05・3F-06
2026-10-03T05:30,統括,2,1,0,0,0,0,1,1,0,充足,1F-01
2026-10-03T06:00,1F,2,0,0,0,0,0,2,2,0,充足,1F-07・1F-08
2026-10-03T06:00,2F,2,0,0,0,0,0,2,2,0,充足,2F-05・2F-06
2026-10-03T06:00,3F,2,0,0,0,0,0,2,2,0,充足,3F-05・3F-06
2026-10-03T06:00,統括,2,1,0,0,0,0,1,1,0,充足,1F-01
2026-10-03T06:30,1F,2,0,0,0,0,0,2,2,0,充足,1F-07・1F-08
2026-10-03T06:30,2F,2,0,0,0,0,0,2,2,0,充足,2F-05・2F-06
2026-10-03T06:30,3F,2,0,0,0,0,0,2,2,0,充足,3F-05・3F-06
2026-10-03T06:30,統括,2,1,0,0,0,0,1,1,0,充足,1F-01
2026-10-03T07:00,1F,7,0,0,0,0,0,7,4,0,充足,1F-07・1F-08・1F-32・1F-33・1F-34・1F-35・1F-36
2026-10-03T07:00,2F,7,0,0,0,0,0,7,4,0,充足,2F-01・2F-02・2F-03・2F-04・2F-05・2F-06・2F-25
2026-10-03T07:00,3F,7,0,0,0,0,0,7,4,0,充足,3F-01・3F-02・3F-03・3F-04・3F-05・3F-06・3F-09
2026-10-03T07:00,統括,2,0,0,0,0,0,2,0,0,充足,1F-01・1F-02
2026-10-03T07:30,1F,7,0,0,0,0,0,7,4,0,充足,1F-07・1F-08・1F-32・1F-33・1F-34・1F-35・1F-36
2026-10-03T07:30,2F,7,0,0,0,0,0,7,4,0,充足,2F-01・2F-02・2F-03・2F-04・2F-05・2F-06・2F-25
2026-10-03T07:30,3F,7,0,0,0,0,0,7,4,0,充足,3F-01・3F-02・3F-03・3F-04・3F-05・3F-06・3F-09
2026-10-03T07:30,統括,2,0,0,0,0,0,2,0,0,充足,1F-01・1F-02
2026-10-03T08:00,1F,7,0,0,0,0,0,7,4,0,充足,1F-07・1F-08・1F-32・1F-33・1F-34・1F-35・1F-36
2026-10-03T08:00,2F,7,0,0,0,0,0,7,4,0,充足,2F-01・2F-02・2F-03・2F-04・2F-05・2F-06・2F-25
2026-10-03T08:00,3F,7,0,0,0,0,0,7,4,0,充足,3F-01・3F-02・3F-03・3F-04・3F-05・3F-06・3F-09
2026-10-03T08:00,統括,2,0,0,0,0,0,2,0,0,充足,1F-01・1F-02
2026-10-03T08:30,1F,7,0,0,0,0,0,7,4,0,充足,1F-07・1F-08・1F-32・1F-33・1F-34・1F-35・1F-36
2026-10-03T08:30,2F,7,0,0,0,0,0,7,4,0,充足,2F-01・2F-02・2F-03・2F-04・2F-05・2F-06・2F-25
2026-10-03T08:30,3F,7,0,0,0,0,0,7,4,0,充足,3F-01・3F-02・3F-03・3F-04・3F-05・3F-06・3F-09
2026-10-03T08:30,統括,2,0,0,0,0,0,2,0,0,充足,1F-01・1F-02
2026-10-03T09:00,1F,5,0,0,0,0,0,5,4,0,充足,1F-32・1F-33・1F-34・1F-35・1F-36
2026-10-03T09:00,2F,5,0,0,0,0,0,5,4,0,充足,2F-01・2F-02・2F-03・2F-04・2F-25
2026-10-03T09:00,3F,5,0,0,0,0,0,5,4,0,充足,3F-01・3F-02・3F-03・3F-04・3F-09
2026-10-03T09:00,統括,0,0,0,0,0,0,0,0,0,充足,
2026-10-03T09:30,1F,5,0,0,0,0,0,5,4,0,充足,1F-32・1F-33・1F-34・1F-35・1F-36
2026-10-03T09:30,2F,5,0,0,0,0,0,5,4,0,充足,2F-01・2F-02・2F-03・2F-04・2F-25
2026-10-03T09:30,3F,5,0,0,0,0,0,5,4,0,充足,3F-01・3F-02・3F-03・3F-04・3F-09
2026-10-03T09:30,統括,0,0,0,0,0,0,0,0,0,充足,
2026-10-03T10:00,1F,10,0,1,0,0,0,9,4,0,充足,1F-33・1F-34・1F-35・1F-36・1F-37・1F-38・1F-39・1F-40・1F-41
2026-10-03T10:00,2F,10,0,1,0,0,0,9,4,0,充足,2F-01・2F-02・2F-03・2F-04・2F-09・2F-10・2F-11・2F-12・2F-13
2026-10-03T10:00,3F,10,0,1,0,0,0,9,4,0,充足,3F-02・3F-03・3F-04・3F-09・3F-10・3F-11・3F-12・3F-13・3F-14
2026-10-03T10:00,統括,0,0,0,0,0,0,0,0,0,充足,
2026-10-03T10:30,1F,10,0,1,0,0,0,9,4,0,充足,1F-33・1F-34・1F-35・1F-36・1F-37・1F-38・1F-39・1F-40・1F-41
2026-10-03T10:30,2F,10,0,1,0,0,0,9,4,0,充足,2F-01・2F-02・2F-03・2F-04・2F-09・2F-10・2F-11・2F-12・2F-13
2026-10-03T10:30,3F,10,0,1,0,0,0,9,4,0,充足,3F-02・3F-03・3F-04・3F-09・3F-10・3F-11・3F-12・3F-13・3F-14
2026-10-03T10:30,統括,0,0,0,0,0,0,0,0,0,充足,
2026-10-03T11:00,1F,10,5,0,0,0,0,5,4,0,充足,1F-37・1F-38・1F-39・1F-40・1F-41
2026-10-03T11:00,2F,10,5,0,0,0,0,5,4,0,充足,2F-09・2F-10・2F-11・2F-12・2F-13
2026-10-03T11:00,3F,10,5,0,0,0,0,5,4,0,充足,3F-10・3F-11・3F-12・3F-13・3F-14
2026-10-03T11:00,統括,0,0,0,0,0,0,0,0,0,充足,
2026-10-03T11:30,1F,10,5,0,0,0,0,5,4,0,充足,1F-37・1F-38・1F-39・1F-40・1F-41
2026-10-03T11:30,2F,10,5,0,0,0,0,5,4,0,充足,2F-09・2F-10・2F-11・2F-12・2F-13
2026-10-03T11:30,3F,10,5,0,0,0,0,5,4,0,充足,3F-10・3F-11・3F-12・3F-13・3F-14
2026-10-03T11:30,統括,0,0,0,0,0,0,0,0,0,充足,
2026-10-03T12:00,1F,10,0,0,0,0,0,10,4,0,充足,1F-32・1F-33・1F-34・1F-35・1F-36・1F-37・1F-38・1F-39・1F-40・1F-41
2026-10-03T12:00,2F,10,0,0,0,0,0,10,4,0,充足,2F-01・2F-02・2F-03・2F-04・2F-09・2F-10・2F-11・2F-12・2F-13・2F-25
2026-10-03T12:00,3F,10,0,0,0,0,0,10,4,0,充足,3F-01・3F-02・3F-03・3F-04・3F-09・3F-10・3F-11・3F-12・3F-13・3F-14
2026-10-03T12:00,統括,0,0,0,0,0,0,0,0,0,充足,
2026-10-03T12:30,1F,10,0,0,0,0,0,10,4,0,充足,1F-32・1F-33・1F-34・1F-35・1F-36・1F-37・1F-38・1F-39・1F-40・1F-41
2026-10-03T12:30,2F,10,0,0,0,0,0,10,4,0,充足,2F-01・2F-02・2F-03・2F-04・2F-09・2F-10・2F-11・2F-12・2F-13・2F-25
2026-10-03T12:30,3F,10,0,0,0,0,0,10,4,0,充足,3F-01・3F-02・3F-03・3F-04・3F-09・3F-10・3F-11・3F-12・3F-13・3F-14
2026-10-03T12:30,統括,0,0,0,0,0,0,0,0,0,充足,
2026-10-03T13:00,1F,10,5,0,0,0,0,5,4,0,充足,1F-32・1F-33・1F-34・1F-35・1F-36
2026-10-03T13:00,2F,10,5,0,0,0,0,5,4,0,充足,2F-01・2F-02・2F-03・2F-04・2F-25
2026-10-03T13:00,3F,10,5,0,0,0,0,5,4,0,充足,3F-01・3F-02・3F-03・3F-04・3F-09
2026-10-03T13:00,統括,0,0,0,0,0,0,0,0,0,充足,
2026-10-03T13:30,1F,10,5,0,0,0,0,5,4,0,充足,1F-32・1F-33・1F-34・1F-35・1F-36
2026-10-03T13:30,2F,10,5,0,0,0,0,5,4,0,充足,2F-01・2F-02・2F-03・2F-04・2F-25
2026-10-03T13:30,3F,10,5,0,0,0,0,5,4,0,充足,3F-01・3F-02・3F-03・3F-04・3F-09
2026-10-03T13:30,統括,0,0,0,0,0,0,0,0,0,充足,
2026-10-03T14:00,1F,10,0,0,0,0,0,10,4,0,充足,1F-32・1F-33・1F-34・1F-35・1F-36・1F-37・1F-38・1F-39・1F-40・1F-41
2026-10-03T14:00,2F,10,0,0,0,0,0,10,4,0,充足,2F-01・2F-02・2F-03・2F-04・2F-09・2F-10・2F-11・2F-12・2F-13・2F-25
2026-10-03T14:00,3F,11,0,0,0,0,0,11,4,0,充足,3F-01・3F-02・3F-03・3F-04・3F-09・3F-10・3F-11・3F-12・3F-13・3F-14・3F-18
2026-10-03T14:00,統括,0,0,0,0,0,0,0,0,0,充足,
2026-10-03T14:30,1F,10,0,0,0,0,0,10,4,0,充足,1F-32・1F-33・1F-34・1F-35・1F-36・1F-37・1F-38・1F-39・1F-40・1F-41
2026-10-03T14:30,2F,10,0,0,0,0,0,10,4,0,充足,2F-01・2F-02・2F-03・2F-04・2F-09・2F-10・2F-11・2F-12・2F-13・2F-25
2026-10-03T14:30,3F,11,0,0,0,0,0,11,4,0,充足,3F-01・3F-02・3F-03・3F-04・3F-09・3F-10・3F-11・3F-12・3F-13・3F-14・3F-18
2026-10-03T14:30,統括,0,0,0,0,0,0,0,0,0,充足,
2026-10-03T15:00,1F,10,0,1,0,0,0,9,4,0,充足,1F-32・1F-33・1F-34・1F-35・1F-36・1F-38・1F-39・1F-40・1F-41
2026-10-03T15:00,2F,10,0,1,0,0,0,9,4,0,充足,2F-01・2F-02・2F-03・2F-04・2F-10・2F-11・2F-12・2F-13・2F-25
2026-10-03T15:00,3F,11,0,1,0,0,0,10,4,0,充足,3F-01・3F-02・3F-03・3F-04・3F-09・3F-11・3F-12・3F-13・3F-14・3F-18
2026-10-03T15:00,統括,0,0,0,0,0,0,0,0,0,充足,
2026-10-03T15:30,1F,10,0,1,0,0,0,9,4,0,充足,1F-32・1F-33・1F-34・1F-35・1F-36・1F-38・1F-39・1F-40・1F-41
2026-10-03T15:30,2F,10,0,1,0,0,0,9,4,0,充足,2F-01・2F-02・2F-03・2F-04・2F-10・2F-11・2F-12・2F-13・2F-25
2026-10-03T15:30,3F,11,0,1,0,0,0,10,4,0,充足,3F-01・3F-02・3F-03・3F-04・3F-09・3F-11・3F-12・3F-13・3F-14・3F-18
2026-10-03T15:30,統括,0,0,0,0,0,0,0,0,0,充足,
2026-10-03T16:00,1F,7,0,0,0,0,0,7,4,0,充足,1F-09・1F-10・1F-37・1F-38・1F-39・1F-40・1F-41
2026-10-03T16:00,2F,7,0,0,0,0,0,7,4,0,充足,2F-07・2F-08・2F-09・2F-10・2F-11・2F-12・2F-13
2026-10-03T16:00,3F,8,0,0,0,0,0,8,4,0,充足,3F-07・3F-08・3F-10・3F-11・3F-12・3F-13・3F-14・3F-18
2026-10-03T16:00,統括,2,0,0,0,0,0,2,0,0,充足,1F-03・1F-04
2026-10-03T16:30,1F,7,2,0,0,0,0,5,4,0,充足,1F-37・1F-38・1F-39・1F-40・1F-41
2026-10-03T16:30,2F,7,2,0,0,0,0,5,4,0,充足,2F-09・2F-10・2F-11・2F-12・2F-13
2026-10-03T16:30,3F,8,0,0,0,0,0,8,4,0,充足,3F-07・3F-08・3F-10・3F-11・3F-12・3F-13・3F-14・3F-18
2026-10-03T16:30,統括,2,0,0,0,0,0,2,0,0,充足,1F-03・1F-04
2026-10-03T17:00,1F,7,2,0,0,0,0,5,4,0,充足,1F-37・1F-38・1F-39・1F-40・1F-41
2026-10-03T17:00,2F,7,2,0,0,0,0,5,4,0,充足,2F-09・2F-10・2F-11・2F-12・2F-13
2026-10-03T17:00,3F,8,0,0,0,0,0,8,4,0,充足,3F-07・3F-08・3F-10・3F-11・3F-12・3F-13・3F-14・3F-18
2026-10-03T17:00,統括,2,0,0,0,0,0,2,0,0,充足,1F-03・1F-04
2026-10-03T17:30,1F,7,0,0,0,0,0,7,4,0,充足,1F-09・1F-10・1F-37・1F-38・1F-39・1F-40・1F-41
2026-10-03T17:30,2F,7,0,0,0,0,0,7,4,0,充足,2F-07・2F-08・2F-09・2F-10・2F-11・2F-12・2F-13
2026-10-03T17:30,3F,8,2,0,0,0,0,6,4,0,充足,3F-10・3F-11・3F-12・3F-13・3F-14・3F-18
2026-10-03T17:30,統括,2,2,0,0,0,0,0,0,0,充足,
2026-10-03T18:00,1F,7,0,0,0,0,0,7,4,0,充足,1F-09・1F-10・1F-37・1F-38・1F-39・1F-40・1F-41
2026-10-03T18:00,2F,7,0,0,0,0,0,7,4,0,充足,2F-07・2F-08・2F-09・2F-10・2F-11・2F-12・2F-13
2026-10-03T18:00,3F,8,2,0,0,0,0,6,4,0,充足,3F-10・3F-11・3F-12・3F-13・3F-14・3F-18
2026-10-03T18:00,統括,2,2,0,0,0,0,0,0,0,充足,
2026-10-03T18:30,1F,7,0,0,0,0,0,7,4,0,充足,1F-09・1F-10・1F-37・1F-38・1F-39・1F-40・1F-41
2026-10-03T18:30,2F,7,0,0,0,0,0,7,4,0,充足,2F-07・2F-08・2F-09・2F-10・2F-11・2F-12・2F-13
2026-10-03T18:30,3F,8,0,0,0,0,0,8,4,0,充足,3F-07・3F-08・3F-10・3F-11・3F-12・3F-13・3F-14・3F-18
2026-10-03T18:30,統括,2,0,0,0,0,0,2,0,0,充足,1F-03・1F-04
2026-10-03T19:00,1F,2,0,0,0,0,0,2,2,0,充足,1F-09・1F-10
2026-10-03T19:00,2F,2,0,0,0,0,0,2,2,0,充足,2F-07・2F-08
2026-10-03T19:00,3F,2,0,0,0,0,0,2,2,0,充足,3F-07・3F-08
2026-10-03T19:00,統括,2,0,0,0,0,0,2,1,0,充足,1F-03・1F-04
2026-10-03T19:30,1F,2,0,0,0,0,0,2,2,0,充足,1F-09・1F-10
2026-10-03T19:30,2F,2,0,0,0,0,0,2,2,0,充足,2F-07・2F-08
2026-10-03T19:30,3F,2,0,0,0,0,0,2,2,0,充足,3F-07・3F-08
2026-10-03T19:30,統括,2,0,0,0,0,0,2,1,0,充足,1F-03・1F-04
2026-10-03T20:00,1F,2,0,0,0,0,0,2,2,0,充足,1F-09・1F-10
2026-10-03T20:00,2F,2,0,0,0,0,0,2,2,0,充足,2F-07・2F-08
2026-10-03T20:00,3F,2,0,0,0,0,0,2,2,0,充足,3F-07・3F-08
2026-10-03T20:00,統括,2,0,0,0,0,0,2,1,0,充足,1F-03・1F-04
2026-10-03T20:30,1F,2,0,0,0,0,0,2,2,0,充足,1F-09・1F-10
2026-10-03T20:30,2F,2,0,0,0,0,0,2,2,0,充足,2F-07・2F-08
2026-10-03T20:30,3F,2,0,0,0,0,0,2,2,0,充足,3F-07・3F-08
2026-10-03T20:30,統括,2,0,0,0,0,0,2,1,0,充足,1F-03・1F-04
2026-10-03T21:00,1F,2,1,0,0,0,1,2,2,0,充足,1F-03・1F-10
2026-10-03T21:00,2F,2,0,0,0,0,0,2,2,0,充足,2F-07・2F-08
2026-10-03T21:00,3F,2,0,0,0,0,0,2,2,0,充足,3F-07・3F-08
2026-10-03T21:00,統括,2,0,0,0,1,0,1,1,0,充足,1F-04
2026-10-03T21:30,1F,2,1,0,0,0,1,2,2,0,充足,1F-03・1F-10
2026-10-03T21:30,2F,2,0,0,0,0,0,2,2,0,充足,2F-07・2F-08
2026-10-03T21:30,3F,2,0,0,0,0,0,2,2,0,充足,3F-07・3F-08
2026-10-03T21:30,統括,2,0,0,0,1,0,1,1,0,充足,1F-04
2026-10-03T22:00,1F,3,2,0,0,1,2,2,2,0,充足,1F-03・1F-25
2026-10-03T22:00,2F,2,0,0,0,0,0,2,2,0,充足,2F-07・2F-08
2026-10-03T22:00,3F,2,0,0,0,0,0,2,2,0,充足,3F-07・3F-08
2026-10-03T22:00,統括,2,0,0,0,1,0,1,1,0,充足,1F-04
2026-10-03T22:30,1F,3,2,0,0,1,2,2,2,0,充足,1F-03・1F-25
2026-10-03T22:30,2F,2,0,0,0,0,0,2,2,0,充足,2F-07・2F-08
2026-10-03T22:30,3F,2,0,0,0,0,0,2,2,0,充足,3F-07・3F-08
2026-10-03T22:30,統括,2,0,0,0,1,0,1,1,0,充足,1F-04
2026-10-03T23:00,1F,3,1,0,0,1,1,2,2,0,充足,1F-09・1F-25
2026-10-03T23:00,2F,2,1,0,0,0,1,2,2,0,充足,1F-03・2F-08
2026-10-03T23:00,3F,2,0,0,0,0,0,2,2,0,充足,3F-07・3F-08
2026-10-03T23:00,統括,2,0,0,0,1,0,1,1,0,充足,1F-04
2026-10-03T23:30,1F,3,1,0,0,1,1,2,2,0,充足,1F-09・1F-25
2026-10-03T23:30,2F,2,1,0,0,0,1,2,2,0,充足,1F-03・2F-08
2026-10-03T23:30,3F,2,0,0,0,0,0,2,2,0,充足,3F-07・3F-08
2026-10-03T23:30,統括,2,0,0,0,1,0,1,1,0,充足,1F-04
2026-10-04T00:00,1F,3,0,0,0,1,0,2,2,0,充足,1F-09・1F-10
2026-10-04T00:00,2F,2,2,0,0,0,2,2,2,0,充足,1F-03・1F-25
2026-10-04T00:00,3F,2,0,0,0,0,0,2,2,0,充足,3F-07・3F-08
2026-10-04T00:00,統括,2,0,0,0,1,0,1,1,0,充足,1F-04
2026-10-04T00:30,1F,3,0,0,0,1,0,2,2,0,充足,1F-09・1F-10
2026-10-04T00:30,2F,2,2,0,0,0,2,2,2,0,充足,1F-03・1F-25
2026-10-04T00:30,3F,2,0,0,0,0,0,2,2,0,充足,3F-07・3F-08
2026-10-04T00:30,統括,2,0,0,0,1,0,1,1,0,充足,1F-04
2026-10-04T01:00,1F,2,0,0,0,0,0,2,2,0,充足,1F-09・1F-10
2026-10-04T01:00,2F,3,1,0,0,1,1,2,2,0,充足,1F-24・2F-07
2026-10-04T01:00,3F,2,1,0,0,0,1,2,2,0,充足,1F-03・3F-08
2026-10-04T01:00,統括,2,0,0,0,1,0,1,1,0,充足,1F-04
2026-10-04T01:30,1F,2,0,0,0,0,0,2,2,0,充足,1F-09・1F-10
2026-10-04T01:30,2F,3,1,0,0,1,1,2,2,0,充足,1F-24・2F-07
2026-10-04T01:30,3F,2,1,0,0,0,1,2,2,0,充足,1F-03・3F-08
2026-10-04T01:30,統括,2,0,0,0,1,0,1,1,0,充足,1F-04
2026-10-04T02:00,1F,2,0,0,0,0,0,2,2,0,充足,1F-09・1F-10
2026-10-04T02:00,2F,3,0,0,0,1,0,2,2,0,充足,2F-07・2F-08
2026-10-04T02:00,3F,2,2,0,0,0,2,2,2,0,充足,1F-03・1F-24
2026-10-04T02:00,統括,2,0,0,0,1,0,1,1,0,充足,1F-04
2026-10-04T02:30,1F,2,0,0,0,0,0,2,2,0,充足,1F-09・1F-10
2026-10-04T02:30,2F,3,0,0,0,1,0,2,2,0,充足,2F-07・2F-08
2026-10-04T02:30,3F,2,2,0,0,0,2,2,2,0,充足,1F-03・1F-24
2026-10-04T02:30,統括,2,0,0,0,1,0,1,1,0,充足,1F-04
2026-10-04T03:00,1F,2,0,0,0,0,0,2,2,0,充足,1F-09・1F-10
2026-10-04T03:00,2F,3,0,0,0,1,0,2,2,0,充足,2F-07・2F-08
2026-10-04T03:00,3F,2,1,0,0,0,1,2,2,0,充足,1F-24・3F-07
2026-10-04T03:00,統括,2,1,0,0,0,0,1,1,0,充足,1F-04
2026-10-04T03:30,1F,2,0,0,0,0,0,2,2,0,充足,1F-09・1F-10
2026-10-04T03:30,2F,3,0,0,0,1,0,2,2,0,充足,2F-07・2F-08
2026-10-04T03:30,3F,2,1,0,0,0,1,2,2,0,充足,1F-24・3F-07
2026-10-04T03:30,統括,2,1,0,0,0,0,1,1,0,充足,1F-04
2026-10-04T04:00,1F,2,0,0,0,0,0,2,2,0,充足,1F-09・1F-10
2026-10-04T04:00,2F,2,0,0,0,0,0,2,2,0,充足,2F-07・2F-08
2026-10-04T04:00,3F,2,0,0,0,0,0,2,2,0,充足,3F-07・3F-08
2026-10-04T04:00,統括,2,1,0,0,0,0,1,1,0,充足,1F-04
2026-10-04T04:30,1F,2,0,0,0,0,0,2,2,0,充足,1F-09・1F-10
2026-10-04T04:30,2F,2,0,0,0,0,0,2,2,0,充足,2F-07・2F-08
2026-10-04T04:30,3F,2,0,0,0,0,0,2,2,0,充足,3F-07・3F-08
2026-10-04T04:30,統括,2,1,0,0,0,0,1,1,0,充足,1F-04
2026-10-04T05:00,1F,2,0,0,0,0,0,2,2,0,充足,1F-09・1F-10
2026-10-04T05:00,2F,2,0,0,0,0,0,2,2,0,充足,2F-07・2F-08
2026-10-04T05:00,3F,2,0,0,0,0,0,2,2,0,充足,3F-07・3F-08
2026-10-04T05:00,統括,2,1,0,0,0,0,1,1,0,充足,1F-03
2026-10-04T05:30,1F,2,0,0,0,0,0,2,2,0,充足,1F-09・1F-10
2026-10-04T05:30,2F,2,0,0,0,0,0,2,2,0,充足,2F-07・2F-08
2026-10-04T05:30,3F,2,0,0,0,0,0,2,2,0,充足,3F-07・3F-08
2026-10-04T05:30,統括,2,1,0,0,0,0,1,1,0,充足,1F-03
2026-10-04T06:00,1F,2,0,0,0,0,0,2,2,0,充足,1F-09・1F-10
2026-10-04T06:00,2F,2,0,0,0,0,0,2,2,0,充足,2F-07・2F-08
2026-10-04T06:00,3F,2,0,0,0,0,0,2,2,0,充足,3F-07・3F-08
2026-10-04T06:00,統括,2,1,0,0,0,0,1,1,0,充足,1F-03
2026-10-04T06:30,1F,2,0,0,0,0,0,2,2,0,充足,1F-09・1F-10
2026-10-04T06:30,2F,2,0,0,0,0,0,2,2,0,充足,2F-07・2F-08
2026-10-04T06:30,3F,2,0,0,0,0,0,2,2,0,充足,3F-07・3F-08
2026-10-04T06:30,統括,2,1,0,0,0,0,1,1,0,充足,1F-03
2026-10-04T07:00,1F,7,0,0,0,0,0,7,4,0,充足,1F-05・1F-06・1F-07・1F-09・1F-10・1F-42・1F-43
2026-10-04T07:00,2F,7,0,0,0,0,0,7,4,0,充足,2F-05・2F-06・2F-07・2F-08・2F-14・2F-15・2F-16
2026-10-04T07:00,3F,7,0,0,0,0,0,7,4,0,充足,1F-31・3F-05・3F-06・3F-07・3F-08・3F-15・3F-16
2026-10-04T07:00,統括,2,0,0,0,0,0,2,0,0,充足,1F-03・1F-04
2026-10-04T07:30,1F,7,0,0,0,0,0,7,4,0,充足,1F-05・1F-06・1F-07・1F-09・1F-10・1F-42・1F-43
2026-10-04T07:30,2F,7,0,0,0,0,0,7,4,0,充足,2F-05・2F-06・2F-07・2F-08・2F-14・2F-15・2F-16
2026-10-04T07:30,3F,7,0,0,0,0,0,7,4,0,充足,1F-31・3F-05・3F-06・3F-07・3F-08・3F-15・3F-16
2026-10-04T07:30,統括,2,0,0,0,0,0,2,0,0,充足,1F-03・1F-04
2026-10-04T08:00,1F,7,0,0,0,0,0,7,4,0,充足,1F-05・1F-06・1F-07・1F-09・1F-10・1F-42・1F-43
2026-10-04T08:00,2F,7,0,0,0,0,0,7,4,0,充足,2F-05・2F-06・2F-07・2F-08・2F-14・2F-15・2F-16
2026-10-04T08:00,3F,7,0,0,0,0,0,7,4,0,充足,1F-31・3F-05・3F-06・3F-07・3F-08・3F-15・3F-16
2026-10-04T08:00,統括,2,0,0,0,0,0,2,0,0,充足,1F-03・1F-04
2026-10-04T08:30,1F,7,0,0,0,0,0,7,4,0,充足,1F-05・1F-06・1F-07・1F-09・1F-10・1F-42・1F-43
2026-10-04T08:30,2F,7,0,0,0,0,0,7,4,0,充足,2F-05・2F-06・2F-07・2F-08・2F-14・2F-15・2F-16
2026-10-04T08:30,3F,7,0,0,0,0,0,7,4,0,充足,1F-31・3F-05・3F-06・3F-07・3F-08・3F-15・3F-16
2026-10-04T08:30,統括,2,0,0,0,0,0,2,0,0,充足,1F-03・1F-04
2026-10-04T09:00,1F,5,0,0,0,0,0,5,4,0,充足,1F-05・1F-06・1F-07・1F-42・1F-43
2026-10-04T09:00,2F,5,0,0,0,0,0,5,4,0,充足,2F-05・2F-06・2F-14・2F-15・2F-16
2026-10-04T09:00,3F,5,0,0,0,0,0,5,4,0,充足,1F-31・3F-05・3F-06・3F-15・3F-16
2026-10-04T09:00,統括,0,0,0,0,0,0,0,0,0,充足,
2026-10-04T09:30,1F,5,0,0,0,0,0,5,4,0,充足,1F-05・1F-06・1F-07・1F-42・1F-43
2026-10-04T09:30,2F,5,0,0,0,0,0,5,4,0,充足,2F-05・2F-06・2F-14・2F-15・2F-16
2026-10-04T09:30,3F,5,0,0,0,0,0,5,4,0,充足,1F-31・3F-05・3F-06・3F-15・3F-16
2026-10-04T09:30,統括,0,0,0,0,0,0,0,0,0,充足,
2026-10-04T10:00,1F,10,0,1,0,0,0,9,4,0,充足,1F-05・1F-06・1F-07・1F-08・1F-13・1F-14・1F-15・1F-16・1F-43
2026-10-04T10:00,2F,10,0,1,0,0,0,9,4,0,充足,1F-27・1F-28・1F-29・1F-30・2F-05・2F-14・2F-15・2F-16・2F-25
2026-10-04T10:00,3F,10,0,1,0,0,0,9,4,0,充足,1F-31・1F-32・1F-33・1F-34・1F-35・1F-36・3F-06・3F-15・3F-16
2026-10-04T10:00,統括,0,0,0,0,0,0,0,0,0,充足,
2026-10-04T10:30,1F,10,0,1,0,0,0,9,4,0,充足,1F-05・1F-06・1F-07・1F-08・1F-13・1F-14・1F-15・1F-16・1F-43
2026-10-04T10:30,2F,10,0,1,0,0,0,9,4,0,充足,1F-27・1F-28・1F-29・1F-30・2F-05・2F-14・2F-15・2F-16・2F-25
2026-10-04T10:30,3F,10,0,1,0,0,0,9,4,0,充足,1F-31・1F-32・1F-33・1F-34・1F-35・1F-36・3F-06・3F-15・3F-16
2026-10-04T10:30,統括,0,0,0,0,0,0,0,0,0,充足,
2026-10-04T11:00,1F,10,5,0,0,0,0,5,4,0,充足,1F-08・1F-13・1F-14・1F-15・1F-16
2026-10-04T11:00,2F,10,5,0,0,0,0,5,4,0,充足,1F-27・1F-28・1F-29・1F-30・2F-25
2026-10-04T11:00,3F,10,5,0,0,0,0,5,4,0,充足,1F-32・1F-33・1F-34・1F-35・1F-36
2026-10-04T11:00,統括,0,0,0,0,0,0,0,0,0,充足,
2026-10-04T11:30,1F,10,5,0,0,0,0,5,4,0,充足,1F-08・1F-13・1F-14・1F-15・1F-16
2026-10-04T11:30,2F,10,5,0,0,0,0,5,4,0,充足,1F-27・1F-28・1F-29・1F-30・2F-25
2026-10-04T11:30,3F,10,5,0,0,0,0,5,4,0,充足,1F-32・1F-33・1F-34・1F-35・1F-36
2026-10-04T11:30,統括,0,0,0,0,0,0,0,0,0,充足,
2026-10-04T12:00,1F,10,0,0,0,0,0,10,4,0,充足,1F-05・1F-06・1F-07・1F-08・1F-13・1F-14・1F-15・1F-16・1F-42・1F-43
2026-10-04T12:00,2F,10,0,0,0,0,0,10,4,0,充足,1F-27・1F-28・1F-29・1F-30・2F-05・2F-06・2F-14・2F-15・2F-16・2F-25
2026-10-04T12:00,3F,10,0,0,0,0,0,10,4,0,充足,1F-31・1F-32・1F-33・1F-34・1F-35・1F-36・3F-05・3F-06・3F-15・3F-16
2026-10-04T12:00,統括,0,0,0,0,0,0,0,0,0,充足,
2026-10-04T12:30,1F,10,0,0,0,0,0,10,4,0,充足,1F-05・1F-06・1F-07・1F-08・1F-13・1F-14・1F-15・1F-16・1F-42・1F-43
2026-10-04T12:30,2F,10,0,0,0,0,0,10,4,0,充足,1F-27・1F-28・1F-29・1F-30・2F-05・2F-06・2F-14・2F-15・2F-16・2F-25
2026-10-04T12:30,3F,10,0,0,0,0,0,10,4,0,充足,1F-31・1F-32・1F-33・1F-34・1F-35・1F-36・3F-05・3F-06・3F-15・3F-16
2026-10-04T12:30,統括,0,0,0,0,0,0,0,0,0,充足,
2026-10-04T13:00,1F,10,5,0,0,0,0,5,4,0,充足,1F-05・1F-06・1F-07・1F-42・1F-43
2026-10-04T13:00,2F,10,5,0,0,0,0,5,4,0,充足,2F-05・2F-06・2F-14・2F-15・2F-16
2026-10-04T13:00,3F,10,5,0,0,0,0,5,4,0,充足,1F-31・3F-05・3F-06・3F-15・3F-16
2026-10-04T13:00,統括,0,0,0,0,0,0,0,0,0,充足,
2026-10-04T13:30,1F,10,5,0,0,0,0,5,4,0,充足,1F-05・1F-06・1F-07・1F-42・1F-43
2026-10-04T13:30,2F,10,5,0,0,0,0,5,4,0,充足,2F-05・2F-06・2F-14・2F-15・2F-16
2026-10-04T13:30,3F,10,5,0,0,0,0,5,4,0,充足,1F-31・3F-05・3F-06・3F-15・3F-16
2026-10-04T13:30,統括,0,0,0,0,0,0,0,0,0,充足,
2026-10-04T14:00,1F,10,0,0,0,0,0,10,4,0,充足,1F-05・1F-06・1F-07・1F-08・1F-13・1F-14・1F-15・1F-16・1F-42・1F-43
2026-10-04T14:00,2F,10,0,0,0,0,0,10,4,0,充足,1F-27・1F-28・1F-29・1F-30・2F-05・2F-06・2F-14・2F-15・2F-16・2F-25
2026-10-04T14:00,3F,11,0,0,0,0,0,11,4,0,充足,1F-31・1F-32・1F-33・1F-34・1F-35・1F-36・3F-05・3F-06・3F-15・3F-16・3F-20
2026-10-04T14:00,統括,0,0,0,0,0,0,0,0,0,充足,
2026-10-04T14:30,1F,10,0,0,0,0,0,10,4,0,充足,1F-05・1F-06・1F-07・1F-08・1F-13・1F-14・1F-15・1F-16・1F-42・1F-43
2026-10-04T14:30,2F,10,0,0,0,0,0,10,4,0,充足,1F-27・1F-28・1F-29・1F-30・2F-05・2F-06・2F-14・2F-15・2F-16・2F-25
2026-10-04T14:30,3F,11,0,0,0,0,0,11,4,0,充足,1F-31・1F-32・1F-33・1F-34・1F-35・1F-36・3F-05・3F-06・3F-15・3F-16・3F-20
2026-10-04T14:30,統括,0,0,0,0,0,0,0,0,0,充足,
2026-10-04T15:00,1F,10,0,1,0,0,0,9,4,0,充足,1F-05・1F-06・1F-07・1F-13・1F-14・1F-15・1F-16・1F-42・1F-43
2026-10-04T15:00,2F,10,0,1,0,0,0,9,4,0,充足,1F-27・1F-28・1F-29・1F-30・2F-05・2F-06・2F-14・2F-15・2F-16
2026-10-04T15:00,3F,11,0,1,0,0,0,10,4,0,充足,1F-31・1F-33・1F-34・1F-35・1F-36・3F-05・3F-06・3F-15・3F-16・3F-20
2026-10-04T15:00,統括,0,0,0,0,0,0,0,0,0,充足,
2026-10-04T15:30,1F,10,0,1,0,0,0,9,4,0,充足,1F-05・1F-06・1F-07・1F-13・1F-14・1F-15・1F-16・1F-42・1F-43
2026-10-04T15:30,2F,10,0,1,0,0,0,9,4,0,充足,1F-27・1F-28・1F-29・1F-30・2F-05・2F-06・2F-14・2F-15・2F-16
2026-10-04T15:30,3F,11,0,1,0,0,0,10,4,0,充足,1F-31・1F-33・1F-34・1F-35・1F-36・3F-05・3F-06・3F-15・3F-16・3F-20
2026-10-04T15:30,統括,0,0,0,0,0,0,0,0,0,充足,
2026-10-04T16:00,1F,7,0,0,0,0,0,7,4,0,充足,1F-08・1F-11・1F-12・1F-13・1F-14・1F-15・1F-16
2026-10-04T16:00,2F,7,0,0,0,0,0,7,4,0,充足,1F-27・1F-28・1F-29・1F-30・2F-01・2F-02・2F-25
2026-10-04T16:00,3F,8,0,0,0,0,0,8,4,0,充足,1F-32・1F-33・1F-34・1F-35・1F-36・3F-01・3F-02・3F-20
2026-10-04T16:00,統括,2,0,0,0,0,0,2,0,0,充足,1F-26・2F-03
2026-10-04T16:30,1F,7,2,0,0,0,0,5,4,0,充足,1F-08・1F-13・1F-14・1F-15・1F-16
2026-10-04T16:30,2F,7,2,0,0,0,0,5,4,0,充足,1F-27・1F-28・1F-29・1F-30・2F-25
2026-10-04T16:30,3F,8,0,0,0,0,0,8,4,0,充足,1F-32・1F-33・1F-34・1F-35・1F-36・3F-01・3F-02・3F-20
2026-10-04T16:30,統括,2,0,0,0,0,0,2,0,0,充足,1F-26・2F-03
2026-10-04T17:00,1F,7,2,0,0,0,0,5,4,0,充足,1F-08・1F-13・1F-14・1F-15・1F-16
2026-10-04T17:00,2F,7,2,0,0,0,0,5,4,0,充足,1F-27・1F-28・1F-29・1F-30・2F-25
2026-10-04T17:00,3F,8,0,0,0,0,0,8,4,0,充足,1F-32・1F-33・1F-34・1F-35・1F-36・3F-01・3F-02・3F-20
2026-10-04T17:00,統括,2,0,0,0,0,0,2,0,0,充足,1F-26・2F-03
2026-10-04T17:30,1F,7,0,0,0,0,0,7,4,0,充足,1F-08・1F-11・1F-12・1F-13・1F-14・1F-15・1F-16
2026-10-04T17:30,2F,7,0,0,0,0,0,7,4,0,充足,1F-27・1F-28・1F-29・1F-30・2F-01・2F-02・2F-25
2026-10-04T17:30,3F,8,2,0,0,0,0,6,4,0,充足,1F-32・1F-33・1F-34・1F-35・1F-36・3F-20
2026-10-04T17:30,統括,2,2,0,0,0,0,0,0,0,充足,
2026-10-04T18:00,1F,7,0,0,0,0,0,7,4,0,充足,1F-08・1F-11・1F-12・1F-13・1F-14・1F-15・1F-16
2026-10-04T18:00,2F,7,0,0,0,0,0,7,4,0,充足,1F-27・1F-28・1F-29・1F-30・2F-01・2F-02・2F-25
2026-10-04T18:00,3F,8,2,0,0,0,0,6,4,0,充足,1F-32・1F-33・1F-34・1F-35・1F-36・3F-20
2026-10-04T18:00,統括,2,2,0,0,0,0,0,0,0,充足,
2026-10-04T18:30,1F,7,0,0,0,0,0,7,4,0,充足,1F-08・1F-11・1F-12・1F-13・1F-14・1F-15・1F-16
2026-10-04T18:30,2F,7,0,0,0,0,0,7,4,0,充足,1F-27・1F-28・1F-29・1F-30・2F-01・2F-02・2F-25
2026-10-04T18:30,3F,8,0,0,0,0,0,8,4,0,充足,1F-32・1F-33・1F-34・1F-35・1F-36・3F-01・3F-02・3F-20
2026-10-04T18:30,統括,2,0,0,0,0,0,2,0,0,充足,1F-26・2F-03
2026-10-04T19:00,1F,2,0,0,0,0,0,2,2,0,充足,1F-11・1F-12
2026-10-04T19:00,2F,2,0,0,0,0,0,2,2,0,充足,2F-01・2F-02
2026-10-04T19:00,3F,2,0,0,0,0,0,2,2,0,充足,3F-01・3F-02
2026-10-04T19:00,統括,2,0,0,0,0,0,2,1,0,充足,1F-26・2F-03
2026-10-04T19:30,1F,2,0,0,0,0,0,2,2,0,充足,1F-11・1F-12
2026-10-04T19:30,2F,2,0,0,0,0,0,2,2,0,充足,2F-01・2F-02
2026-10-04T19:30,3F,2,0,0,0,0,0,2,2,0,充足,3F-01・3F-02
2026-10-04T19:30,統括,2,0,0,0,0,0,2,1,0,充足,1F-26・2F-03
2026-10-04T20:00,1F,2,0,0,0,0,0,2,2,0,充足,1F-11・1F-12
2026-10-04T20:00,2F,2,0,0,0,0,0,2,2,0,充足,2F-01・2F-02
2026-10-04T20:00,3F,2,0,0,0,0,0,2,2,0,充足,3F-01・3F-02
2026-10-04T20:00,統括,2,0,0,0,0,0,2,1,0,充足,1F-26・2F-03
2026-10-04T20:30,1F,2,0,0,0,0,0,2,2,0,充足,1F-11・1F-12
2026-10-04T20:30,2F,2,0,0,0,0,0,2,2,0,充足,2F-01・2F-02
2026-10-04T20:30,3F,2,0,0,0,0,0,2,2,0,充足,3F-01・3F-02
2026-10-04T20:30,統括,2,0,0,0,0,0,2,1,0,充足,1F-26・2F-03
2026-10-04T21:00,1F,2,1,0,0,0,1,2,2,0,充足,1F-12・1F-26
2026-10-04T21:00,2F,2,0,0,0,0,0,2,2,0,充足,2F-01・2F-02
2026-10-04T21:00,3F,2,0,0,0,0,0,2,2,0,充足,3F-01・3F-02
2026-10-04T21:00,統括,2,0,0,0,1,0,1,1,0,充足,2F-03
2026-10-04T21:30,1F,2,1,0,0,0,1,2,2,0,充足,1F-12・1F-26
2026-10-04T21:30,2F,2,0,0,0,0,0,2,2,0,充足,2F-01・2F-02
2026-10-04T21:30,3F,2,0,0,0,0,0,2,2,0,充足,3F-01・3F-02
2026-10-04T21:30,統括,2,0,0,0,1,0,1,1,0,充足,2F-03
2026-10-04T22:00,1F,3,2,0,0,1,2,2,2,0,充足,1F-23・1F-26
2026-10-04T22:00,2F,2,0,0,0,0,0,2,2,0,充足,2F-01・2F-02
2026-10-04T22:00,3F,2,0,0,0,0,0,2,2,0,充足,3F-01・3F-02
2026-10-04T22:00,統括,2,0,0,0,1,0,1,1,0,充足,2F-03
2026-10-04T22:30,1F,3,2,0,0,1,2,2,2,0,充足,1F-23・1F-26
2026-10-04T22:30,2F,2,0,0,0,0,0,2,2,0,充足,2F-01・2F-02
2026-10-04T22:30,3F,2,0,0,0,0,0,2,2,0,充足,3F-01・3F-02
2026-10-04T22:30,統括,2,0,0,0,1,0,1,1,0,充足,2F-03
2026-10-04T23:00,1F,3,1,0,0,1,1,2,2,0,充足,1F-11・1F-23
2026-10-04T23:00,2F,2,1,0,0,0,1,2,2,0,充足,1F-26・2F-02
2026-10-04T23:00,3F,2,0,0,0,0,0,2,2,0,充足,3F-01・3F-02
2026-10-04T23:00,統括,2,0,0,0,1,0,1,1,0,充足,2F-03
2026-10-04T23:30,1F,3,1,0,0,1,1,2,2,0,充足,1F-11・1F-23
2026-10-04T23:30,2F,2,1,0,0,0,1,2,2,0,充足,1F-26・2F-02
2026-10-04T23:30,3F,2,0,0,0,0,0,2,2,0,充足,3F-01・3F-02
2026-10-04T23:30,統括,2,0,0,0,1,0,1,1,0,充足,2F-03
2026-10-05T00:00,1F,3,0,0,0,1,0,2,2,0,充足,1F-11・1F-12
2026-10-05T00:00,2F,2,2,0,0,0,2,2,2,0,充足,1F-23・1F-26
2026-10-05T00:00,3F,2,0,0,0,0,0,2,2,0,充足,3F-01・3F-02
2026-10-05T00:00,統括,2,0,0,0,1,0,1,1,0,充足,2F-03
2026-10-05T00:30,1F,3,0,0,0,1,0,2,2,0,充足,1F-11・1F-12
2026-10-05T00:30,2F,2,2,0,0,0,2,2,2,0,充足,1F-23・1F-26
2026-10-05T00:30,3F,2,0,0,0,0,0,2,2,0,充足,3F-01・3F-02
2026-10-05T00:30,統括,2,0,0,0,1,0,1,1,0,充足,2F-03
2026-10-05T01:00,1F,2,0,0,0,0,0,2,2,0,充足,1F-11・1F-12
2026-10-05T01:00,2F,3,1,0,0,1,1,2,2,0,充足,2F-01・2F-24
2026-10-05T01:00,3F,2,1,0,0,0,1,2,2,0,充足,1F-26・3F-02
2026-10-05T01:00,統括,2,0,0,0,1,0,1,1,0,充足,2F-03
2026-10-05T01:30,1F,2,0,0,0,0,0,2,2,0,充足,1F-11・1F-12
2026-10-05T01:30,2F,3,1,0,0,1,1,2,2,0,充足,2F-01・2F-24
2026-10-05T01:30,3F,2,1,0,0,0,1,2,2,0,充足,1F-26・3F-02
2026-10-05T01:30,統括,2,0,0,0,1,0,1,1,0,充足,2F-03
2026-10-05T02:00,1F,2,0,0,0,0,0,2,2,0,充足,1F-11・1F-12
2026-10-05T02:00,2F,3,0,0,0,1,0,2,2,0,充足,2F-01・2F-02
2026-10-05T02:00,3F,2,2,0,0,0,2,2,2,0,充足,1F-26・2F-24
2026-10-05T02:00,統括,2,0,0,0,1,0,1,1,0,充足,2F-03
2026-10-05T02:30,1F,2,0,0,0,0,0,2,2,0,充足,1F-11・1F-12
2026-10-05T02:30,2F,3,0,0,0,1,0,2,2,0,充足,2F-01・2F-02
2026-10-05T02:30,3F,2,2,0,0,0,2,2,2,0,充足,1F-26・2F-24
2026-10-05T02:30,統括,2,0,0,0,1,0,1,1,0,充足,2F-03
2026-10-05T03:00,1F,2,0,0,0,0,0,2,2,0,充足,1F-11・1F-12
2026-10-05T03:00,2F,3,0,0,0,1,0,2,2,0,充足,2F-01・2F-02
2026-10-05T03:00,3F,2,1,0,0,0,1,2,2,0,充足,2F-24・3F-01
2026-10-05T03:00,統括,2,1,0,0,0,0,1,1,0,充足,2F-03
2026-10-05T03:30,1F,2,0,0,0,0,0,2,2,0,充足,1F-11・1F-12
2026-10-05T03:30,2F,3,0,0,0,1,0,2,2,0,充足,2F-01・2F-02
2026-10-05T03:30,3F,2,1,0,0,0,1,2,2,0,充足,2F-24・3F-01
2026-10-05T03:30,統括,2,1,0,0,0,0,1,1,0,充足,2F-03
2026-10-05T04:00,1F,2,0,0,0,0,0,2,2,0,充足,1F-11・1F-12
2026-10-05T04:00,2F,2,0,0,0,0,0,2,2,0,充足,2F-01・2F-02
2026-10-05T04:00,3F,2,0,0,0,0,0,2,2,0,充足,3F-01・3F-02
2026-10-05T04:00,統括,2,1,0,0,0,0,1,1,0,充足,2F-03
2026-10-05T04:30,1F,2,0,0,0,0,0,2,2,0,充足,1F-11・1F-12
2026-10-05T04:30,2F,2,0,0,0,0,0,2,2,0,充足,2F-01・2F-02
2026-10-05T04:30,3F,2,0,0,0,0,0,2,2,0,充足,3F-01・3F-02
2026-10-05T04:30,統括,2,1,0,0,0,0,1,1,0,充足,2F-03
2026-10-05T05:00,1F,2,0,0,0,0,0,2,2,0,充足,1F-11・1F-12
2026-10-05T05:00,2F,2,0,0,0,0,0,2,2,0,充足,2F-01・2F-02
2026-10-05T05:00,3F,2,0,0,0,0,0,2,2,0,充足,3F-01・3F-02
2026-10-05T05:00,統括,2,1,0,0,0,0,1,1,0,充足,1F-26
2026-10-05T05:30,1F,2,0,0,0,0,0,2,2,0,充足,1F-11・1F-12
2026-10-05T05:30,2F,2,0,0,0,0,0,2,2,0,充足,2F-01・2F-02
2026-10-05T05:30,3F,2,0,0,0,0,0,2,2,0,充足,3F-01・3F-02
2026-10-05T05:30,統括,2,1,0,0,0,0,1,1,0,充足,1F-26
2026-10-05T06:00,1F,2,0,0,0,0,0,2,2,0,充足,1F-11・1F-12
2026-10-05T06:00,2F,2,0,0,0,0,0,2,2,0,充足,2F-01・2F-02
2026-10-05T06:00,3F,2,0,0,0,0,0,2,2,0,充足,3F-01・3F-02
2026-10-05T06:00,統括,2,1,0,0,0,0,1,1,0,充足,1F-26
2026-10-05T06:30,1F,2,0,0,0,0,0,2,2,0,充足,1F-11・1F-12
2026-10-05T06:30,2F,2,0,0,0,0,0,2,2,0,充足,2F-01・2F-02
2026-10-05T06:30,3F,2,0,0,0,0,0,2,2,0,充足,3F-01・3F-02
2026-10-05T06:30,統括,2,1,0,0,0,0,1,1,0,充足,1F-26
2026-10-05T07:00,1F,7,0,0,0,0,0,7,4,0,充足,1F-09・1F-10・1F-11・1F-12・1F-15・1F-16・1F-27
2026-10-05T07:00,2F,7,0,0,0,0,0,7,4,0,充足,2F-01・2F-02・2F-09・2F-10・2F-15・2F-16・2F-25
2026-10-05T07:00,3F,7,0,0,0,0,0,7,4,0,充足,3F-01・3F-02・3F-05・3F-06・3F-07・3F-08・3F-15
2026-10-05T07:00,統括,2,0,0,0,0,0,2,0,0,充足,1F-26・2F-03
2026-10-05T07:30,1F,7,0,0,0,0,0,7,4,0,充足,1F-09・1F-10・1F-11・1F-12・1F-15・1F-16・1F-27
2026-10-05T07:30,2F,7,0,0,0,0,0,7,4,0,充足,2F-01・2F-02・2F-09・2F-10・2F-15・2F-16・2F-25
2026-10-05T07:30,3F,7,0,0,0,0,0,7,4,0,充足,3F-01・3F-02・3F-05・3F-06・3F-07・3F-08・3F-15
2026-10-05T07:30,統括,2,0,0,0,0,0,2,0,0,充足,1F-26・2F-03
2026-10-05T08:00,1F,7,0,0,0,0,0,7,4,0,充足,1F-09・1F-10・1F-11・1F-12・1F-15・1F-16・1F-27
2026-10-05T08:00,2F,7,0,0,0,0,0,7,4,0,充足,2F-01・2F-02・2F-09・2F-10・2F-15・2F-16・2F-25
2026-10-05T08:00,3F,7,0,0,0,0,0,7,4,0,充足,3F-01・3F-02・3F-05・3F-06・3F-07・3F-08・3F-15
2026-10-05T08:00,統括,2,0,0,0,0,0,2,0,0,充足,1F-26・2F-03
2026-10-05T08:30,1F,8,0,0,0,0,0,8,4,0,充足,1F-09・1F-10・1F-11・1F-12・1F-15・1F-16・1F-27・1F-31
2026-10-05T08:30,2F,7,0,0,0,0,0,7,4,0,充足,2F-01・2F-02・2F-09・2F-10・2F-15・2F-16・2F-25
2026-10-05T08:30,3F,7,0,0,0,0,0,7,4,0,充足,3F-01・3F-02・3F-05・3F-06・3F-07・3F-08・3F-15
2026-10-05T08:30,統括,2,0,0,0,0,0,2,0,0,充足,1F-26・2F-03
2026-10-05T09:00,1F,6,0,0,0,0,0,6,4,0,充足,1F-09・1F-10・1F-15・1F-16・1F-27・1F-31
2026-10-05T09:00,2F,5,0,0,0,0,0,5,4,0,充足,2F-09・2F-10・2F-15・2F-16・2F-25
2026-10-05T09:00,3F,5,0,0,0,0,0,5,4,0,充足,3F-05・3F-06・3F-07・3F-08・3F-15
2026-10-05T09:00,統括,0,0,0,0,0,0,0,0,0,充足,
2026-10-05T09:30,1F,6,0,0,0,0,0,6,4,0,充足,1F-09・1F-10・1F-15・1F-16・1F-27・1F-31
2026-10-05T09:30,2F,5,0,0,0,0,0,5,4,0,充足,2F-09・2F-10・2F-15・2F-16・2F-25
2026-10-05T09:30,3F,5,0,0,0,0,0,5,4,0,充足,3F-05・3F-06・3F-07・3F-08・3F-15
2026-10-05T09:30,統括,0,0,0,0,0,0,0,0,0,充足,
2026-10-05T10:00,1F,11,0,1,0,0,0,10,4,0,充足,1F-09・1F-10・1F-13・1F-14・1F-16・1F-27・1F-28・1F-29・1F-30・1F-31
2026-10-05T10:00,2F,10,0,1,0,0,0,9,4,0,充足,2F-06・2F-09・2F-10・2F-11・2F-12・2F-13・2F-14・2F-16・2F-25
2026-10-05T10:00,3F,10,0,1,0,0,0,9,4,0,充足,3F-06・3F-07・3F-08・3F-09・3F-10・3F-11・3F-12・3F-15・3F-16
2026-10-05T10:00,統括,0,0,0,0,0,0,0,0,0,充足,
2026-10-05T10:30,1F,11,0,1,0,0,0,10,4,0,充足,1F-09・1F-10・1F-13・1F-14・1F-16・1F-27・1F-28・1F-29・1F-30・1F-31
2026-10-05T10:30,2F,10,0,1,0,0,0,9,4,0,充足,2F-06・2F-09・2F-10・2F-11・2F-12・2F-13・2F-14・2F-16・2F-25
2026-10-05T10:30,3F,10,0,1,0,0,0,9,4,0,充足,3F-06・3F-07・3F-08・3F-09・3F-10・3F-11・3F-12・3F-15・3F-16
2026-10-05T10:30,統括,0,0,0,0,0,0,0,0,0,充足,
2026-10-05T11:00,1F,11,5,0,0,0,0,6,4,0,充足,1F-13・1F-14・1F-28・1F-29・1F-30・1F-31
2026-10-05T11:00,2F,10,5,0,0,0,0,5,4,0,充足,2F-06・2F-11・2F-12・2F-13・2F-14
2026-10-05T11:00,3F,10,5,0,0,0,0,5,4,0,充足,3F-09・3F-10・3F-11・3F-12・3F-16
2026-10-05T11:00,統括,0,0,0,0,0,0,0,0,0,充足,
2026-10-05T11:30,1F,11,5,0,0,0,0,6,4,0,充足,1F-13・1F-14・1F-28・1F-29・1F-30・1F-31
2026-10-05T11:30,2F,10,5,0,0,0,0,5,4,0,充足,2F-06・2F-11・2F-12・2F-13・2F-14
2026-10-05T11:30,3F,10,5,0,0,0,0,5,4,0,充足,3F-09・3F-10・3F-11・3F-12・3F-16
2026-10-05T11:30,統括,0,0,0,0,0,0,0,0,0,充足,
2026-10-05T12:00,1F,11,1,0,0,0,0,10,4,0,充足,1F-09・1F-10・1F-13・1F-14・1F-15・1F-16・1F-27・1F-28・1F-29・1F-30
2026-10-05T12:00,2F,10,0,0,0,0,0,10,4,0,充足,2F-06・2F-09・2F-10・2F-11・2F-12・2F-13・2F-14・2F-15・2F-16・2F-25
2026-10-05T12:00,3F,10,0,0,0,0,0,10,4,0,充足,3F-05・3F-06・3F-07・3F-08・3F-09・3F-10・3F-11・3F-12・3F-15・3F-16
2026-10-05T12:00,統括,0,0,0,0,0,0,0,0,0,充足,
2026-10-05T12:30,1F,11,1,0,0,0,0,10,4,0,充足,1F-09・1F-10・1F-13・1F-14・1F-15・1F-16・1F-27・1F-28・1F-29・1F-30
2026-10-05T12:30,2F,10,0,0,0,0,0,10,4,0,充足,2F-06・2F-09・2F-10・2F-11・2F-12・2F-13・2F-14・2F-15・2F-16・2F-25
2026-10-05T12:30,3F,10,0,0,0,0,0,10,4,0,充足,3F-05・3F-06・3F-07・3F-08・3F-09・3F-10・3F-11・3F-12・3F-15・3F-16
2026-10-05T12:30,統括,0,0,0,0,0,0,0,0,0,充足,
2026-10-05T13:00,1F,11,5,0,0,0,0,6,4,0,充足,1F-09・1F-10・1F-15・1F-16・1F-27・1F-31
2026-10-05T13:00,2F,10,5,0,0,0,0,5,4,0,充足,2F-09・2F-10・2F-15・2F-16・2F-25
2026-10-05T13:00,3F,10,5,0,0,0,0,5,4,0,充足,3F-05・3F-06・3F-07・3F-08・3F-15
2026-10-05T13:00,統括,0,0,0,0,0,0,0,0,0,充足,
2026-10-05T13:30,1F,11,5,0,0,0,0,6,4,0,充足,1F-09・1F-10・1F-15・1F-16・1F-27・1F-31
2026-10-05T13:30,2F,10,5,0,0,0,0,5,4,0,充足,2F-09・2F-10・2F-15・2F-16・2F-25
2026-10-05T13:30,3F,10,5,0,0,0,0,5,4,0,充足,3F-05・3F-06・3F-07・3F-08・3F-15
2026-10-05T13:30,統括,0,0,0,0,0,0,0,0,0,充足,
2026-10-05T14:00,1F,11,0,0,0,0,0,11,4,0,充足,1F-09・1F-10・1F-13・1F-14・1F-15・1F-16・1F-27・1F-28・1F-29・1F-30・1F-31
2026-10-05T14:00,2F,10,0,0,0,0,0,10,4,0,充足,2F-06・2F-09・2F-10・2F-11・2F-12・2F-13・2F-14・2F-15・2F-16・2F-25
2026-10-05T14:00,3F,10,0,0,0,0,0,10,4,0,充足,3F-05・3F-06・3F-07・3F-08・3F-09・3F-10・3F-11・3F-12・3F-15・3F-16
2026-10-05T14:00,統括,0,0,0,0,0,0,0,0,0,充足,
2026-10-05T14:30,1F,11,0,0,0,0,0,11,4,0,充足,1F-09・1F-10・1F-13・1F-14・1F-15・1F-16・1F-27・1F-28・1F-29・1F-30・1F-31
2026-10-05T14:30,2F,10,0,0,0,0,0,10,4,0,充足,2F-06・2F-09・2F-10・2F-11・2F-12・2F-13・2F-14・2F-15・2F-16・2F-25
2026-10-05T14:30,3F,10,0,0,0,0,0,10,4,0,充足,3F-05・3F-06・3F-07・3F-08・3F-09・3F-10・3F-11・3F-12・3F-15・3F-16
2026-10-05T14:30,統括,0,0,0,0,0,0,0,0,0,充足,
2026-10-05T15:00,1F,11,0,1,0,0,0,10,4,0,充足,1F-09・1F-10・1F-13・1F-14・1F-15・1F-16・1F-27・1F-29・1F-30・1F-31
2026-10-05T15:00,2F,10,0,1,0,0,0,9,4,0,充足,2F-06・2F-09・2F-10・2F-12・2F-13・2F-14・2F-15・2F-16・2F-25
2026-10-05T15:00,3F,10,0,1,0,0,0,9,4,0,充足,3F-05・3F-06・3F-07・3F-08・3F-10・3F-11・3F-12・3F-15・3F-16
2026-10-05T15:00,統括,0,0,0,0,0,0,0,0,0,充足,
2026-10-05T15:30,1F,11,0,1,0,0,0,10,4,0,充足,1F-09・1F-10・1F-13・1F-14・1F-15・1F-16・1F-27・1F-29・1F-30・1F-31
2026-10-05T15:30,2F,10,0,1,0,0,0,9,4,0,充足,2F-06・2F-09・2F-10・2F-12・2F-13・2F-14・2F-15・2F-16・2F-25
2026-10-05T15:30,3F,10,0,1,0,0,0,9,4,0,充足,3F-05・3F-06・3F-07・3F-08・3F-10・3F-11・3F-12・3F-15・3F-16
2026-10-05T15:30,統括,0,0,0,0,0,0,0,0,0,充足,
2026-10-05T16:00,1F,8,0,0,0,0,0,8,4,0,充足,1F-05・1F-06・1F-13・1F-14・1F-28・1F-29・1F-30・1F-31
2026-10-05T16:00,2F,7,0,0,0,0,0,7,4,0,充足,2F-04・2F-05・2F-06・2F-11・2F-12・2F-13・2F-14
2026-10-05T16:00,3F,7,0,0,0,0,0,7,4,0,充足,3F-03・3F-04・3F-09・3F-10・3F-11・3F-12・3F-16
2026-10-05T16:00,統括,2,0,0,0,0,0,2,0,0,充足,1F-01・1F-02
2026-10-05T16:30,1F,8,2,0,0,0,0,6,4,0,充足,1F-13・1F-14・1F-28・1F-29・1F-30・1F-31
2026-10-05T16:30,2F,7,2,0,0,0,0,5,4,0,充足,2F-06・2F-11・2F-12・2F-13・2F-14
2026-10-05T16:30,3F,7,0,0,0,0,0,7,4,0,充足,3F-03・3F-04・3F-09・3F-10・3F-11・3F-12・3F-16
2026-10-05T16:30,統括,2,0,0,0,0,0,2,0,0,充足,1F-01・1F-02
2026-10-05T17:00,1F,8,2,0,0,0,0,6,4,0,充足,1F-13・1F-14・1F-28・1F-29・1F-30・1F-31
2026-10-05T17:00,2F,7,2,0,0,0,0,5,4,0,充足,2F-06・2F-11・2F-12・2F-13・2F-14
2026-10-05T17:00,3F,7,0,0,0,0,0,7,4,0,充足,3F-03・3F-04・3F-09・3F-10・3F-11・3F-12・3F-16
2026-10-05T17:00,統括,2,0,0,0,0,0,2,0,0,充足,1F-01・1F-02
2026-10-05T17:30,1F,7,0,0,0,0,0,7,4,0,充足,1F-05・1F-06・1F-13・1F-14・1F-28・1F-29・1F-30
2026-10-05T17:30,2F,7,0,0,0,0,0,7,4,0,充足,2F-04・2F-05・2F-06・2F-11・2F-12・2F-13・2F-14
2026-10-05T17:30,3F,7,2,0,0,0,0,5,4,0,充足,3F-09・3F-10・3F-11・3F-12・3F-16
2026-10-05T17:30,統括,2,2,0,0,0,0,0,0,0,充足,
2026-10-05T18:00,1F,7,0,0,0,0,0,7,4,0,充足,1F-05・1F-06・1F-13・1F-14・1F-28・1F-29・1F-30
2026-10-05T18:00,2F,7,0,0,0,0,0,7,4,0,充足,2F-04・2F-05・2F-06・2F-11・2F-12・2F-13・2F-14
2026-10-05T18:00,3F,7,2,0,0,0,0,5,4,0,充足,3F-09・3F-10・3F-11・3F-12・3F-16
2026-10-05T18:00,統括,2,2,0,0,0,0,0,0,0,充足,
2026-10-05T18:30,1F,7,0,0,0,0,0,7,4,0,充足,1F-05・1F-06・1F-13・1F-14・1F-28・1F-29・1F-30
2026-10-05T18:30,2F,7,0,0,0,0,0,7,4,0,充足,2F-04・2F-05・2F-06・2F-11・2F-12・2F-13・2F-14
2026-10-05T18:30,3F,7,0,0,0,0,0,7,4,0,充足,3F-03・3F-04・3F-09・3F-10・3F-11・3F-12・3F-16
2026-10-05T18:30,統括,2,0,0,0,0,0,2,0,0,充足,1F-01・1F-02
2026-10-05T19:00,1F,2,0,0,0,0,0,2,2,0,充足,1F-05・1F-06
2026-10-05T19:00,2F,2,0,0,0,0,0,2,2,0,充足,2F-04・2F-05
2026-10-05T19:00,3F,2,0,0,0,0,0,2,2,0,充足,3F-03・3F-04
2026-10-05T19:00,統括,2,0,0,0,0,0,2,1,0,充足,1F-01・1F-02
2026-10-05T19:30,1F,2,0,0,0,0,0,2,2,0,充足,1F-05・1F-06
2026-10-05T19:30,2F,2,0,0,0,0,0,2,2,0,充足,2F-04・2F-05
2026-10-05T19:30,3F,2,0,0,0,0,0,2,2,0,充足,3F-03・3F-04
2026-10-05T19:30,統括,2,0,0,0,0,0,2,1,0,充足,1F-01・1F-02
2026-10-05T20:00,1F,2,0,0,0,0,0,2,2,0,充足,1F-05・1F-06
2026-10-05T20:00,2F,2,0,0,0,0,0,2,2,0,充足,2F-04・2F-05
2026-10-05T20:00,3F,2,0,0,0,0,0,2,2,0,充足,3F-03・3F-04
2026-10-05T20:00,統括,2,0,0,0,0,0,2,1,0,充足,1F-01・1F-02
2026-10-05T20:30,1F,2,0,0,0,0,0,2,2,0,充足,1F-05・1F-06
2026-10-05T20:30,2F,2,0,0,0,0,0,2,2,0,充足,2F-04・2F-05
2026-10-05T20:30,3F,2,0,0,0,0,0,2,2,0,充足,3F-03・3F-04
2026-10-05T20:30,統括,2,0,0,0,0,0,2,1,0,充足,1F-01・1F-02
2026-10-05T21:00,1F,2,1,0,0,0,1,2,2,0,充足,1F-01・1F-06
2026-10-05T21:00,2F,2,0,0,0,0,0,2,2,0,充足,2F-04・2F-05
2026-10-05T21:00,3F,2,0,0,0,0,0,2,2,0,充足,3F-03・3F-04
2026-10-05T21:00,統括,2,0,0,0,1,0,1,1,0,充足,1F-02
2026-10-05T21:30,1F,2,1,0,0,0,1,2,2,0,充足,1F-01・1F-06
2026-10-05T21:30,2F,2,0,0,0,0,0,2,2,0,充足,2F-04・2F-05
2026-10-05T21:30,3F,2,0,0,0,0,0,2,2,0,充足,3F-03・3F-04
2026-10-05T21:30,統括,2,0,0,0,1,0,1,1,0,充足,1F-02
2026-10-05T22:00,1F,3,2,0,0,1,2,2,2,0,充足,1F-01・1F-25
2026-10-05T22:00,2F,2,0,0,0,0,0,2,2,0,充足,2F-04・2F-05
2026-10-05T22:00,3F,2,0,0,0,0,0,2,2,0,充足,3F-03・3F-04
2026-10-05T22:00,統括,2,0,0,0,1,0,1,1,0,充足,1F-02
2026-10-05T22:30,1F,3,2,0,0,1,2,2,2,0,充足,1F-01・1F-25
2026-10-05T22:30,2F,2,0,0,0,0,0,2,2,0,充足,2F-04・2F-05
2026-10-05T22:30,3F,2,0,0,0,0,0,2,2,0,充足,3F-03・3F-04
2026-10-05T22:30,統括,2,0,0,0,1,0,1,1,0,充足,1F-02
2026-10-05T23:00,1F,3,1,0,0,1,1,2,2,0,充足,1F-05・1F-25
2026-10-05T23:00,2F,2,1,0,0,0,1,2,2,0,充足,1F-01・2F-05
2026-10-05T23:00,3F,2,0,0,0,0,0,2,2,0,充足,3F-03・3F-04
2026-10-05T23:00,統括,2,0,0,0,1,0,1,1,0,充足,1F-02
2026-10-05T23:30,1F,3,1,0,0,1,1,2,2,0,充足,1F-05・1F-25
2026-10-05T23:30,2F,2,1,0,0,0,1,2,2,0,充足,1F-01・2F-05
2026-10-05T23:30,3F,2,0,0,0,0,0,2,2,0,充足,3F-03・3F-04
2026-10-05T23:30,統括,2,0,0,0,1,0,1,1,0,充足,1F-02
2026-10-06T00:00,1F,3,0,0,0,1,0,2,2,0,充足,1F-05・1F-06
2026-10-06T00:00,2F,2,2,0,0,0,2,2,2,0,充足,1F-01・1F-25
2026-10-06T00:00,3F,2,0,0,0,0,0,2,2,0,充足,3F-03・3F-04
2026-10-06T00:00,統括,2,0,0,0,1,0,1,1,0,充足,1F-02
2026-10-06T00:30,1F,3,0,0,0,1,0,2,2,0,充足,1F-05・1F-06
2026-10-06T00:30,2F,2,2,0,0,0,2,2,2,0,充足,1F-01・1F-25
2026-10-06T00:30,3F,2,0,0,0,0,0,2,2,0,充足,3F-03・3F-04
2026-10-06T00:30,統括,2,0,0,0,1,0,1,1,0,充足,1F-02
2026-10-06T01:00,1F,2,0,0,0,0,0,2,2,0,充足,1F-05・1F-06
2026-10-06T01:00,2F,3,1,0,0,1,1,2,2,0,充足,2F-04・2F-24
2026-10-06T01:00,3F,2,1,0,0,0,1,2,2,0,充足,1F-01・3F-04
2026-10-06T01:00,統括,2,0,0,0,1,0,1,1,0,充足,1F-02
2026-10-06T01:30,1F,2,0,0,0,0,0,2,2,0,充足,1F-05・1F-06
2026-10-06T01:30,2F,3,1,0,0,1,1,2,2,0,充足,2F-04・2F-24
2026-10-06T01:30,3F,2,1,0,0,0,1,2,2,0,充足,1F-01・3F-04
2026-10-06T01:30,統括,2,0,0,0,1,0,1,1,0,充足,1F-02
2026-10-06T02:00,1F,2,0,0,0,0,0,2,2,0,充足,1F-05・1F-06
2026-10-06T02:00,2F,3,0,0,0,1,0,2,2,0,充足,2F-04・2F-05
2026-10-06T02:00,3F,2,2,0,0,0,2,2,2,0,充足,1F-01・2F-24
2026-10-06T02:00,統括,2,0,0,0,1,0,1,1,0,充足,1F-02
2026-10-06T02:30,1F,2,0,0,0,0,0,2,2,0,充足,1F-05・1F-06
2026-10-06T02:30,2F,3,0,0,0,1,0,2,2,0,充足,2F-04・2F-05
2026-10-06T02:30,3F,2,2,0,0,0,2,2,2,0,充足,1F-01・2F-24
2026-10-06T02:30,統括,2,0,0,0,1,0,1,1,0,充足,1F-02
2026-10-06T03:00,1F,2,0,0,0,0,0,2,2,0,充足,1F-05・1F-06
2026-10-06T03:00,2F,3,0,0,0,1,0,2,2,0,充足,2F-04・2F-05
2026-10-06T03:00,3F,2,1,0,0,0,1,2,2,0,充足,2F-24・3F-03
2026-10-06T03:00,統括,2,1,0,0,0,0,1,1,0,充足,1F-02
2026-10-06T03:30,1F,2,0,0,0,0,0,2,2,0,充足,1F-05・1F-06
2026-10-06T03:30,2F,3,0,0,0,1,0,2,2,0,充足,2F-04・2F-05
2026-10-06T03:30,3F,2,1,0,0,0,1,2,2,0,充足,2F-24・3F-03
2026-10-06T03:30,統括,2,1,0,0,0,0,1,1,0,充足,1F-02
2026-10-06T04:00,1F,2,0,0,0,0,0,2,2,0,充足,1F-05・1F-06
2026-10-06T04:00,2F,2,0,0,0,0,0,2,2,0,充足,2F-04・2F-05
2026-10-06T04:00,3F,2,0,0,0,0,0,2,2,0,充足,3F-03・3F-04
2026-10-06T04:00,統括,2,1,0,0,0,0,1,1,0,充足,1F-02
2026-10-06T04:30,1F,2,0,0,0,0,0,2,2,0,充足,1F-05・1F-06
2026-10-06T04:30,2F,2,0,0,0,0,0,2,2,0,充足,2F-04・2F-05
2026-10-06T04:30,3F,2,0,0,0,0,0,2,2,0,充足,3F-03・3F-04
2026-10-06T04:30,統括,2,1,0,0,0,0,1,1,0,充足,1F-02
2026-10-06T05:00,1F,2,0,0,0,0,0,2,2,0,充足,1F-05・1F-06
2026-10-06T05:00,2F,2,0,0,0,0,0,2,2,0,充足,2F-04・2F-05
2026-10-06T05:00,3F,2,0,0,0,0,0,2,2,0,充足,3F-03・3F-04
2026-10-06T05:00,統括,2,1,0,0,0,0,1,1,0,充足,1F-01
2026-10-06T05:30,1F,2,0,0,0,0,0,2,2,0,充足,1F-05・1F-06
2026-10-06T05:30,2F,2,0,0,0,0,0,2,2,0,充足,2F-04・2F-05
2026-10-06T05:30,3F,2,0,0,0,0,0,2,2,0,充足,3F-03・3F-04
2026-10-06T05:30,統括,2,1,0,0,0,0,1,1,0,充足,1F-01
2026-10-06T06:00,1F,2,0,0,0,0,0,2,2,0,充足,1F-05・1F-06
2026-10-06T06:00,2F,2,0,0,0,0,0,2,2,0,充足,2F-04・2F-05
2026-10-06T06:00,3F,2,0,0,0,0,0,2,2,0,充足,3F-03・3F-04
2026-10-06T06:00,統括,2,1,0,0,0,0,1,1,0,充足,1F-01
2026-10-06T06:30,1F,2,0,0,0,0,0,2,2,0,充足,1F-05・1F-06
2026-10-06T06:30,2F,2,0,0,0,0,0,2,2,0,充足,2F-04・2F-05
2026-10-06T06:30,3F,2,0,0,0,0,0,2,2,0,充足,3F-03・3F-04
2026-10-06T06:30,統括,2,1,0,0,0,0,1,1,0,充足,1F-01
2026-10-06T07:00,1F,7,0,0,0,0,0,7,4,0,充足,1F-05・1F-06・1F-15・1F-16・1F-32・1F-33・1F-34
2026-10-06T07:00,2F,8,0,0,0,0,0,8,4,0,充足,2F-01・2F-02・2F-04・2F-05・2F-15・2F-16・2F-17・2F-25
2026-10-06T07:00,3F,7,0,0,0,0,0,7,4,0,充足,3F-02・3F-03・3F-04・3F-13・3F-14・3F-15・3F-16
2026-10-06T07:00,統括,2,0,0,0,0,0,2,0,0,充足,1F-01・1F-02
2026-10-06T07:30,1F,7,0,0,0,0,0,7,4,0,充足,1F-05・1F-06・1F-15・1F-16・1F-32・1F-33・1F-34
2026-10-06T07:30,2F,8,0,0,0,0,0,8,4,0,充足,2F-01・2F-02・2F-04・2F-05・2F-15・2F-16・2F-17・2F-25
2026-10-06T07:30,3F,7,0,0,0,0,0,7,4,0,充足,3F-02・3F-03・3F-04・3F-13・3F-14・3F-15・3F-16
2026-10-06T07:30,統括,2,0,0,0,0,0,2,0,0,充足,1F-01・1F-02
2026-10-06T08:00,1F,7,0,0,0,0,0,7,4,0,充足,1F-05・1F-06・1F-15・1F-16・1F-32・1F-33・1F-34
2026-10-06T08:00,2F,8,0,0,0,0,0,8,4,0,充足,2F-01・2F-02・2F-04・2F-05・2F-15・2F-16・2F-17・2F-25
2026-10-06T08:00,3F,7,0,0,0,0,0,7,4,0,充足,3F-02・3F-03・3F-04・3F-13・3F-14・3F-15・3F-16
2026-10-06T08:00,統括,2,0,0,0,0,0,2,0,0,充足,1F-01・1F-02
2026-10-06T08:30,1F,7,0,0,0,0,0,7,4,0,充足,1F-05・1F-06・1F-15・1F-16・1F-32・1F-33・1F-34
2026-10-06T08:30,2F,8,0,0,0,0,0,8,4,0,充足,2F-01・2F-02・2F-04・2F-05・2F-15・2F-16・2F-17・2F-25
2026-10-06T08:30,3F,7,0,0,0,0,0,7,4,0,充足,3F-02・3F-03・3F-04・3F-13・3F-14・3F-15・3F-16
2026-10-06T08:30,統括,2,0,0,0,0,0,2,0,0,充足,1F-01・1F-02
2026-10-06T09:00,1F,5,0,0,0,0,0,5,4,0,充足,1F-15・1F-16・1F-32・1F-33・1F-34
2026-10-06T09:00,2F,6,0,0,0,0,0,6,4,0,充足,2F-01・2F-02・2F-15・2F-16・2F-17・2F-25
2026-10-06T09:00,3F,5,0,0,0,0,0,5,4,0,充足,3F-02・3F-13・3F-14・3F-15・3F-16
2026-10-06T09:00,統括,0,0,0,0,0,0,0,0,0,充足,
2026-10-06T09:30,1F,5,0,0,0,0,0,5,4,0,充足,1F-15・1F-16・1F-32・1F-33・1F-34
2026-10-06T09:30,2F,6,0,0,0,0,0,6,4,0,充足,2F-01・2F-02・2F-15・2F-16・2F-17・2F-25
2026-10-06T09:30,3F,5,0,0,0,0,0,5,4,0,充足,3F-02・3F-13・3F-14・3F-15・3F-16
2026-10-06T09:30,統括,0,0,0,0,0,0,0,0,0,充足,
2026-10-06T10:00,1F,10,0,1,0,0,0,9,4,0,充足,1F-11・1F-12・1F-15・1F-16・1F-33・1F-34・1F-35・1F-36・1F-37
2026-10-06T10:00,2F,11,0,1,0,0,0,10,4,0,充足,2F-02・2F-06・2F-09・2F-10・2F-11・2F-12・2F-15・2F-16・2F-17・2F-25
2026-10-06T10:00,3F,10,0,1,0,0,0,9,4,0,充足,3F-02・3F-07・3F-08・3F-09・3F-10・3F-11・3F-13・3F-14・3F-16
2026-10-06T10:00,統括,0,0,0,0,0,0,0,0,0,充足,
2026-10-06T10:30,1F,10,0,1,0,0,0,9,4,0,充足,1F-11・1F-12・1F-15・1F-16・1F-33・1F-34・1F-35・1F-36・1F-37
2026-10-06T10:30,2F,11,0,1,0,0,0,10,4,0,充足,2F-02・2F-06・2F-09・2F-10・2F-11・2F-12・2F-15・2F-16・2F-17・2F-25
2026-10-06T10:30,3F,10,0,1,0,0,0,9,4,0,充足,3F-02・3F-07・3F-08・3F-09・3F-10・3F-11・3F-13・3F-14・3F-16
2026-10-06T10:30,統括,0,0,0,0,0,0,0,0,0,充足,
2026-10-06T11:00,1F,10,5,0,0,0,0,5,4,0,充足,1F-11・1F-12・1F-35・1F-36・1F-37
2026-10-06T11:00,2F,11,5,0,0,0,0,6,4,0,充足,2F-06・2F-09・2F-10・2F-11・2F-12・2F-17
2026-10-06T11:00,3F,10,5,0,0,0,0,5,4,0,充足,3F-07・3F-08・3F-09・3F-10・3F-11
2026-10-06T11:00,統括,0,0,0,0,0,0,0,0,0,充足,
2026-10-06T11:30,1F,10,5,0,0,0,0,5,4,0,充足,1F-11・1F-12・1F-35・1F-36・1F-37
2026-10-06T11:30,2F,11,5,0,0,0,0,6,4,0,充足,2F-06・2F-09・2F-10・2F-11・2F-12・2F-17
2026-10-06T11:30,3F,10,5,0,0,0,0,5,4,0,充足,3F-07・3F-08・3F-09・3F-10・3F-11
2026-10-06T11:30,統括,0,0,0,0,0,0,0,0,0,充足,
2026-10-06T12:00,1F,10,0,0,0,0,0,10,4,0,充足,1F-11・1F-12・1F-15・1F-16・1F-32・1F-33・1F-34・1F-35・1F-36・1F-37
2026-10-06T12:00,2F,10,0,0,0,0,0,10,4,0,充足,2F-01・2F-02・2F-06・2F-09・2F-10・2F-11・2F-12・2F-15・2F-16・2F-25
2026-10-06T12:00,3F,10,0,0,0,0,0,10,4,0,充足,3F-02・3F-07・3F-08・3F-09・3F-10・3F-11・3F-13・3F-14・3F-15・3F-16
2026-10-06T12:00,統括,0,0,0,0,0,0,0,0,0,充足,
2026-10-06T12:30,1F,10,0,0,0,0,0,10,4,0,充足,1F-11・1F-12・1F-15・1F-16・1F-32・1F-33・1F-34・1F-35・1F-36・1F-37
2026-10-06T12:30,2F,10,0,0,0,0,0,10,4,0,充足,2F-01・2F-02・2F-06・2F-09・2F-10・2F-11・2F-12・2F-15・2F-16・2F-25
2026-10-06T12:30,3F,10,0,0,0,0,0,10,4,0,充足,3F-02・3F-07・3F-08・3F-09・3F-10・3F-11・3F-13・3F-14・3F-15・3F-16
2026-10-06T12:30,統括,0,0,0,0,0,0,0,0,0,充足,
2026-10-06T13:00,1F,10,5,0,0,0,0,5,4,0,充足,1F-15・1F-16・1F-32・1F-33・1F-34
2026-10-06T13:00,2F,10,5,0,0,0,0,5,4,0,充足,2F-01・2F-02・2F-15・2F-16・2F-25
2026-10-06T13:00,3F,10,5,0,0,0,0,5,4,0,充足,3F-02・3F-13・3F-14・3F-15・3F-16
2026-10-06T13:00,統括,0,0,0,0,0,0,0,0,0,充足,
2026-10-06T13:30,1F,10,5,0,0,0,0,5,4,0,充足,1F-15・1F-16・1F-32・1F-33・1F-34
2026-10-06T13:30,2F,10,5,0,0,0,0,5,4,0,充足,2F-01・2F-02・2F-15・2F-16・2F-25
2026-10-06T13:30,3F,10,5,0,0,0,0,5,4,0,充足,3F-02・3F-13・3F-14・3F-15・3F-16
2026-10-06T13:30,統括,0,0,0,0,0,0,0,0,0,充足,
2026-10-06T14:00,1F,10,0,0,0,0,0,10,4,0,充足,1F-11・1F-12・1F-15・1F-16・1F-32・1F-33・1F-34・1F-35・1F-36・1F-37
2026-10-06T14:00,2F,10,0,0,0,0,0,10,4,0,充足,2F-01・2F-02・2F-06・2F-09・2F-10・2F-11・2F-12・2F-15・2F-16・2F-25
2026-10-06T14:00,3F,10,0,0,0,0,0,10,4,0,充足,3F-02・3F-07・3F-08・3F-09・3F-10・3F-11・3F-13・3F-14・3F-15・3F-16
2026-10-06T14:00,統括,0,0,0,0,0,0,0,0,0,充足,
2026-10-06T14:30,1F,10,0,0,0,0,0,10,4,0,充足,1F-11・1F-12・1F-15・1F-16・1F-32・1F-33・1F-34・1F-35・1F-36・1F-37
2026-10-06T14:30,2F,10,0,0,0,0,0,10,4,0,充足,2F-01・2F-02・2F-06・2F-09・2F-10・2F-11・2F-12・2F-15・2F-16・2F-25
2026-10-06T14:30,3F,10,0,0,0,0,0,10,4,0,充足,3F-02・3F-07・3F-08・3F-09・3F-10・3F-11・3F-13・3F-14・3F-15・3F-16
2026-10-06T14:30,統括,0,0,0,0,0,0,0,0,0,充足,
2026-10-06T15:00,1F,10,0,1,0,0,0,9,4,0,充足,1F-11・1F-12・1F-15・1F-16・1F-32・1F-33・1F-34・1F-36・1F-37
2026-10-06T15:00,2F,10,0,1,0,0,0,9,4,0,充足,2F-01・2F-02・2F-06・2F-10・2F-11・2F-12・2F-15・2F-16・2F-25
2026-10-06T15:00,3F,10,0,1,0,0,0,9,4,0,充足,3F-02・3F-08・3F-09・3F-10・3F-11・3F-13・3F-14・3F-15・3F-16
2026-10-06T15:00,統括,0,0,0,0,0,0,0,0,0,充足,
2026-10-06T15:30,1F,10,0,1,0,0,0,9,4,0,充足,1F-11・1F-12・1F-15・1F-16・1F-32・1F-33・1F-34・1F-36・1F-37
2026-10-06T15:30,2F,10,0,1,0,0,0,9,4,0,充足,2F-01・2F-02・2F-06・2F-10・2F-11・2F-12・2F-15・2F-16・2F-25
2026-10-06T15:30,3F,10,0,1,0,0,0,9,4,0,充足,3F-02・3F-08・3F-09・3F-10・3F-11・3F-13・3F-14・3F-15・3F-16
2026-10-06T15:30,統括,0,0,0,0,0,0,0,0,0,充足,
2026-10-06T16:00,1F,7,0,0,0,0,0,7,4,0,充足,1F-07・1F-08・1F-11・1F-12・1F-35・1F-36・1F-37
2026-10-06T16:00,2F,7,0,0,0,0,0,7,4,0,充足,2F-06・2F-07・2F-08・2F-09・2F-10・2F-11・2F-12
2026-10-06T16:00,3F,7,0,0,0,0,0,7,4,0,充足,3F-05・3F-06・3F-07・3F-08・3F-09・3F-10・3F-11
2026-10-06T16:00,統括,2,0,0,0,0,0,2,0,0,充足,1F-03・1F-04
2026-10-06T16:30,1F,7,2,0,0,0,0,5,4,0,充足,1F-11・1F-12・1F-35・1F-36・1F-37
2026-10-06T16:30,2F,7,2,0,0,0,0,5,4,0,充足,2F-06・2F-09・2F-10・2F-11・2F-12
2026-10-06T16:30,3F,7,0,0,0,0,0,7,4,0,充足,3F-05・3F-06・3F-07・3F-08・3F-09・3F-10・3F-11
2026-10-06T16:30,統括,2,0,0,0,0,0,2,0,0,充足,1F-03・1F-04
2026-10-06T17:00,1F,7,2,0,0,0,0,5,4,0,充足,1F-11・1F-12・1F-35・1F-36・1F-37
2026-10-06T17:00,2F,7,2,0,0,0,0,5,4,0,充足,2F-06・2F-09・2F-10・2F-11・2F-12
2026-10-06T17:00,3F,7,0,0,0,0,0,7,4,0,充足,3F-05・3F-06・3F-07・3F-08・3F-09・3F-10・3F-11
2026-10-06T17:00,統括,2,0,0,0,0,0,2,0,0,充足,1F-03・1F-04
2026-10-06T17:30,1F,7,0,0,0,0,0,7,4,0,充足,1F-07・1F-08・1F-11・1F-12・1F-35・1F-36・1F-37
2026-10-06T17:30,2F,7,0,0,0,0,0,7,4,0,充足,2F-06・2F-07・2F-08・2F-09・2F-10・2F-11・2F-12
2026-10-06T17:30,3F,7,2,0,0,0,0,5,4,0,充足,3F-07・3F-08・3F-09・3F-10・3F-11
2026-10-06T17:30,統括,2,2,0,0,0,0,0,0,0,充足,
2026-10-06T18:00,1F,7,0,0,0,0,0,7,4,0,充足,1F-07・1F-08・1F-11・1F-12・1F-35・1F-36・1F-37
2026-10-06T18:00,2F,7,0,0,0,0,0,7,4,0,充足,2F-06・2F-07・2F-08・2F-09・2F-10・2F-11・2F-12
2026-10-06T18:00,3F,7,2,0,0,0,0,5,4,0,充足,3F-07・3F-08・3F-09・3F-10・3F-11
2026-10-06T18:00,統括,2,2,0,0,0,0,0,0,0,充足,
2026-10-06T18:30,1F,7,0,0,0,0,0,7,4,0,充足,1F-07・1F-08・1F-11・1F-12・1F-35・1F-36・1F-37
2026-10-06T18:30,2F,7,0,0,0,0,0,7,4,0,充足,2F-06・2F-07・2F-08・2F-09・2F-10・2F-11・2F-12
2026-10-06T18:30,3F,7,0,0,0,0,0,7,4,0,充足,3F-05・3F-06・3F-07・3F-08・3F-09・3F-10・3F-11
2026-10-06T18:30,統括,2,0,0,0,0,0,2,0,0,充足,1F-03・1F-04
2026-10-06T19:00,1F,2,0,0,0,0,0,2,2,0,充足,1F-07・1F-08
2026-10-06T19:00,2F,2,0,0,0,0,0,2,2,0,充足,2F-07・2F-08
2026-10-06T19:00,3F,2,0,0,0,0,0,2,2,0,充足,3F-05・3F-06
2026-10-06T19:00,統括,2,0,0,0,0,0,2,1,0,充足,1F-03・1F-04
2026-10-06T19:30,1F,2,0,0,0,0,0,2,2,0,充足,1F-07・1F-08
2026-10-06T19:30,2F,2,0,0,0,0,0,2,2,0,充足,2F-07・2F-08
2026-10-06T19:30,3F,2,0,0,0,0,0,2,2,0,充足,3F-05・3F-06
2026-10-06T19:30,統括,2,0,0,0,0,0,2,1,0,充足,1F-03・1F-04
2026-10-06T20:00,1F,2,0,0,0,0,0,2,2,0,充足,1F-07・1F-08
2026-10-06T20:00,2F,2,0,0,0,0,0,2,2,0,充足,2F-07・2F-08
2026-10-06T20:00,3F,2,0,0,0,0,0,2,2,0,充足,3F-05・3F-06
2026-10-06T20:00,統括,2,0,0,0,0,0,2,1,0,充足,1F-03・1F-04
2026-10-06T20:30,1F,2,0,0,0,0,0,2,2,0,充足,1F-07・1F-08
2026-10-06T20:30,2F,2,0,0,0,0,0,2,2,0,充足,2F-07・2F-08
2026-10-06T20:30,3F,2,0,0,0,0,0,2,2,0,充足,3F-05・3F-06
2026-10-06T20:30,統括,2,0,0,0,0,0,2,1,0,充足,1F-03・1F-04
2026-10-06T21:00,1F,2,1,0,0,0,1,2,2,0,充足,1F-03・1F-08
2026-10-06T21:00,2F,2,0,0,0,0,0,2,2,0,充足,2F-07・2F-08
2026-10-06T21:00,3F,2,0,0,0,0,0,2,2,0,充足,3F-05・3F-06
2026-10-06T21:00,統括,2,0,0,0,1,0,1,1,0,充足,1F-04
2026-10-06T21:30,1F,2,1,0,0,0,1,2,2,0,充足,1F-03・1F-08
2026-10-06T21:30,2F,2,0,0,0,0,0,2,2,0,充足,2F-07・2F-08
2026-10-06T21:30,3F,2,0,0,0,0,0,2,2,0,充足,3F-05・3F-06
2026-10-06T21:30,統括,2,0,0,0,1,0,1,1,0,充足,1F-04
2026-10-06T22:00,1F,3,2,0,0,1,2,2,2,0,充足,1F-03・1F-23
2026-10-06T22:00,2F,2,0,0,0,0,0,2,2,0,充足,2F-07・2F-08
2026-10-06T22:00,3F,2,0,0,0,0,0,2,2,0,充足,3F-05・3F-06
2026-10-06T22:00,統括,2,0,0,0,1,0,1,1,0,充足,1F-04
2026-10-06T22:30,1F,3,2,0,0,1,2,2,2,0,充足,1F-03・1F-23
2026-10-06T22:30,2F,2,0,0,0,0,0,2,2,0,充足,2F-07・2F-08
2026-10-06T22:30,3F,2,0,0,0,0,0,2,2,0,充足,3F-05・3F-06
2026-10-06T22:30,統括,2,0,0,0,1,0,1,1,0,充足,1F-04
2026-10-06T23:00,1F,3,1,0,0,1,1,2,2,0,充足,1F-07・1F-23
2026-10-06T23:00,2F,2,1,0,0,0,1,2,2,0,充足,1F-03・2F-08
2026-10-06T23:00,3F,2,0,0,0,0,0,2,2,0,充足,3F-05・3F-06
2026-10-06T23:00,統括,2,0,0,0,1,0,1,1,0,充足,1F-04
2026-10-06T23:30,1F,3,1,0,0,1,1,2,2,0,充足,1F-07・1F-23
2026-10-06T23:30,2F,2,1,0,0,0,1,2,2,0,充足,1F-03・2F-08
2026-10-06T23:30,3F,2,0,0,0,0,0,2,2,0,充足,3F-05・3F-06
2026-10-06T23:30,統括,2,0,0,0,1,0,1,1,0,充足,1F-04
2026-10-07T00:00,1F,3,0,0,0,1,0,2,2,0,充足,1F-07・1F-08
2026-10-07T00:00,2F,2,2,0,0,0,2,2,2,0,充足,1F-03・1F-23
2026-10-07T00:00,3F,2,0,0,0,0,0,2,2,0,充足,3F-05・3F-06
2026-10-07T00:00,統括,2,0,0,0,1,0,1,1,0,充足,1F-04
2026-10-07T00:30,1F,3,0,0,0,1,0,2,2,0,充足,1F-07・1F-08
2026-10-07T00:30,2F,2,2,0,0,0,2,2,2,0,充足,1F-03・1F-23
2026-10-07T00:30,3F,2,0,0,0,0,0,2,2,0,充足,3F-05・3F-06
2026-10-07T00:30,統括,2,0,0,0,1,0,1,1,0,充足,1F-04
2026-10-07T01:00,1F,2,0,0,0,0,0,2,2,0,充足,1F-07・1F-08
2026-10-07T01:00,2F,3,1,0,0,1,1,2,2,0,充足,2F-07・2F-24
2026-10-07T01:00,3F,2,1,0,0,0,1,2,2,0,充足,1F-03・3F-06
2026-10-07T01:00,統括,2,0,0,0,1,0,1,1,0,充足,1F-04
2026-10-07T01:30,1F,2,0,0,0,0,0,2,2,0,充足,1F-07・1F-08
2026-10-07T01:30,2F,3,1,0,0,1,1,2,2,0,充足,2F-07・2F-24
2026-10-07T01:30,3F,2,1,0,0,0,1,2,2,0,充足,1F-03・3F-06
2026-10-07T01:30,統括,2,0,0,0,1,0,1,1,0,充足,1F-04
2026-10-07T02:00,1F,2,0,0,0,0,0,2,2,0,充足,1F-07・1F-08
2026-10-07T02:00,2F,3,0,0,0,1,0,2,2,0,充足,2F-07・2F-08
2026-10-07T02:00,3F,2,2,0,0,0,2,2,2,0,充足,1F-03・2F-24
2026-10-07T02:00,統括,2,0,0,0,1,0,1,1,0,充足,1F-04
2026-10-07T02:30,1F,2,0,0,0,0,0,2,2,0,充足,1F-07・1F-08
2026-10-07T02:30,2F,3,0,0,0,1,0,2,2,0,充足,2F-07・2F-08
2026-10-07T02:30,3F,2,2,0,0,0,2,2,2,0,充足,1F-03・2F-24
2026-10-07T02:30,統括,2,0,0,0,1,0,1,1,0,充足,1F-04
2026-10-07T03:00,1F,2,0,0,0,0,0,2,2,0,充足,1F-07・1F-08
2026-10-07T03:00,2F,3,0,0,0,1,0,2,2,0,充足,2F-07・2F-08
2026-10-07T03:00,3F,2,1,0,0,0,1,2,2,0,充足,2F-24・3F-05
2026-10-07T03:00,統括,2,1,0,0,0,0,1,1,0,充足,1F-04
2026-10-07T03:30,1F,2,0,0,0,0,0,2,2,0,充足,1F-07・1F-08
2026-10-07T03:30,2F,3,0,0,0,1,0,2,2,0,充足,2F-07・2F-08
2026-10-07T03:30,3F,2,1,0,0,0,1,2,2,0,充足,2F-24・3F-05
2026-10-07T03:30,統括,2,1,0,0,0,0,1,1,0,充足,1F-04
2026-10-07T04:00,1F,2,0,0,0,0,0,2,2,0,充足,1F-07・1F-08
2026-10-07T04:00,2F,2,0,0,0,0,0,2,2,0,充足,2F-07・2F-08
2026-10-07T04:00,3F,2,0,0,0,0,0,2,2,0,充足,3F-05・3F-06
2026-10-07T04:00,統括,2,1,0,0,0,0,1,1,0,充足,1F-04
2026-10-07T04:30,1F,2,0,0,0,0,0,2,2,0,充足,1F-07・1F-08
2026-10-07T04:30,2F,2,0,0,0,0,0,2,2,0,充足,2F-07・2F-08
2026-10-07T04:30,3F,2,0,0,0,0,0,2,2,0,充足,3F-05・3F-06
2026-10-07T04:30,統括,2,1,0,0,0,0,1,1,0,充足,1F-04
2026-10-07T05:00,1F,2,0,0,0,0,0,2,2,0,充足,1F-07・1F-08
2026-10-07T05:00,2F,2,0,0,0,0,0,2,2,0,充足,2F-07・2F-08
2026-10-07T05:00,3F,2,0,0,0,0,0,2,2,0,充足,3F-05・3F-06
2026-10-07T05:00,統括,2,1,0,0,0,0,1,1,0,充足,1F-03
2026-10-07T05:30,1F,2,0,0,0,0,0,2,2,0,充足,1F-07・1F-08
2026-10-07T05:30,2F,2,0,0,0,0,0,2,2,0,充足,2F-07・2F-08
2026-10-07T05:30,3F,2,0,0,0,0,0,2,2,0,充足,3F-05・3F-06
2026-10-07T05:30,統括,2,1,0,0,0,0,1,1,0,充足,1F-03
2026-10-07T06:00,1F,2,0,0,0,0,0,2,2,0,充足,1F-07・1F-08
2026-10-07T06:00,2F,2,0,0,0,0,0,2,2,0,充足,2F-07・2F-08
2026-10-07T06:00,3F,2,0,0,0,0,0,2,2,0,充足,3F-05・3F-06
2026-10-07T06:00,統括,2,1,0,0,0,0,1,1,0,充足,1F-03
2026-10-07T06:30,1F,2,0,0,0,0,0,2,2,0,充足,1F-07・1F-08
2026-10-07T06:30,2F,2,0,0,0,0,0,2,2,0,充足,2F-07・2F-08
2026-10-07T06:30,3F,2,0,0,0,0,0,2,2,0,充足,3F-05・3F-06
2026-10-07T06:30,統括,2,1,0,0,0,0,1,1,0,充足,1F-03
2026-10-07T07:00,1F,7,0,0,0,0,0,7,4,0,充足,1F-05・1F-06・1F-07・1F-08・1F-14・1F-15・1F-38
2026-10-07T07:00,2F,7,0,0,0,0,0,7,4,0,充足,2F-03・2F-05・2F-06・2F-07・2F-08・2F-15・2F-16
2026-10-07T07:00,3F,7,0,0,0,0,0,7,4,0,充足,3F-03・3F-04・3F-05・3F-06・3F-12・3F-15・3F-16
2026-10-07T07:00,統括,2,0,0,0,0,0,2,0,0,充足,1F-03・1F-04
2026-10-07T07:30,1F,7,0,0,0,0,0,7,4,0,充足,1F-05・1F-06・1F-07・1F-08・1F-14・1F-15・1F-38
2026-10-07T07:30,2F,7,0,0,0,0,0,7,4,0,充足,2F-03・2F-05・2F-06・2F-07・2F-08・2F-15・2F-16
2026-10-07T07:30,3F,7,0,0,0,0,0,7,4,0,充足,3F-03・3F-04・3F-05・3F-06・3F-12・3F-15・3F-16
2026-10-07T07:30,統括,2,0,0,0,0,0,2,0,0,充足,1F-03・1F-04
2026-10-07T08:00,1F,7,0,0,0,0,0,7,4,0,充足,1F-05・1F-06・1F-07・1F-08・1F-14・1F-15・1F-38
2026-10-07T08:00,2F,7,0,0,0,0,0,7,4,0,充足,2F-03・2F-05・2F-06・2F-07・2F-08・2F-15・2F-16
2026-10-07T08:00,3F,7,0,0,0,0,0,7,4,0,充足,3F-03・3F-04・3F-05・3F-06・3F-12・3F-15・3F-16
2026-10-07T08:00,統括,2,0,0,0,0,0,2,0,0,充足,1F-03・1F-04
2026-10-07T08:30,1F,8,0,0,0,0,0,8,4,0,充足,1F-05・1F-06・1F-07・1F-08・1F-14・1F-15・1F-30・1F-38
2026-10-07T08:30,2F,7,0,0,0,0,0,7,4,0,充足,2F-03・2F-05・2F-06・2F-07・2F-08・2F-15・2F-16
2026-10-07T08:30,3F,7,0,0,0,0,0,7,4,0,充足,3F-03・3F-04・3F-05・3F-06・3F-12・3F-15・3F-16
2026-10-07T08:30,統括,2,0,0,0,0,0,2,0,0,充足,1F-03・1F-04
2026-10-07T09:00,1F,6,0,0,0,0,0,6,4,0,充足,1F-05・1F-06・1F-14・1F-15・1F-30・1F-38
2026-10-07T09:00,2F,5,0,0,0,0,0,5,4,0,充足,2F-03・2F-05・2F-06・2F-15・2F-16
2026-10-07T09:00,3F,5,0,0,0,0,0,5,4,0,充足,3F-03・3F-04・3F-12・3F-15・3F-16
2026-10-07T09:00,統括,0,0,0,0,0,0,0,0,0,充足,
2026-10-07T09:30,1F,6,0,0,0,0,0,6,4,0,充足,1F-05・1F-06・1F-14・1F-15・1F-30・1F-38
2026-10-07T09:30,2F,5,0,0,0,0,0,5,4,0,充足,2F-03・2F-05・2F-06・2F-15・2F-16
2026-10-07T09:30,3F,5,0,0,0,0,0,5,4,0,充足,3F-03・3F-04・3F-12・3F-15・3F-16
2026-10-07T09:30,統括,0,0,0,0,0,0,0,0,0,充足,
2026-10-07T10:00,1F,11,0,1,0,0,0,10,4,0,充足,1F-06・1F-13・1F-14・1F-15・1F-16・1F-30・1F-38・1F-39・1F-40・1F-41
2026-10-07T10:00,2F,10,0,1,0,0,0,9,4,0,充足,1F-42・1F-43・2F-05・2F-06・2F-13・2F-14・2F-15・2F-16・2F-25
2026-10-07T10:00,3F,10,0,1,0,0,0,9,4,0,充足,1F-27・1F-28・1F-29・3F-04・3F-12・3F-13・3F-14・3F-15・3F-16
2026-10-07T10:00,統括,0,0,0,0,0,0,0,0,0,充足,
2026-10-07T10:30,1F,11,0,1,0,0,0,10,4,0,充足,1F-06・1F-13・1F-14・1F-15・1F-16・1F-30・1F-38・1F-39・1F-40・1F-41
2026-10-07T10:30,2F,10,0,1,0,0,0,9,4,0,充足,1F-42・1F-43・2F-05・2F-06・2F-13・2F-14・2F-15・2F-16・2F-25
2026-10-07T10:30,3F,10,0,1,0,0,0,9,4,0,充足,1F-27・1F-28・1F-29・3F-04・3F-12・3F-13・3F-14・3F-15・3F-16
2026-10-07T10:30,統括,0,0,0,0,0,0,0,0,0,充足,
2026-10-07T11:00,1F,11,5,0,0,0,0,6,4,0,充足,1F-13・1F-16・1F-30・1F-39・1F-40・1F-41
2026-10-07T11:00,2F,10,5,0,0,0,0,5,4,0,充足,1F-42・1F-43・2F-13・2F-14・2F-25
2026-10-07T11:00,3F,10,5,0,0,0,0,5,4,0,充足,1F-27・1F-28・1F-29・3F-13・3F-14
2026-10-07T11:00,統括,0,0,0,0,0,0,0,0,0,充足,
2026-10-07T11:30,1F,11,5,0,0,0,0,6,4,0,充足,1F-13・1F-16・1F-30・1F-39・1F-40・1F-41
2026-10-07T11:30,2F,10,5,0,0,0,0,5,4,0,充足,1F-42・1F-43・2F-13・2F-14・2F-25
2026-10-07T11:30,3F,10,5,0,0,0,0,5,4,0,充足,1F-27・1F-28・1F-29・3F-13・3F-14
2026-10-07T11:30,統括,0,0,0,0,0,0,0,0,0,充足,
2026-10-07T12:00,1F,11,1,0,0,0,0,10,4,0,充足,1F-05・1F-06・1F-13・1F-14・1F-15・1F-16・1F-38・1F-39・1F-40・1F-41
2026-10-07T12:00,2F,10,0,0,0,0,0,10,4,0,充足,1F-42・1F-43・2F-03・2F-05・2F-06・2F-13・2F-14・2F-15・2F-16・2F-25
2026-10-07T12:00,3F,10,0,0,0,0,0,10,4,0,充足,1F-27・1F-28・1F-29・3F-03・3F-04・3F-12・3F-13・3F-14・3F-15・3F-16
2026-10-07T12:00,統括,0,0,0,0,0,0,0,0,0,充足,
2026-10-07T12:30,1F,11,1,0,0,0,0,10,4,0,充足,1F-05・1F-06・1F-13・1F-14・1F-15・1F-16・1F-38・1F-39・1F-40・1F-41
2026-10-07T12:30,2F,10,0,0,0,0,0,10,4,0,充足,1F-42・1F-43・2F-03・2F-05・2F-06・2F-13・2F-14・2F-15・2F-16・2F-25
2026-10-07T12:30,3F,10,0,0,0,0,0,10,4,0,充足,1F-27・1F-28・1F-29・3F-03・3F-04・3F-12・3F-13・3F-14・3F-15・3F-16
2026-10-07T12:30,統括,0,0,0,0,0,0,0,0,0,充足,
2026-10-07T13:00,1F,11,5,0,0,0,0,6,4,0,充足,1F-05・1F-06・1F-14・1F-15・1F-30・1F-38
2026-10-07T13:00,2F,10,5,0,0,0,0,5,4,0,充足,2F-03・2F-05・2F-06・2F-15・2F-16
2026-10-07T13:00,3F,10,5,0,0,0,0,5,4,0,充足,3F-03・3F-04・3F-12・3F-15・3F-16
2026-10-07T13:00,統括,0,0,0,0,0,0,0,0,0,充足,
2026-10-07T13:30,1F,11,5,0,0,0,0,6,4,0,充足,1F-05・1F-06・1F-14・1F-15・1F-30・1F-38
2026-10-07T13:30,2F,10,5,0,0,0,0,5,4,0,充足,2F-03・2F-05・2F-06・2F-15・2F-16
2026-10-07T13:30,3F,10,5,0,0,0,0,5,4,0,充足,3F-03・3F-04・3F-12・3F-15・3F-16
2026-10-07T13:30,統括,0,0,0,0,0,0,0,0,0,充足,
2026-10-07T14:00,1F,11,0,0,0,0,0,11,4,0,充足,1F-05・1F-06・1F-13・1F-14・1F-15・1F-16・1F-30・1F-38・1F-39・1F-40・1F-41
2026-10-07T14:00,2F,10,0,0,0,0,0,10,4,0,充足,1F-42・1F-43・2F-03・2F-05・2F-06・2F-13・2F-14・2F-15・2F-16・2F-25
2026-10-07T14:00,3F,10,0,0,0,0,0,10,4,0,充足,1F-27・1F-28・1F-29・3F-03・3F-04・3F-12・3F-13・3F-14・3F-15・3F-16
2026-10-07T14:00,統括,0,0,0,0,0,0,0,0,0,充足,
2026-10-07T14:30,1F,11,0,0,0,0,0,11,4,0,充足,1F-05・1F-06・1F-13・1F-14・1F-15・1F-16・1F-30・1F-38・1F-39・1F-40・1F-41
2026-10-07T14:30,2F,10,0,0,0,0,0,10,4,0,充足,1F-42・1F-43・2F-03・2F-05・2F-06・2F-13・2F-14・2F-15・2F-16・2F-25
2026-10-07T14:30,3F,10,0,0,0,0,0,10,4,0,充足,1F-27・1F-28・1F-29・3F-03・3F-04・3F-12・3F-13・3F-14・3F-15・3F-16
2026-10-07T14:30,統括,0,0,0,0,0,0,0,0,0,充足,
2026-10-07T15:00,1F,11,0,1,0,0,0,10,4,0,充足,1F-05・1F-06・1F-13・1F-14・1F-15・1F-16・1F-30・1F-38・1F-40・1F-41
2026-10-07T15:00,2F,10,0,1,0,0,0,9,4,0,充足,1F-42・1F-43・2F-03・2F-05・2F-06・2F-13・2F-14・2F-15・2F-16
2026-10-07T15:00,3F,10,0,1,0,0,0,9,4,0,充足,1F-27・1F-28・1F-29・3F-03・3F-04・3F-12・3F-14・3F-15・3F-16
2026-10-07T15:00,統括,0,0,0,0,0,0,0,0,0,充足,
2026-10-07T15:30,1F,11,0,1,0,0,0,10,4,0,充足,1F-05・1F-06・1F-13・1F-14・1F-15・1F-16・1F-30・1F-38・1F-40・1F-41
2026-10-07T15:30,2F,10,0,1,0,0,0,9,4,0,充足,1F-42・1F-43・2F-03・2F-05・2F-06・2F-13・2F-14・2F-15・2F-16
2026-10-07T15:30,3F,10,0,1,0,0,0,9,4,0,充足,1F-27・1F-28・1F-29・3F-03・3F-04・3F-12・3F-14・3F-15・3F-16
2026-10-07T15:30,統括,0,0,0,0,0,0,0,0,0,充足,
2026-10-07T16:00,1F,8,0,0,0,0,0,8,4,0,充足,1F-09・1F-10・1F-13・1F-16・1F-30・1F-39・1F-40・1F-41
2026-10-07T16:00,2F,7,0,0,0,0,0,7,4,0,充足,1F-42・1F-43・2F-09・2F-10・2F-13・2F-14・2F-25
2026-10-07T16:00,3F,7,0,0,0,0,0,7,4,0,充足,1F-27・1F-28・1F-29・3F-07・3F-08・3F-13・3F-14
2026-10-07T16:00,統括,2,0,0,0,0,0,2,0,0,充足,1F-25・1F-26
2026-10-07T16:30,1F,8,2,0,0,0,0,6,4,0,充足,1F-13・1F-16・1F-30・1F-39・1F-40・1F-41
2026-10-07T16:30,2F,7,2,0,0,0,0,5,4,0,充足,1F-42・1F-43・2F-13・2F-14・2F-25
2026-10-07T16:30,3F,7,0,0,0,0,0,7,4,0,充足,1F-27・1F-28・1F-29・3F-07・3F-08・3F-13・3F-14
2026-10-07T16:30,統括,2,0,0,0,0,0,2,0,0,充足,1F-25・1F-26
2026-10-07T17:00,1F,8,2,0,0,0,0,6,4,0,充足,1F-13・1F-16・1F-30・1F-39・1F-40・1F-41
2026-10-07T17:00,2F,7,2,0,0,0,0,5,4,0,充足,1F-42・1F-43・2F-13・2F-14・2F-25
2026-10-07T17:00,3F,7,0,0,0,0,0,7,4,0,充足,1F-27・1F-28・1F-29・3F-07・3F-08・3F-13・3F-14
2026-10-07T17:00,統括,2,0,0,0,0,0,2,0,0,充足,1F-25・1F-26
2026-10-07T17:30,1F,7,0,0,0,0,0,7,4,0,充足,1F-09・1F-10・1F-13・1F-16・1F-39・1F-40・1F-41
2026-10-07T17:30,2F,7,0,0,0,0,0,7,4,0,充足,1F-42・1F-43・2F-09・2F-10・2F-13・2F-14・2F-25
2026-10-07T17:30,3F,7,2,0,0,0,0,5,4,0,充足,1F-27・1F-28・1F-29・3F-13・3F-14
2026-10-07T17:30,統括,2,2,0,0,0,0,0,0,0,充足,
2026-10-07T18:00,1F,7,0,0,0,0,0,7,4,0,充足,1F-09・1F-10・1F-13・1F-16・1F-39・1F-40・1F-41
2026-10-07T18:00,2F,7,0,0,0,0,0,7,4,0,充足,1F-42・1F-43・2F-09・2F-10・2F-13・2F-14・2F-25
2026-10-07T18:00,3F,7,2,0,0,0,0,5,4,0,充足,1F-27・1F-28・1F-29・3F-13・3F-14
2026-10-07T18:00,統括,2,2,0,0,0,0,0,0,0,充足,
2026-10-07T18:30,1F,7,0,0,0,0,0,7,4,0,充足,1F-09・1F-10・1F-13・1F-16・1F-39・1F-40・1F-41
2026-10-07T18:30,2F,7,0,0,0,0,0,7,4,0,充足,1F-42・1F-43・2F-09・2F-10・2F-13・2F-14・2F-25
2026-10-07T18:30,3F,7,0,0,0,0,0,7,4,0,充足,1F-27・1F-28・1F-29・3F-07・3F-08・3F-13・3F-14
2026-10-07T18:30,統括,2,0,0,0,0,0,2,0,0,充足,1F-25・1F-26
2026-10-07T19:00,1F,2,0,0,0,0,0,2,2,0,充足,1F-09・1F-10
2026-10-07T19:00,2F,2,0,0,0,0,0,2,2,0,充足,2F-09・2F-10
2026-10-07T19:00,3F,2,0,0,0,0,0,2,2,0,充足,3F-07・3F-08
2026-10-07T19:00,統括,2,0,0,0,0,0,2,1,0,充足,1F-25・1F-26
2026-10-07T19:30,1F,2,0,0,0,0,0,2,2,0,充足,1F-09・1F-10
2026-10-07T19:30,2F,2,0,0,0,0,0,2,2,0,充足,2F-09・2F-10
2026-10-07T19:30,3F,2,0,0,0,0,0,2,2,0,充足,3F-07・3F-08
2026-10-07T19:30,統括,2,0,0,0,0,0,2,1,0,充足,1F-25・1F-26
2026-10-07T20:00,1F,2,0,0,0,0,0,2,2,0,充足,1F-09・1F-10
2026-10-07T20:00,2F,2,0,0,0,0,0,2,2,0,充足,2F-09・2F-10
2026-10-07T20:00,3F,2,0,0,0,0,0,2,2,0,充足,3F-07・3F-08
2026-10-07T20:00,統括,2,0,0,0,0,0,2,1,0,充足,1F-25・1F-26
2026-10-07T20:30,1F,2,0,0,0,0,0,2,2,0,充足,1F-09・1F-10
2026-10-07T20:30,2F,2,0,0,0,0,0,2,2,0,充足,2F-09・2F-10
2026-10-07T20:30,3F,2,0,0,0,0,0,2,2,0,充足,3F-07・3F-08
2026-10-07T20:30,統括,2,0,0,0,0,0,2,1,0,充足,1F-25・1F-26
2026-10-07T21:00,1F,2,1,0,0,0,1,2,2,0,充足,1F-10・1F-25
2026-10-07T21:00,2F,2,0,0,0,0,0,2,2,0,充足,2F-09・2F-10
2026-10-07T21:00,3F,2,0,0,0,0,0,2,2,0,充足,3F-07・3F-08
2026-10-07T21:00,統括,2,0,0,0,1,0,1,1,0,充足,1F-26
2026-10-07T21:30,1F,2,1,0,0,0,1,2,2,0,充足,1F-10・1F-25
2026-10-07T21:30,2F,2,0,0,0,0,0,2,2,0,充足,2F-09・2F-10
2026-10-07T21:30,3F,2,0,0,0,0,0,2,2,0,充足,3F-07・3F-08
2026-10-07T21:30,統括,2,0,0,0,1,0,1,1,0,充足,1F-26
2026-10-07T22:00,1F,3,2,0,0,1,2,2,2,0,充足,1F-25・2F-23
2026-10-07T22:00,2F,2,0,0,0,0,0,2,2,0,充足,2F-09・2F-10
2026-10-07T22:00,3F,2,0,0,0,0,0,2,2,0,充足,3F-07・3F-08
2026-10-07T22:00,統括,2,0,0,0,1,0,1,1,0,充足,1F-26
2026-10-07T22:30,1F,3,2,0,0,1,2,2,2,0,充足,1F-25・2F-23
2026-10-07T22:30,2F,2,0,0,0,0,0,2,2,0,充足,2F-09・2F-10
2026-10-07T22:30,3F,2,0,0,0,0,0,2,2,0,充足,3F-07・3F-08
2026-10-07T22:30,統括,2,0,0,0,1,0,1,1,0,充足,1F-26
2026-10-07T23:00,1F,3,1,0,0,1,1,2,2,0,充足,1F-09・2F-23
2026-10-07T23:00,2F,2,1,0,0,0,1,2,2,0,充足,1F-25・2F-10
2026-10-07T23:00,3F,2,0,0,0,0,0,2,2,0,充足,3F-07・3F-08
2026-10-07T23:00,統括,2,0,0,0,1,0,1,1,0,充足,1F-26
2026-10-07T23:30,1F,3,1,0,0,1,1,2,2,0,充足,1F-09・2F-23
2026-10-07T23:30,2F,2,1,0,0,0,1,2,2,0,充足,1F-25・2F-10
2026-10-07T23:30,3F,2,0,0,0,0,0,2,2,0,充足,3F-07・3F-08
2026-10-07T23:30,統括,2,0,0,0,1,0,1,1,0,充足,1F-26
2026-10-08T00:00,1F,3,0,0,0,1,0,2,2,0,充足,1F-09・1F-10
2026-10-08T00:00,2F,2,2,0,0,0,2,2,2,0,充足,1F-25・2F-23
2026-10-08T00:00,3F,2,0,0,0,0,0,2,2,0,充足,3F-07・3F-08
2026-10-08T00:00,統括,2,0,0,0,1,0,1,1,0,充足,1F-26
2026-10-08T00:30,1F,3,0,0,0,1,0,2,2,0,充足,1F-09・1F-10
2026-10-08T00:30,2F,2,2,0,0,0,2,2,2,0,充足,1F-25・2F-23
2026-10-08T00:30,3F,2,0,0,0,0,0,2,2,0,充足,3F-07・3F-08
2026-10-08T00:30,統括,2,0,0,0,1,0,1,1,0,充足,1F-26
2026-10-08T01:00,1F,2,0,0,0,0,0,2,2,0,充足,1F-09・1F-10
2026-10-08T01:00,2F,3,1,0,0,1,1,2,2,0,充足,1F-24・2F-09
2026-10-08T01:00,3F,2,1,0,0,0,1,2,2,0,充足,1F-25・3F-08
2026-10-08T01:00,統括,2,0,0,0,1,0,1,1,0,充足,1F-26
2026-10-08T01:30,1F,2,0,0,0,0,0,2,2,0,充足,1F-09・1F-10
2026-10-08T01:30,2F,3,1,0,0,1,1,2,2,0,充足,1F-24・2F-09
2026-10-08T01:30,3F,2,1,0,0,0,1,2,2,0,充足,1F-25・3F-08
2026-10-08T01:30,統括,2,0,0,0,1,0,1,1,0,充足,1F-26
2026-10-08T02:00,1F,2,0,0,0,0,0,2,2,0,充足,1F-09・1F-10
2026-10-08T02:00,2F,3,0,0,0,1,0,2,2,0,充足,2F-09・2F-10
2026-10-08T02:00,3F,2,2,0,0,0,2,2,2,0,充足,1F-24・1F-25
2026-10-08T02:00,統括,2,0,0,0,1,0,1,1,0,充足,1F-26
2026-10-08T02:30,1F,2,0,0,0,0,0,2,2,0,充足,1F-09・1F-10
2026-10-08T02:30,2F,3,0,0,0,1,0,2,2,0,充足,2F-09・2F-10
2026-10-08T02:30,3F,2,2,0,0,0,2,2,2,0,充足,1F-24・1F-25
2026-10-08T02:30,統括,2,0,0,0,1,0,1,1,0,充足,1F-26
2026-10-08T03:00,1F,2,0,0,0,0,0,2,2,0,充足,1F-09・1F-10
2026-10-08T03:00,2F,3,0,0,0,1,0,2,2,0,充足,2F-09・2F-10
2026-10-08T03:00,3F,2,1,0,0,0,1,2,2,0,充足,1F-24・3F-07
2026-10-08T03:00,統括,2,1,0,0,0,0,1,1,0,充足,1F-26
2026-10-08T03:30,1F,2,0,0,0,0,0,2,2,0,充足,1F-09・1F-10
2026-10-08T03:30,2F,3,0,0,0,1,0,2,2,0,充足,2F-09・2F-10
2026-10-08T03:30,3F,2,1,0,0,0,1,2,2,0,充足,1F-24・3F-07
2026-10-08T03:30,統括,2,1,0,0,0,0,1,1,0,充足,1F-26
2026-10-08T04:00,1F,2,0,0,0,0,0,2,2,0,充足,1F-09・1F-10
2026-10-08T04:00,2F,2,0,0,0,0,0,2,2,0,充足,2F-09・2F-10
2026-10-08T04:00,3F,2,0,0,0,0,0,2,2,0,充足,3F-07・3F-08
2026-10-08T04:00,統括,2,1,0,0,0,0,1,1,0,充足,1F-26
2026-10-08T04:30,1F,2,0,0,0,0,0,2,2,0,充足,1F-09・1F-10
2026-10-08T04:30,2F,2,0,0,0,0,0,2,2,0,充足,2F-09・2F-10
2026-10-08T04:30,3F,2,0,0,0,0,0,2,2,0,充足,3F-07・3F-08
2026-10-08T04:30,統括,2,1,0,0,0,0,1,1,0,充足,1F-26
2026-10-08T05:00,1F,2,0,0,0,0,0,2,2,0,充足,1F-09・1F-10
2026-10-08T05:00,2F,2,0,0,0,0,0,2,2,0,充足,2F-09・2F-10
2026-10-08T05:00,3F,2,0,0,0,0,0,2,2,0,充足,3F-07・3F-08
2026-10-08T05:00,統括,2,1,0,0,0,0,1,1,0,充足,1F-25
2026-10-08T05:30,1F,2,0,0,0,0,0,2,2,0,充足,1F-09・1F-10
2026-10-08T05:30,2F,2,0,0,0,0,0,2,2,0,充足,2F-09・2F-10
2026-10-08T05:30,3F,2,0,0,0,0,0,2,2,0,充足,3F-07・3F-08
2026-10-08T05:30,統括,2,1,0,0,0,0,1,1,0,充足,1F-25
2026-10-08T06:00,1F,2,0,0,0,0,0,2,2,0,充足,1F-09・1F-10
2026-10-08T06:00,2F,2,0,0,0,0,0,2,2,0,充足,2F-09・2F-10
2026-10-08T06:00,3F,2,0,0,0,0,0,2,2,0,充足,3F-07・3F-08
2026-10-08T06:00,統括,2,1,0,0,0,0,1,1,0,充足,1F-25
2026-10-08T06:30,1F,2,0,0,0,0,0,2,2,0,充足,1F-09・1F-10
2026-10-08T06:30,2F,2,0,0,0,0,0,2,2,0,充足,2F-09・2F-10
2026-10-08T06:30,3F,2,0,0,0,0,0,2,2,0,充足,3F-07・3F-08
2026-10-08T06:30,統括,2,1,0,0,0,0,1,1,0,充足,1F-25
2026-10-08T07:00,1F,7,0,0,0,0,0,7,4,0,充足,1F-01・1F-02・1F-09・1F-10・1F-31・1F-32・1F-33
2026-10-08T07:00,2F,8,0,0,0,0,0,8,4,0,充足,1F-38・1F-39・2F-09・2F-10・2F-15・2F-16・2F-19・2F-25
2026-10-08T07:00,3F,7,0,0,0,0,0,7,4,0,充足,1F-04・3F-03・3F-06・3F-07・3F-08・3F-15・3F-16
2026-10-08T07:00,統括,2,0,0,0,0,0,2,0,0,充足,1F-25・1F-26
2026-10-08T07:30,1F,7,0,0,0,0,0,7,4,0,充足,1F-01・1F-02・1F-09・1F-10・1F-31・1F-32・1F-33
2026-10-08T07:30,2F,8,0,0,0,0,0,8,4,0,充足,1F-38・1F-39・2F-09・2F-10・2F-15・2F-16・2F-19・2F-25
2026-10-08T07:30,3F,7,0,0,0,0,0,7,4,0,充足,1F-04・3F-03・3F-06・3F-07・3F-08・3F-15・3F-16
2026-10-08T07:30,統括,2,0,0,0,0,0,2,0,0,充足,1F-25・1F-26
2026-10-08T08:00,1F,7,0,0,0,0,0,7,4,0,充足,1F-01・1F-02・1F-09・1F-10・1F-31・1F-32・1F-33
2026-10-08T08:00,2F,8,0,0,0,0,0,8,4,0,充足,1F-38・1F-39・2F-09・2F-10・2F-15・2F-16・2F-19・2F-25
2026-10-08T08:00,3F,7,0,0,0,0,0,7,4,0,充足,1F-04・3F-03・3F-06・3F-07・3F-08・3F-15・3F-16
2026-10-08T08:00,統括,2,0,0,0,0,0,2,0,0,充足,1F-25・1F-26
2026-10-08T08:30,1F,7,0,0,0,0,0,7,4,0,充足,1F-01・1F-02・1F-09・1F-10・1F-31・1F-32・1F-33
2026-10-08T08:30,2F,8,0,0,0,0,0,8,4,0,充足,1F-38・1F-39・2F-09・2F-10・2F-15・2F-16・2F-19・2F-25
2026-10-08T08:30,3F,7,0,0,0,0,0,7,4,0,充足,1F-04・3F-03・3F-06・3F-07・3F-08・3F-15・3F-16
2026-10-08T08:30,統括,2,0,0,0,0,0,2,0,0,充足,1F-25・1F-26
2026-10-08T09:00,1F,5,0,0,0,0,0,5,4,0,充足,1F-01・1F-02・1F-31・1F-32・1F-33
2026-10-08T09:00,2F,6,0,0,0,0,0,6,4,0,充足,1F-38・1F-39・2F-15・2F-16・2F-19・2F-25
2026-10-08T09:00,3F,5,0,0,0,0,0,5,4,0,充足,1F-04・3F-03・3F-06・3F-15・3F-16
2026-10-08T09:00,統括,0,0,0,0,0,0,0,0,0,充足,
2026-10-08T09:30,1F,5,0,0,0,0,0,5,4,0,充足,1F-01・1F-02・1F-31・1F-32・1F-33
2026-10-08T09:30,2F,6,0,0,0,0,0,6,4,0,充足,1F-38・1F-39・2F-15・2F-16・2F-19・2F-25
2026-10-08T09:30,3F,5,0,0,0,0,0,5,4,0,充足,1F-04・3F-03・3F-06・3F-15・3F-16
2026-10-08T09:30,統括,0,0,0,0,0,0,0,0,0,充足,
2026-10-08T10:00,1F,10,0,1,0,0,0,9,4,0,充足,1F-02・1F-16・1F-31・1F-32・1F-33・1F-34・1F-35・1F-36・1F-37
2026-10-08T10:00,2F,11,0,1,0,0,0,10,4,0,充足,1F-03・1F-38・1F-39・1F-40・1F-41・1F-42・1F-43・2F-16・2F-19・2F-25
2026-10-08T10:00,3F,10,0,1,0,0,0,9,4,0,充足,1F-04・1F-27・1F-28・1F-29・1F-30・3F-06・3F-15・3F-16・3F-25
2026-10-08T10:00,統括,0,0,0,0,0,0,0,0,0,充足,
2026-10-08T10:30,1F,10,0,1,0,0,0,9,4,0,充足,1F-02・1F-16・1F-31・1F-32・1F-33・1F-34・1F-35・1F-36・1F-37
2026-10-08T10:30,2F,11,0,1,0,0,0,10,4,0,充足,1F-03・1F-38・1F-39・1F-40・1F-41・1F-42・1F-43・2F-16・2F-19・2F-25
2026-10-08T10:30,3F,10,0,1,0,0,0,9,4,0,充足,1F-04・1F-27・1F-28・1F-29・1F-30・3F-06・3F-15・3F-16・3F-25
2026-10-08T10:30,統括,0,0,0,0,0,0,0,0,0,充足,
2026-10-08T11:00,1F,10,5,0,0,0,0,5,4,0,充足,1F-16・1F-34・1F-35・1F-36・1F-37
2026-10-08T11:00,2F,11,5,0,0,0,0,6,4,0,充足,1F-03・1F-40・1F-41・1F-42・1F-43・2F-19
2026-10-08T11:00,3F,10,5,0,0,0,0,5,4,0,充足,1F-27・1F-28・1F-29・1F-30・3F-25
2026-10-08T11:00,統括,0,0,0,0,0,0,0,0,0,充足,
2026-10-08T11:30,1F,10,5,0,0,0,0,5,4,0,充足,1F-16・1F-34・1F-35・1F-36・1F-37
2026-10-08T11:30,2F,11,5,0,0,0,0,6,4,0,充足,1F-03・1F-40・1F-41・1F-42・1F-43・2F-19
2026-10-08T11:30,3F,10,5,0,0,0,0,5,4,0,充足,1F-27・1F-28・1F-29・1F-30・3F-25
2026-10-08T11:30,統括,0,0,0,0,0,0,0,0,0,充足,
2026-10-08T12:00,1F,10,0,0,0,0,0,10,4,0,充足,1F-01・1F-02・1F-16・1F-31・1F-32・1F-33・1F-34・1F-35・1F-36・1F-37
2026-10-08T12:00,2F,10,0,0,0,0,0,10,4,0,充足,1F-03・1F-38・1F-39・1F-40・1F-41・1F-42・1F-43・2F-15・2F-16・2F-25
2026-10-08T12:00,3F,10,0,0,0,0,0,10,4,0,充足,1F-04・1F-27・1F-28・1F-29・1F-30・3F-03・3F-06・3F-15・3F-16・3F-25
2026-10-08T12:00,統括,0,0,0,0,0,0,0,0,0,充足,
2026-10-08T12:30,1F,10,0,0,0,0,0,10,4,0,充足,1F-01・1F-02・1F-16・1F-31・1F-32・1F-33・1F-34・1F-35・1F-36・1F-37
2026-10-08T12:30,2F,10,0,0,0,0,0,10,4,0,充足,1F-03・1F-38・1F-39・1F-40・1F-41・1F-42・1F-43・2F-15・2F-16・2F-25
2026-10-08T12:30,3F,10,0,0,0,0,0,10,4,0,充足,1F-04・1F-27・1F-28・1F-29・1F-30・3F-03・3F-06・3F-15・3F-16・3F-25
2026-10-08T12:30,統括,0,0,0,0,0,0,0,0,0,充足,
2026-10-08T13:00,1F,10,5,0,0,0,0,5,4,0,充足,1F-01・1F-02・1F-31・1F-32・1F-33
2026-10-08T13:00,2F,10,5,0,0,0,0,5,4,0,充足,1F-38・1F-39・2F-15・2F-16・2F-25
2026-10-08T13:00,3F,10,5,0,0,0,0,5,4,0,充足,1F-04・3F-03・3F-06・3F-15・3F-16
2026-10-08T13:00,統括,0,0,0,0,0,0,0,0,0,充足,
2026-10-08T13:30,1F,10,5,0,0,0,0,5,4,0,充足,1F-01・1F-02・1F-31・1F-32・1F-33
2026-10-08T13:30,2F,10,5,0,0,0,0,5,4,0,充足,1F-38・1F-39・2F-15・2F-16・2F-25
2026-10-08T13:30,3F,10,5,0,0,0,0,5,4,0,充足,1F-04・3F-03・3F-06・3F-15・3F-16
2026-10-08T13:30,統括,0,0,0,0,0,0,0,0,0,充足,
2026-10-08T14:00,1F,10,0,0,0,0,0,10,4,0,充足,1F-01・1F-02・1F-16・1F-31・1F-32・1F-33・1F-34・1F-35・1F-36・1F-37
2026-10-08T14:00,2F,10,0,0,0,0,0,10,4,0,充足,1F-03・1F-38・1F-39・1F-40・1F-41・1F-42・1F-43・2F-15・2F-16・2F-25
2026-10-08T14:00,3F,10,0,0,0,0,0,10,4,0,充足,1F-04・1F-27・1F-28・1F-29・1F-30・3F-03・3F-06・3F-15・3F-16・3F-25
2026-10-08T14:00,統括,0,0,0,0,0,0,0,0,0,充足,
2026-10-08T14:30,1F,10,0,0,0,0,0,10,4,0,充足,1F-01・1F-02・1F-16・1F-31・1F-32・1F-33・1F-34・1F-35・1F-36・1F-37
2026-10-08T14:30,2F,10,0,0,0,0,0,10,4,0,充足,1F-03・1F-38・1F-39・1F-40・1F-41・1F-42・1F-43・2F-15・2F-16・2F-25
2026-10-08T14:30,3F,10,0,0,0,0,0,10,4,0,充足,1F-04・1F-27・1F-28・1F-29・1F-30・3F-03・3F-06・3F-15・3F-16・3F-25
2026-10-08T14:30,統括,0,0,0,0,0,0,0,0,0,充足,
2026-10-08T15:00,1F,10,0,1,0,0,0,9,4,0,充足,1F-01・1F-02・1F-16・1F-31・1F-32・1F-33・1F-35・1F-36・1F-37
2026-10-08T15:00,2F,10,0,1,0,0,0,9,4,0,充足,1F-03・1F-38・1F-39・1F-41・1F-42・1F-43・2F-15・2F-16・2F-25
2026-10-08T15:00,3F,10,0,1,0,0,0,9,4,0,充足,1F-04・1F-28・1F-29・1F-30・3F-03・3F-06・3F-15・3F-16・3F-25
2026-10-08T15:00,統括,0,0,0,0,0,0,0,0,0,充足,
2026-10-08T15:30,1F,10,0,1,0,0,0,9,4,0,充足,1F-01・1F-02・1F-16・1F-31・1F-32・1F-33・1F-35・1F-36・1F-37
2026-10-08T15:30,2F,10,0,1,0,0,0,9,4,0,充足,1F-03・1F-38・1F-39・1F-41・1F-42・1F-43・2F-15・2F-16・2F-25
2026-10-08T15:30,3F,10,0,1,0,0,0,9,4,0,充足,1F-04・1F-28・1F-29・1F-30・3F-03・3F-06・3F-15・3F-16・3F-25
2026-10-08T15:30,統括,0,0,0,0,0,0,0,0,0,充足,
2026-10-08T16:00,1F,7,0,0,0,0,0,7,4,0,充足,1F-13・1F-14・1F-16・1F-34・1F-35・1F-36・1F-37
2026-10-08T16:00,2F,7,0,0,0,0,0,7,4,0,充足,1F-03・1F-40・1F-41・1F-42・1F-43・2F-13・2F-14
2026-10-08T16:00,3F,7,0,0,0,0,0,7,4,0,充足,1F-27・1F-28・1F-29・1F-30・3F-13・3F-14・3F-25
2026-10-08T16:00,統括,2,0,0,0,0,0,2,0,0,充足,2F-01・2F-02
2026-10-08T16:30,1F,7,2,0,0,0,0,5,4,0,充足,1F-16・1F-34・1F-35・1F-36・1F-37
2026-10-08T16:30,2F,7,2,0,0,0,0,5,4,0,充足,1F-03・1F-40・1F-41・1F-42・1F-43
2026-10-08T16:30,3F,7,0,0,0,0,0,7,4,0,充足,1F-27・1F-28・1F-29・1F-30・3F-13・3F-14・3F-25
2026-10-08T16:30,統括,2,0,0,0,0,0,2,0,0,充足,2F-01・2F-02
2026-10-08T17:00,1F,7,2,0,0,0,0,5,4,0,充足,1F-16・1F-34・1F-35・1F-36・1F-37
2026-10-08T17:00,2F,7,2,0,0,0,0,5,4,0,充足,1F-03・1F-40・1F-41・1F-42・1F-43
2026-10-08T17:00,3F,7,0,0,0,0,0,7,4,0,充足,1F-27・1F-28・1F-29・1F-30・3F-13・3F-14・3F-25
2026-10-08T17:00,統括,2,0,0,0,0,0,2,0,0,充足,2F-01・2F-02
2026-10-08T17:30,1F,7,0,0,0,0,0,7,4,0,充足,1F-13・1F-14・1F-16・1F-34・1F-35・1F-36・1F-37
2026-10-08T17:30,2F,7,0,0,0,0,0,7,4,0,充足,1F-03・1F-40・1F-41・1F-42・1F-43・2F-13・2F-14
2026-10-08T17:30,3F,7,2,0,0,0,0,5,4,0,充足,1F-27・1F-28・1F-29・1F-30・3F-25
2026-10-08T17:30,統括,2,2,0,0,0,0,0,0,0,充足,
2026-10-08T18:00,1F,7,0,0,0,0,0,7,4,0,充足,1F-13・1F-14・1F-16・1F-34・1F-35・1F-36・1F-37
2026-10-08T18:00,2F,7,0,0,0,0,0,7,4,0,充足,1F-03・1F-40・1F-41・1F-42・1F-43・2F-13・2F-14
2026-10-08T18:00,3F,7,2,0,0,0,0,5,4,0,充足,1F-27・1F-28・1F-29・1F-30・3F-25
2026-10-08T18:00,統括,2,2,0,0,0,0,0,0,0,充足,
2026-10-08T18:30,1F,7,0,0,0,0,0,7,4,0,充足,1F-13・1F-14・1F-16・1F-34・1F-35・1F-36・1F-37
2026-10-08T18:30,2F,7,0,0,0,0,0,7,4,0,充足,1F-03・1F-40・1F-41・1F-42・1F-43・2F-13・2F-14
2026-10-08T18:30,3F,7,0,0,0,0,0,7,4,0,充足,1F-27・1F-28・1F-29・1F-30・3F-13・3F-14・3F-25
2026-10-08T18:30,統括,2,0,0,0,0,0,2,0,0,充足,2F-01・2F-02
2026-10-08T19:00,1F,2,0,0,0,0,0,2,2,0,充足,1F-13・1F-14
2026-10-08T19:00,2F,2,0,0,0,0,0,2,2,0,充足,2F-13・2F-14
2026-10-08T19:00,3F,2,0,0,0,0,0,2,2,0,充足,3F-13・3F-14
2026-10-08T19:00,統括,2,0,0,0,0,0,2,1,0,充足,2F-01・2F-02
2026-10-08T19:30,1F,2,0,0,0,0,0,2,2,0,充足,1F-13・1F-14
2026-10-08T19:30,2F,2,0,0,0,0,0,2,2,0,充足,2F-13・2F-14
2026-10-08T19:30,3F,2,0,0,0,0,0,2,2,0,充足,3F-13・3F-14
2026-10-08T19:30,統括,2,0,0,0,0,0,2,1,0,充足,2F-01・2F-02
2026-10-08T20:00,1F,2,0,0,0,0,0,2,2,0,充足,1F-13・1F-14
2026-10-08T20:00,2F,2,0,0,0,0,0,2,2,0,充足,2F-13・2F-14
2026-10-08T20:00,3F,2,0,0,0,0,0,2,2,0,充足,3F-13・3F-14
2026-10-08T20:00,統括,2,0,0,0,0,0,2,1,0,充足,2F-01・2F-02
2026-10-08T20:30,1F,2,0,0,0,0,0,2,2,0,充足,1F-13・1F-14
2026-10-08T20:30,2F,2,0,0,0,0,0,2,2,0,充足,2F-13・2F-14
2026-10-08T20:30,3F,2,0,0,0,0,0,2,2,0,充足,3F-13・3F-14
2026-10-08T20:30,統括,2,0,0,0,0,0,2,1,0,充足,2F-01・2F-02
2026-10-08T21:00,1F,2,1,0,0,0,1,2,2,0,充足,1F-13・2F-01
2026-10-08T21:00,2F,2,0,0,0,0,0,2,2,0,充足,2F-13・2F-14
2026-10-08T21:00,3F,2,0,0,0,0,0,2,2,0,充足,3F-13・3F-14
2026-10-08T21:00,統括,2,0,0,0,1,0,1,1,0,充足,2F-02
2026-10-08T21:30,1F,2,1,0,0,0,1,2,2,0,充足,1F-13・2F-01
2026-10-08T21:30,2F,2,0,0,0,0,0,2,2,0,充足,2F-13・2F-14
2026-10-08T21:30,3F,2,0,0,0,0,0,2,2,0,充足,3F-13・3F-14
2026-10-08T21:30,統括,2,0,0,0,1,0,1,1,0,充足,2F-02
2026-10-08T22:00,1F,3,2,0,0,1,2,2,2,0,充足,1F-23・2F-01
2026-10-08T22:00,2F,2,0,0,0,0,0,2,2,0,充足,2F-13・2F-14
2026-10-08T22:00,3F,2,0,0,0,0,0,2,2,0,充足,3F-13・3F-14
2026-10-08T22:00,統括,2,0,0,0,1,0,1,1,0,充足,2F-02
2026-10-08T22:30,1F,3,2,0,0,1,2,2,2,0,充足,1F-23・2F-01
2026-10-08T22:30,2F,2,0,0,0,0,0,2,2,0,充足,2F-13・2F-14
2026-10-08T22:30,3F,2,0,0,0,0,0,2,2,0,充足,3F-13・3F-14
2026-10-08T22:30,統括,2,0,0,0,1,0,1,1,0,充足,2F-02
2026-10-08T23:00,1F,3,1,0,0,1,1,2,2,0,充足,1F-14・1F-23
2026-10-08T23:00,2F,2,1,0,0,0,1,2,2,0,充足,2F-01・2F-14
2026-10-08T23:00,3F,2,0,0,0,0,0,2,2,0,充足,3F-13・3F-14
2026-10-08T23:00,統括,2,0,0,0,1,0,1,1,0,充足,2F-02
2026-10-08T23:30,1F,3,1,0,0,1,1,2,2,0,充足,1F-14・1F-23
2026-10-08T23:30,2F,2,1,0,0,0,1,2,2,0,充足,2F-01・2F-14
2026-10-08T23:30,3F,2,0,0,0,0,0,2,2,0,充足,3F-13・3F-14
2026-10-08T23:30,統括,2,0,0,0,1,0,1,1,0,充足,2F-02
2026-10-09T00:00,1F,3,0,0,0,1,0,2,2,0,充足,1F-13・1F-14
2026-10-09T00:00,2F,2,2,0,0,0,2,2,2,0,充足,1F-23・2F-01
2026-10-09T00:00,3F,2,0,0,0,0,0,2,2,0,充足,3F-13・3F-14
2026-10-09T00:00,統括,2,0,0,0,1,0,1,1,0,充足,2F-02
2026-10-09T00:30,1F,3,0,0,0,1,0,2,2,0,充足,1F-13・1F-14
2026-10-09T00:30,2F,2,2,0,0,0,2,2,2,0,充足,1F-23・2F-01
2026-10-09T00:30,3F,2,0,0,0,0,0,2,2,0,充足,3F-13・3F-14
2026-10-09T00:30,統括,2,0,0,0,1,0,1,1,0,充足,2F-02
2026-10-09T01:00,1F,2,0,0,0,0,0,2,2,0,充足,1F-13・1F-14
2026-10-09T01:00,2F,3,1,0,0,1,1,2,2,0,充足,2F-13・3F-24
2026-10-09T01:00,3F,2,1,0,0,0,1,2,2,0,充足,2F-01・3F-14
2026-10-09T01:00,統括,2,0,0,0,1,0,1,1,0,充足,2F-02
2026-10-09T01:30,1F,2,0,0,0,0,0,2,2,0,充足,1F-13・1F-14
2026-10-09T01:30,2F,3,1,0,0,1,1,2,2,0,充足,2F-13・3F-24
2026-10-09T01:30,3F,2,1,0,0,0,1,2,2,0,充足,2F-01・3F-14
2026-10-09T01:30,統括,2,0,0,0,1,0,1,1,0,充足,2F-02
2026-10-09T02:00,1F,2,0,0,0,0,0,2,2,0,充足,1F-13・1F-14
2026-10-09T02:00,2F,3,0,0,0,1,0,2,2,0,充足,2F-13・2F-14
2026-10-09T02:00,3F,2,2,0,0,0,2,2,2,0,充足,2F-01・3F-24
2026-10-09T02:00,統括,2,0,0,0,1,0,1,1,0,充足,2F-02
2026-10-09T02:30,1F,2,0,0,0,0,0,2,2,0,充足,1F-13・1F-14
2026-10-09T02:30,2F,3,0,0,0,1,0,2,2,0,充足,2F-13・2F-14
2026-10-09T02:30,3F,2,2,0,0,0,2,2,2,0,充足,2F-01・3F-24
2026-10-09T02:30,統括,2,0,0,0,1,0,1,1,0,充足,2F-02
2026-10-09T03:00,1F,2,0,0,0,0,0,2,2,0,充足,1F-13・1F-14
2026-10-09T03:00,2F,3,0,0,0,1,0,2,2,0,充足,2F-13・2F-14
2026-10-09T03:00,3F,2,1,0,0,0,1,2,2,0,充足,3F-13・3F-24
2026-10-09T03:00,統括,2,1,0,0,0,0,1,1,0,充足,2F-02
2026-10-09T03:30,1F,2,0,0,0,0,0,2,2,0,充足,1F-13・1F-14
2026-10-09T03:30,2F,3,0,0,0,1,0,2,2,0,充足,2F-13・2F-14
2026-10-09T03:30,3F,2,1,0,0,0,1,2,2,0,充足,3F-13・3F-24
2026-10-09T03:30,統括,2,1,0,0,0,0,1,1,0,充足,2F-02
2026-10-09T04:00,1F,2,0,0,0,0,0,2,2,0,充足,1F-13・1F-14
2026-10-09T04:00,2F,2,0,0,0,0,0,2,2,0,充足,2F-13・2F-14
2026-10-09T04:00,3F,2,0,0,0,0,0,2,2,0,充足,3F-13・3F-14
2026-10-09T04:00,統括,2,1,0,0,0,0,1,1,0,充足,2F-02
2026-10-09T04:30,1F,2,0,0,0,0,0,2,2,0,充足,1F-13・1F-14
2026-10-09T04:30,2F,2,0,0,0,0,0,2,2,0,充足,2F-13・2F-14
2026-10-09T04:30,3F,2,0,0,0,0,0,2,2,0,充足,3F-13・3F-14
2026-10-09T04:30,統括,2,1,0,0,0,0,1,1,0,充足,2F-02
2026-10-09T05:00,1F,2,0,0,0,0,0,2,2,0,充足,1F-13・1F-14
2026-10-09T05:00,2F,2,0,0,0,0,0,2,2,0,充足,2F-13・2F-14
2026-10-09T05:00,3F,2,0,0,0,0,0,2,2,0,充足,3F-13・3F-14
2026-10-09T05:00,統括,2,1,0,0,0,0,1,1,0,充足,2F-01
2026-10-09T05:30,1F,2,0,0,0,0,0,2,2,0,充足,1F-13・1F-14
2026-10-09T05:30,2F,2,0,0,0,0,0,2,2,0,充足,2F-13・2F-14
2026-10-09T05:30,3F,2,0,0,0,0,0,2,2,0,充足,3F-13・3F-14
2026-10-09T05:30,統括,2,1,0,0,0,0,1,1,0,充足,2F-01
2026-10-09T06:00,1F,2,0,0,0,0,0,2,2,0,充足,1F-13・1F-14
2026-10-09T06:00,2F,2,0,0,0,0,0,2,2,0,充足,2F-13・2F-14
2026-10-09T06:00,3F,2,0,0,0,0,0,2,2,0,充足,3F-13・3F-14
2026-10-09T06:00,統括,2,1,0,0,0,0,1,1,0,充足,2F-01
2026-10-09T06:30,1F,2,0,0,0,0,0,2,2,0,充足,1F-13・1F-14
2026-10-09T06:30,2F,2,0,0,0,0,0,2,2,0,充足,2F-13・2F-14
2026-10-09T06:30,3F,2,0,0,0,0,0,2,2,0,充足,3F-13・3F-14
2026-10-09T06:30,統括,2,1,0,0,0,0,1,1,0,充足,2F-01
2026-10-09T07:00,1F,7,0,0,0,0,0,7,4,0,充足,1F-02・1F-03・1F-04・1F-13・1F-14・1F-31・1F-32
2026-10-09T07:00,2F,7,0,0,0,0,0,7,4,0,充足,1F-38・1F-39・1F-40・1F-41・2F-13・2F-14・3F-25
2026-10-09T07:00,3F,7,0,0,0,0,0,7,4,0,充足,1F-30・3F-13・3F-14・3F-26・3F-27・3F-28・3F-29
2026-10-09T07:00,統括,2,0,0,0,0,0,2,0,0,充足,2F-01・2F-02
2026-10-09T07:30,1F,7,0,0,0,0,0,7,4,0,充足,1F-02・1F-03・1F-04・1F-13・1F-14・1F-31・1F-32
2026-10-09T07:30,2F,7,0,0,0,0,0,7,4,0,充足,1F-38・1F-39・1F-40・1F-41・2F-13・2F-14・3F-25
2026-10-09T07:30,3F,7,0,0,0,0,0,7,4,0,充足,1F-30・3F-13・3F-14・3F-26・3F-27・3F-28・3F-29
2026-10-09T07:30,統括,2,0,0,0,0,0,2,0,0,充足,2F-01・2F-02
2026-10-09T08:00,1F,7,0,0,0,0,0,7,4,0,充足,1F-02・1F-03・1F-04・1F-13・1F-14・1F-31・1F-32
2026-10-09T08:00,2F,7,0,0,0,0,0,7,4,0,充足,1F-38・1F-39・1F-40・1F-41・2F-13・2F-14・3F-25
2026-10-09T08:00,3F,7,0,0,0,0,0,7,4,0,充足,1F-30・3F-13・3F-14・3F-26・3F-27・3F-28・3F-29
2026-10-09T08:00,統括,2,0,0,0,0,0,2,0,0,充足,2F-01・2F-02
2026-10-09T08:30,1F,8,0,0,0,0,0,8,4,0,充足,1F-02・1F-03・1F-04・1F-05・1F-13・1F-14・1F-31・1F-32
2026-10-09T08:30,2F,7,0,0,0,0,0,7,4,0,充足,1F-38・1F-39・1F-40・1F-41・2F-13・2F-14・3F-25
2026-10-09T08:30,3F,7,0,0,0,0,0,7,4,0,充足,1F-30・3F-13・3F-14・3F-26・3F-27・3F-28・3F-29
2026-10-09T08:30,統括,2,0,0,0,0,0,2,0,0,充足,2F-01・2F-02
2026-10-09T09:00,1F,6,0,0,0,0,0,6,4,0,充足,1F-02・1F-03・1F-04・1F-05・1F-31・1F-32
2026-10-09T09:00,2F,5,0,0,0,0,0,5,4,0,充足,1F-38・1F-39・1F-40・1F-41・3F-25
2026-10-09T09:00,3F,5,0,0,0,0,0,5,4,0,充足,1F-30・3F-26・3F-27・3F-28・3F-29
2026-10-09T09:00,統括,0,0,0,0,0,0,0,0,0,充足,
2026-10-09T09:30,1F,6,0,0,0,0,0,6,4,0,充足,1F-02・1F-03・1F-04・1F-05・1F-31・1F-32
2026-10-09T09:30,2F,5,0,0,0,0,0,5,4,0,充足,1F-38・1F-39・1F-40・1F-41・3F-25
2026-10-09T09:30,3F,5,0,0,0,0,0,5,4,0,充足,1F-30・3F-26・3F-27・3F-28・3F-29
2026-10-09T09:30,統括,0,0,0,0,0,0,0,0,0,充足,
2026-10-09T10:00,1F,11,0,1,0,0,0,10,4,0,充足,1F-02・1F-03・1F-04・1F-05・1F-32・1F-33・1F-34・1F-35・1F-36・1F-37
2026-10-09T10:00,2F,10,0,1,0,0,0,9,4,0,充足,1F-27・1F-28・1F-29・1F-38・1F-39・1F-40・1F-41・1F-42・1F-43
2026-10-09T10:00,3F,10,0,1,0,0,0,9,4,0,充足,3F-26・3F-27・3F-28・3F-29・3F-30・3F-31・3F-32・3F-33・3F-34
2026-10-09T10:00,統括,0,0,0,0,0,0,0,0,0,充足,
2026-10-09T10:30,1F,11,0,1,0,0,0,10,4,0,充足,1F-02・1F-03・1F-04・1F-05・1F-32・1F-33・1F-34・1F-35・1F-36・1F-37
2026-10-09T10:30,2F,10,0,1,0,0,0,9,4,0,充足,1F-27・1F-28・1F-29・1F-38・1F-39・1F-40・1F-41・1F-42・1F-43
2026-10-09T10:30,3F,10,0,1,0,0,0,9,4,0,充足,3F-26・3F-27・3F-28・3F-29・3F-30・3F-31・3F-32・3F-33・3F-34
2026-10-09T10:30,統括,0,0,0,0,0,0,0,0,0,充足,
2026-10-09T11:00,1F,11,5,0,0,0,0,6,4,0,充足,1F-05・1F-33・1F-34・1F-35・1F-36・1F-37
2026-10-09T11:00,2F,10,5,0,0,0,0,5,4,0,充足,1F-27・1F-28・1F-29・1F-42・1F-43
2026-10-09T11:00,3F,10,5,0,0,0,0,5,4,0,充足,3F-30・3F-31・3F-32・3F-33・3F-34
2026-10-09T11:00,統括,0,0,0,0,0,0,0,0,0,充足,
2026-10-09T11:30,1F,11,5,0,0,0,0,6,4,0,充足,1F-05・1F-33・1F-34・1F-35・1F-36・1F-37
2026-10-09T11:30,2F,10,5,0,0,0,0,5,4,0,充足,1F-27・1F-28・1F-29・1F-42・1F-43
2026-10-09T11:30,3F,10,5,0,0,0,0,5,4,0,充足,3F-30・3F-31・3F-32・3F-33・3F-34
2026-10-09T11:30,統括,0,0,0,0,0,0,0,0,0,充足,
2026-10-09T12:00,1F,11,1,0,0,0,0,10,4,0,充足,1F-02・1F-03・1F-04・1F-31・1F-32・1F-33・1F-34・1F-35・1F-36・1F-37
2026-10-09T12:00,2F,10,0,0,0,0,0,10,4,0,充足,1F-27・1F-28・1F-29・1F-38・1F-39・1F-40・1F-41・1F-42・1F-43・3F-25
2026-10-09T12:00,3F,10,0,0,0,0,0,10,4,0,充足,1F-30・3F-26・3F-27・3F-28・3F-29・3F-30・3F-31・3F-32・3F-33・3F-34
2026-10-09T12:00,統括,0,0,0,0,0,0,0,0,0,充足,
2026-10-09T12:30,1F,11,1,0,0,0,0,10,4,0,充足,1F-02・1F-03・1F-04・1F-31・1F-32・1F-33・1F-34・1F-35・1F-36・1F-37
2026-10-09T12:30,2F,10,0,0,0,0,0,10,4,0,充足,1F-27・1F-28・1F-29・1F-38・1F-39・1F-40・1F-41・1F-42・1F-43・3F-25
2026-10-09T12:30,3F,10,0,0,0,0,0,10,4,0,充足,1F-30・3F-26・3F-27・3F-28・3F-29・3F-30・3F-31・3F-32・3F-33・3F-34
2026-10-09T12:30,統括,0,0,0,0,0,0,0,0,0,充足,
2026-10-09T13:00,1F,11,5,0,0,0,0,6,4,0,充足,1F-02・1F-03・1F-04・1F-05・1F-31・1F-32
2026-10-09T13:00,2F,10,5,0,0,0,0,5,4,0,充足,1F-38・1F-39・1F-40・1F-41・3F-25
2026-10-09T13:00,3F,10,5,0,0,0,0,5,4,0,充足,1F-30・3F-26・3F-27・3F-28・3F-29
2026-10-09T13:00,統括,0,0,0,0,0,0,0,0,0,充足,
2026-10-09T13:30,1F,11,5,0,0,0,0,6,4,0,充足,1F-02・1F-03・1F-04・1F-05・1F-31・1F-32
2026-10-09T13:30,2F,10,5,0,0,0,0,5,4,0,充足,1F-38・1F-39・1F-40・1F-41・3F-25
2026-10-09T13:30,3F,10,5,0,0,0,0,5,4,0,充足,1F-30・3F-26・3F-27・3F-28・3F-29
2026-10-09T13:30,統括,0,0,0,0,0,0,0,0,0,充足,
2026-10-09T14:00,1F,11,0,0,0,0,0,11,4,0,充足,1F-02・1F-03・1F-04・1F-05・1F-31・1F-32・1F-33・1F-34・1F-35・1F-36・1F-37
2026-10-09T14:00,2F,10,0,0,0,0,0,10,4,0,充足,1F-27・1F-28・1F-29・1F-38・1F-39・1F-40・1F-41・1F-42・1F-43・3F-25
2026-10-09T14:00,3F,10,0,0,0,0,0,10,4,0,充足,1F-30・3F-26・3F-27・3F-28・3F-29・3F-30・3F-31・3F-32・3F-33・3F-34
2026-10-09T14:00,統括,0,0,0,0,0,0,0,0,0,充足,
2026-10-09T14:30,1F,11,0,0,0,0,0,11,4,0,充足,1F-02・1F-03・1F-04・1F-05・1F-31・1F-32・1F-33・1F-34・1F-35・1F-36・1F-37
2026-10-09T14:30,2F,10,0,0,0,0,0,10,4,0,充足,1F-27・1F-28・1F-29・1F-38・1F-39・1F-40・1F-41・1F-42・1F-43・3F-25
2026-10-09T14:30,3F,10,0,0,0,0,0,10,4,0,充足,1F-30・3F-26・3F-27・3F-28・3F-29・3F-30・3F-31・3F-32・3F-33・3F-34
2026-10-09T14:30,統括,0,0,0,0,0,0,0,0,0,充足,
2026-10-09T15:00,1F,11,0,1,0,0,0,10,4,0,充足,1F-02・1F-03・1F-04・1F-05・1F-31・1F-32・1F-34・1F-35・1F-36・1F-37
2026-10-09T15:00,2F,10,0,1,0,0,0,9,4,0,充足,1F-27・1F-28・1F-29・1F-38・1F-39・1F-40・1F-41・1F-43・3F-25
2026-10-09T15:00,3F,10,0,1,0,0,0,9,4,0,充足,1F-30・3F-26・3F-27・3F-28・3F-29・3F-31・3F-32・3F-33・3F-34
2026-10-09T15:00,統括,0,0,0,0,0,0,0,0,0,充足,
2026-10-09T15:30,1F,11,0,1,0,0,0,10,4,0,充足,1F-02・1F-03・1F-04・1F-05・1F-31・1F-32・1F-34・1F-35・1F-36・1F-37
2026-10-09T15:30,2F,10,0,1,0,0,0,9,4,0,充足,1F-27・1F-28・1F-29・1F-38・1F-39・1F-40・1F-41・1F-43・3F-25
2026-10-09T15:30,3F,10,0,1,0,0,0,9,4,0,充足,1F-30・3F-26・3F-27・3F-28・3F-29・3F-31・3F-32・3F-33・3F-34
2026-10-09T15:30,統括,0,0,0,0,0,0,0,0,0,充足,
2026-10-09T16:00,1F,8,0,0,0,0,0,8,4,0,充足,1F-05・1F-11・1F-12・1F-33・1F-34・1F-35・1F-36・1F-37
2026-10-09T16:00,2F,7,0,0,0,0,0,7,4,0,充足,1F-27・1F-28・1F-29・1F-42・1F-43・2F-11・2F-12
2026-10-09T16:00,3F,7,0,0,0,0,0,7,4,0,充足,3F-10・3F-11・3F-30・3F-31・3F-32・3F-33・3F-34
2026-10-09T16:00,統括,2,0,0,0,0,0,2,0,0,充足,2F-03・3F-01
2026-10-09T16:30,1F,8,2,0,0,0,0,6,4,0,充足,1F-05・1F-33・1F-34・1F-35・1F-36・1F-37
2026-10-09T16:30,2F,7,2,0,0,0,0,5,4,0,充足,1F-27・1F-28・1F-29・1F-42・1F-43
2026-10-09T16:30,3F,7,0,0,0,0,0,7,4,0,充足,3F-10・3F-11・3F-30・3F-31・3F-32・3F-33・3F-34
2026-10-09T16:30,統括,2,0,0,0,0,0,2,0,0,充足,2F-03・3F-01
2026-10-09T17:00,1F,8,2,0,0,0,0,6,4,0,充足,1F-05・1F-33・1F-34・1F-35・1F-36・1F-37
2026-10-09T17:00,2F,7,2,0,0,0,0,5,4,0,充足,1F-27・1F-28・1F-29・1F-42・1F-43
2026-10-09T17:00,3F,7,0,0,0,0,0,7,4,0,充足,3F-10・3F-11・3F-30・3F-31・3F-32・3F-33・3F-34
2026-10-09T17:00,統括,2,0,0,0,0,0,2,0,0,充足,2F-03・3F-01
2026-10-09T17:30,1F,7,0,0,0,0,0,7,4,0,充足,1F-11・1F-12・1F-33・1F-34・1F-35・1F-36・1F-37
2026-10-09T17:30,2F,7,0,0,0,0,0,7,4,0,充足,1F-27・1F-28・1F-29・1F-42・1F-43・2F-11・2F-12
2026-10-09T17:30,3F,7,2,0,0,0,0,5,4,0,充足,3F-30・3F-31・3F-32・3F-33・3F-34
2026-10-09T17:30,統括,2,2,0,0,0,0,0,0,0,充足,
2026-10-09T18:00,1F,7,0,0,0,0,0,7,4,0,充足,1F-11・1F-12・1F-33・1F-34・1F-35・1F-36・1F-37
2026-10-09T18:00,2F,7,0,0,0,0,0,7,4,0,充足,1F-27・1F-28・1F-29・1F-42・1F-43・2F-11・2F-12
2026-10-09T18:00,3F,7,2,0,0,0,0,5,4,0,充足,3F-30・3F-31・3F-32・3F-33・3F-34
2026-10-09T18:00,統括,2,2,0,0,0,0,0,0,0,充足,
2026-10-09T18:30,1F,7,0,0,0,0,0,7,4,0,充足,1F-11・1F-12・1F-33・1F-34・1F-35・1F-36・1F-37
2026-10-09T18:30,2F,7,0,0,0,0,0,7,4,0,充足,1F-27・1F-28・1F-29・1F-42・1F-43・2F-11・2F-12
2026-10-09T18:30,3F,7,0,0,0,0,0,7,4,0,充足,3F-10・3F-11・3F-30・3F-31・3F-32・3F-33・3F-34
2026-10-09T18:30,統括,2,0,0,0,0,0,2,0,0,充足,2F-03・3F-01
2026-10-09T19:00,1F,2,0,0,0,0,0,2,2,0,充足,1F-11・1F-12
2026-10-09T19:00,2F,2,0,0,0,0,0,2,2,0,充足,2F-11・2F-12
2026-10-09T19:00,3F,2,0,0,0,0,0,2,2,0,充足,3F-10・3F-11
2026-10-09T19:00,統括,2,0,0,0,0,0,2,1,0,充足,2F-03・3F-01
2026-10-09T19:30,1F,2,0,0,0,0,0,2,2,0,充足,1F-11・1F-12
2026-10-09T19:30,2F,2,0,0,0,0,0,2,2,0,充足,2F-11・2F-12
2026-10-09T19:30,3F,2,0,0,0,0,0,2,2,0,充足,3F-10・3F-11
2026-10-09T19:30,統括,2,0,0,0,0,0,2,1,0,充足,2F-03・3F-01
2026-10-09T20:00,1F,2,0,0,0,0,0,2,2,0,充足,1F-11・1F-12
2026-10-09T20:00,2F,2,0,0,0,0,0,2,2,0,充足,2F-11・2F-12
2026-10-09T20:00,3F,2,0,0,0,0,0,2,2,0,充足,3F-10・3F-11
2026-10-09T20:00,統括,2,0,0,0,0,0,2,1,0,充足,2F-03・3F-01
2026-10-09T20:30,1F,2,0,0,0,0,0,2,2,0,充足,1F-11・1F-12
2026-10-09T20:30,2F,2,0,0,0,0,0,2,2,0,充足,2F-11・2F-12
2026-10-09T20:30,3F,2,0,0,0,0,0,2,2,0,充足,3F-10・3F-11
2026-10-09T20:30,統括,2,0,0,0,0,0,2,1,0,充足,2F-03・3F-01
2026-10-09T21:00,1F,2,1,0,0,0,1,2,2,0,充足,1F-12・2F-03
2026-10-09T21:00,2F,2,0,0,0,0,0,2,2,0,充足,2F-11・2F-12
2026-10-09T21:00,3F,2,0,0,0,0,0,2,2,0,充足,3F-10・3F-11
2026-10-09T21:00,統括,2,0,0,0,1,0,1,1,0,充足,3F-01
2026-10-09T21:30,1F,2,1,0,0,0,1,2,2,0,充足,1F-12・2F-03
2026-10-09T21:30,2F,2,0,0,0,0,0,2,2,0,充足,2F-11・2F-12
2026-10-09T21:30,3F,2,0,0,0,0,0,2,2,0,充足,3F-10・3F-11
2026-10-09T21:30,統括,2,0,0,0,1,0,1,1,0,充足,3F-01
2026-10-09T22:00,1F,3,2,0,0,1,2,2,2,0,充足,1F-25・2F-03
2026-10-09T22:00,2F,2,0,0,0,0,0,2,2,0,充足,2F-11・2F-12
2026-10-09T22:00,3F,2,0,0,0,0,0,2,2,0,充足,3F-10・3F-11
2026-10-09T22:00,統括,2,0,0,0,1,0,1,1,0,充足,3F-01
2026-10-09T22:30,1F,3,2,0,0,1,2,2,2,0,充足,1F-25・2F-03
2026-10-09T22:30,2F,2,0,0,0,0,0,2,2,0,充足,2F-11・2F-12
2026-10-09T22:30,3F,2,0,0,0,0,0,2,2,0,充足,3F-10・3F-11
2026-10-09T22:30,統括,2,0,0,0,1,0,1,1,0,充足,3F-01
2026-10-09T23:00,1F,3,1,0,0,1,1,2,2,0,充足,1F-11・1F-25
2026-10-09T23:00,2F,2,1,0,0,0,1,2,2,0,充足,2F-03・2F-12
2026-10-09T23:00,3F,2,0,0,0,0,0,2,2,0,充足,3F-10・3F-11
2026-10-09T23:00,統括,2,0,0,0,1,0,1,1,0,充足,3F-01
2026-10-09T23:30,1F,3,1,0,0,1,1,2,2,0,充足,1F-11・1F-25
2026-10-09T23:30,2F,2,1,0,0,0,1,2,2,0,充足,2F-03・2F-12
2026-10-09T23:30,3F,2,0,0,0,0,0,2,2,0,充足,3F-10・3F-11
2026-10-09T23:30,統括,2,0,0,0,1,0,1,1,0,充足,3F-01
2026-10-10T00:00,1F,3,0,0,0,1,0,2,2,0,充足,1F-11・1F-12
2026-10-10T00:00,2F,2,2,0,0,0,2,2,2,0,充足,1F-25・2F-03
2026-10-10T00:00,3F,2,0,0,0,0,0,2,2,0,充足,3F-10・3F-11
2026-10-10T00:00,統括,2,0,0,0,1,0,1,1,0,充足,3F-01
2026-10-10T00:30,1F,3,0,0,0,1,0,2,2,0,充足,1F-11・1F-12
2026-10-10T00:30,2F,2,2,0,0,0,2,2,2,0,充足,1F-25・2F-03
2026-10-10T00:30,3F,2,0,0,0,0,0,2,2,0,充足,3F-10・3F-11
2026-10-10T00:30,統括,2,0,0,0,1,0,1,1,0,充足,3F-01
2026-10-10T01:00,1F,2,0,0,0,0,0,2,2,0,充足,1F-11・1F-12
2026-10-10T01:00,2F,3,1,0,0,1,1,2,2,0,充足,1F-24・2F-11
2026-10-10T01:00,3F,2,1,0,0,0,1,2,2,0,充足,2F-03・3F-11
2026-10-10T01:00,統括,2,0,0,0,1,0,1,1,0,充足,3F-01
2026-10-10T01:30,1F,2,0,0,0,0,0,2,2,0,充足,1F-11・1F-12
2026-10-10T01:30,2F,3,1,0,0,1,1,2,2,0,充足,1F-24・2F-11
2026-10-10T01:30,3F,2,1,0,0,0,1,2,2,0,充足,2F-03・3F-11
2026-10-10T01:30,統括,2,0,0,0,1,0,1,1,0,充足,3F-01
2026-10-10T02:00,1F,2,0,0,0,0,0,2,2,0,充足,1F-11・1F-12
2026-10-10T02:00,2F,3,0,0,0,1,0,2,2,0,充足,2F-11・2F-12
2026-10-10T02:00,3F,2,2,0,0,0,2,2,2,0,充足,1F-24・2F-03
2026-10-10T02:00,統括,2,0,0,0,1,0,1,1,0,充足,3F-01
2026-10-10T02:30,1F,2,0,0,0,0,0,2,2,0,充足,1F-11・1F-12
2026-10-10T02:30,2F,3,0,0,0,1,0,2,2,0,充足,2F-11・2F-12
2026-10-10T02:30,3F,2,2,0,0,0,2,2,2,0,充足,1F-24・2F-03
2026-10-10T02:30,統括,2,0,0,0,1,0,1,1,0,充足,3F-01
2026-10-10T03:00,1F,2,0,0,0,0,0,2,2,0,充足,1F-11・1F-12
2026-10-10T03:00,2F,3,0,0,0,1,0,2,2,0,充足,2F-11・2F-12
2026-10-10T03:00,3F,2,1,0,0,0,1,2,2,0,充足,1F-24・3F-10
2026-10-10T03:00,統括,2,1,0,0,0,0,1,1,0,充足,3F-01
2026-10-10T03:30,1F,2,0,0,0,0,0,2,2,0,充足,1F-11・1F-12
2026-10-10T03:30,2F,3,0,0,0,1,0,2,2,0,充足,2F-11・2F-12
2026-10-10T03:30,3F,2,1,0,0,0,1,2,2,0,充足,1F-24・3F-10
2026-10-10T03:30,統括,2,1,0,0,0,0,1,1,0,充足,3F-01
2026-10-10T04:00,1F,2,0,0,0,0,0,2,2,0,充足,1F-11・1F-12
2026-10-10T04:00,2F,2,0,0,0,0,0,2,2,0,充足,2F-11・2F-12
2026-10-10T04:00,3F,2,0,0,0,0,0,2,2,0,充足,3F-10・3F-11
2026-10-10T04:00,統括,2,1,0,0,0,0,1,1,0,充足,3F-01
2026-10-10T04:30,1F,2,0,0,0,0,0,2,2,0,充足,1F-11・1F-12
2026-10-10T04:30,2F,2,0,0,0,0,0,2,2,0,充足,2F-11・2F-12
2026-10-10T04:30,3F,2,0,0,0,0,0,2,2,0,充足,3F-10・3F-11
2026-10-10T04:30,統括,2,1,0,0,0,0,1,1,0,充足,3F-01
2026-10-10T05:00,1F,2,0,0,0,0,0,2,2,0,充足,1F-11・1F-12
2026-10-10T05:00,2F,2,0,0,0,0,0,2,2,0,充足,2F-11・2F-12
2026-10-10T05:00,3F,2,0,0,0,0,0,2,2,0,充足,3F-10・3F-11
2026-10-10T05:00,統括,2,1,0,0,0,0,1,1,0,充足,2F-03
2026-10-10T05:30,1F,2,0,0,0,0,0,2,2,0,充足,1F-11・1F-12
2026-10-10T05:30,2F,2,0,0,0,0,0,2,2,0,充足,2F-11・2F-12
2026-10-10T05:30,3F,2,0,0,0,0,0,2,2,0,充足,3F-10・3F-11
2026-10-10T05:30,統括,2,1,0,0,0,0,1,1,0,充足,2F-03
2026-10-10T06:00,1F,2,0,0,0,0,0,2,2,0,充足,1F-11・1F-12
2026-10-10T06:00,2F,2,0,0,0,0,0,2,2,0,充足,2F-11・2F-12
2026-10-10T06:00,3F,2,0,0,0,0,0,2,2,0,充足,3F-10・3F-11
2026-10-10T06:00,統括,2,1,0,0,0,0,1,1,0,充足,2F-03
2026-10-10T06:30,1F,2,0,0,0,0,0,2,2,0,充足,1F-11・1F-12
2026-10-10T06:30,2F,2,0,0,0,0,0,2,2,0,充足,2F-11・2F-12
2026-10-10T06:30,3F,2,0,0,0,0,0,2,2,0,充足,3F-10・3F-11
2026-10-10T06:30,統括,2,1,0,0,0,0,1,1,0,充足,2F-03
2026-10-10T07:00,1F,7,0,0,0,0,0,7,4,0,充足,1F-06・1F-11・1F-12・1F-15・1F-31・1F-32・1F-33
2026-10-10T07:00,2F,7,0,0,0,0,0,7,4,0,充足,2F-11・2F-12・3F-26・3F-27・3F-28・3F-29・3F-30
2026-10-10T07:00,3F,7,0,0,0,0,0,7,4,0,充足,1F-39・1F-40・1F-41・1F-42・1F-43・3F-10・3F-11
2026-10-10T07:00,統括,2,0,0,0,0,0,2,0,0,充足,2F-03・3F-01
2026-10-10T07:30,1F,7,0,0,0,0,0,7,4,0,充足,1F-06・1F-11・1F-12・1F-15・1F-31・1F-32・1F-33
2026-10-10T07:30,2F,7,0,0,0,0,0,7,4,0,充足,2F-11・2F-12・3F-26・3F-27・3F-28・3F-29・3F-30
2026-10-10T07:30,3F,7,0,0,0,0,0,7,4,0,充足,1F-39・1F-40・1F-41・1F-42・1F-43・3F-10・3F-11
2026-10-10T07:30,統括,2,0,0,0,0,0,2,0,0,充足,2F-03・3F-01
2026-10-10T08:00,1F,7,0,0,0,0,0,7,4,0,充足,1F-06・1F-11・1F-12・1F-15・1F-31・1F-32・1F-33
2026-10-10T08:00,2F,7,0,0,0,0,0,7,4,0,充足,2F-11・2F-12・3F-26・3F-27・3F-28・3F-29・3F-30
2026-10-10T08:00,3F,7,0,0,0,0,0,7,4,0,充足,1F-39・1F-40・1F-41・1F-42・1F-43・3F-10・3F-11
2026-10-10T08:00,統括,2,0,0,0,0,0,2,0,0,充足,2F-03・3F-01
2026-10-10T08:30,1F,7,0,0,0,0,0,7,4,0,充足,1F-06・1F-11・1F-12・1F-15・1F-31・1F-32・1F-33
2026-10-10T08:30,2F,7,0,0,0,0,0,7,4,0,充足,2F-11・2F-12・3F-26・3F-27・3F-28・3F-29・3F-30
2026-10-10T08:30,3F,7,0,0,0,0,0,7,4,0,充足,1F-39・1F-40・1F-41・1F-42・1F-43・3F-10・3F-11
2026-10-10T08:30,統括,2,0,0,0,0,0,2,0,0,充足,2F-03・3F-01
2026-10-10T09:00,1F,5,0,0,0,0,0,5,4,0,充足,1F-06・1F-15・1F-31・1F-32・1F-33
2026-10-10T09:00,2F,5,0,0,0,0,0,5,4,0,充足,3F-26・3F-27・3F-28・3F-29・3F-30
2026-10-10T09:00,3F,5,0,0,0,0,0,5,4,0,充足,1F-39・1F-40・1F-41・1F-42・1F-43
2026-10-10T09:00,統括,0,0,0,0,0,0,0,0,0,充足,
2026-10-10T09:30,1F,5,0,0,0,0,0,5,4,0,充足,1F-06・1F-15・1F-31・1F-32・1F-33
2026-10-10T09:30,2F,5,0,0,0,0,0,5,4,0,充足,3F-26・3F-27・3F-28・3F-29・3F-30
2026-10-10T09:30,3F,5,0,0,0,0,0,5,4,0,充足,1F-39・1F-40・1F-41・1F-42・1F-43
2026-10-10T09:30,統括,0,0,0,0,0,0,0,0,0,充足,
2026-10-10T10:00,1F,10,0,1,0,0,0,9,4,0,充足,1F-15・1F-31・1F-32・1F-33・1F-34・1F-35・1F-36・1F-37・1F-38
2026-10-10T10:00,2F,10,0,1,0,0,0,9,4,0,充足,3F-25・3F-27・3F-28・3F-29・3F-30・3F-31・3F-32・3F-33・3F-34
2026-10-10T10:00,3F,10,0,1,0,0,0,9,4,0,充足,1F-40・1F-41・1F-42・1F-43・3F-35・3F-36・3F-37・3F-38・3F-39
2026-10-10T10:00,統括,0,0,0,0,0,0,0,0,0,充足,
2026-10-10T10:30,1F,10,0,1,0,0,0,9,4,0,充足,1F-15・1F-31・1F-32・1F-33・1F-34・1F-35・1F-36・1F-37・1F-38
2026-10-10T10:30,2F,10,0,1,0,0,0,9,4,0,充足,3F-25・3F-27・3F-28・3F-29・3F-30・3F-31・3F-32・3F-33・3F-34
2026-10-10T10:30,3F,10,0,1,0,0,0,9,4,0,充足,1F-40・1F-41・1F-42・1F-43・3F-35・3F-36・3F-37・3F-38・3F-39
2026-10-10T10:30,統括,0,0,0,0,0,0,0,0,0,充足,
2026-10-10T11:00,1F,10,5,0,0,0,0,5,4,0,充足,1F-34・1F-35・1F-36・1F-37・1F-38
2026-10-10T11:00,2F,10,5,0,0,0,0,5,4,0,充足,3F-25・3F-31・3F-32・3F-33・3F-34
2026-10-10T11:00,3F,10,5,0,0,0,0,5,4,0,充足,3F-35・3F-36・3F-37・3F-38・3F-39
2026-10-10T11:00,統括,0,0,0,0,0,0,0,0,0,充足,
2026-10-10T11:30,1F,10,5,0,0,0,0,5,4,0,充足,1F-34・1F-35・1F-36・1F-37・1F-38
2026-10-10T11:30,2F,10,5,0,0,0,0,5,4,0,充足,3F-25・3F-31・3F-32・3F-33・3F-34
2026-10-10T11:30,3F,10,5,0,0,0,0,5,4,0,充足,3F-35・3F-36・3F-37・3F-38・3F-39
2026-10-10T11:30,統括,0,0,0,0,0,0,0,0,0,充足,
2026-10-10T12:00,1F,10,0,0,0,0,0,10,4,0,充足,1F-06・1F-15・1F-31・1F-32・1F-33・1F-34・1F-35・1F-36・1F-37・1F-38
2026-10-10T12:00,2F,10,0,0,0,0,0,10,4,0,充足,3F-25・3F-26・3F-27・3F-28・3F-29・3F-30・3F-31・3F-32・3F-33・3F-34
2026-10-10T12:00,3F,10,0,0,0,0,0,10,4,0,充足,1F-39・1F-40・1F-41・1F-42・1F-43・3F-35・3F-36・3F-37・3F-38・3F-39
2026-10-10T12:00,統括,0,0,0,0,0,0,0,0,0,充足,
2026-10-10T12:30,1F,10,0,0,0,0,0,10,4,0,充足,1F-06・1F-15・1F-31・1F-32・1F-33・1F-34・1F-35・1F-36・1F-37・1F-38
2026-10-10T12:30,2F,10,0,0,0,0,0,10,4,0,充足,3F-25・3F-26・3F-27・3F-28・3F-29・3F-30・3F-31・3F-32・3F-33・3F-34
2026-10-10T12:30,3F,10,0,0,0,0,0,10,4,0,充足,1F-39・1F-40・1F-41・1F-42・1F-43・3F-35・3F-36・3F-37・3F-38・3F-39
2026-10-10T12:30,統括,0,0,0,0,0,0,0,0,0,充足,
2026-10-10T13:00,1F,10,5,0,0,0,0,5,4,0,充足,1F-06・1F-15・1F-31・1F-32・1F-33
2026-10-10T13:00,2F,10,5,0,0,0,0,5,4,0,充足,3F-26・3F-27・3F-28・3F-29・3F-30
2026-10-10T13:00,3F,10,5,0,0,0,0,5,4,0,充足,1F-39・1F-40・1F-41・1F-42・1F-43
2026-10-10T13:00,統括,0,0,0,0,0,0,0,0,0,充足,
2026-10-10T13:30,1F,10,5,0,0,0,0,5,4,0,充足,1F-06・1F-15・1F-31・1F-32・1F-33
2026-10-10T13:30,2F,10,5,0,0,0,0,5,4,0,充足,3F-26・3F-27・3F-28・3F-29・3F-30
2026-10-10T13:30,3F,10,5,0,0,0,0,5,4,0,充足,1F-39・1F-40・1F-41・1F-42・1F-43
2026-10-10T13:30,統括,0,0,0,0,0,0,0,0,0,充足,
2026-10-10T14:00,1F,10,0,0,0,0,0,10,4,0,充足,1F-06・1F-15・1F-31・1F-32・1F-33・1F-34・1F-35・1F-36・1F-37・1F-38
2026-10-10T14:00,2F,10,0,0,0,0,0,10,4,0,充足,3F-25・3F-26・3F-27・3F-28・3F-29・3F-30・3F-31・3F-32・3F-33・3F-34
2026-10-10T14:00,3F,11,0,0,0,0,0,11,4,0,充足,1F-39・1F-40・1F-41・1F-42・1F-43・3F-18・3F-35・3F-36・3F-37・3F-38・3F-39
2026-10-10T14:00,統括,0,0,0,0,0,0,0,0,0,充足,
2026-10-10T14:30,1F,10,0,0,0,0,0,10,4,0,充足,1F-06・1F-15・1F-31・1F-32・1F-33・1F-34・1F-35・1F-36・1F-37・1F-38
2026-10-10T14:30,2F,10,0,0,0,0,0,10,4,0,充足,3F-25・3F-26・3F-27・3F-28・3F-29・3F-30・3F-31・3F-32・3F-33・3F-34
2026-10-10T14:30,3F,11,0,0,0,0,0,11,4,0,充足,1F-39・1F-40・1F-41・1F-42・1F-43・3F-18・3F-35・3F-36・3F-37・3F-38・3F-39
2026-10-10T14:30,統括,0,0,0,0,0,0,0,0,0,充足,
2026-10-10T15:00,1F,10,0,1,0,0,0,9,4,0,充足,1F-06・1F-15・1F-31・1F-32・1F-33・1F-35・1F-36・1F-37・1F-38
2026-10-10T15:00,2F,10,0,1,0,0,0,9,4,0,充足,3F-25・3F-26・3F-27・3F-28・3F-29・3F-30・3F-32・3F-33・3F-34
2026-10-10T15:00,3F,11,0,1,0,0,0,10,4,0,充足,1F-39・1F-40・1F-41・1F-42・1F-43・3F-18・3F-36・3F-37・3F-38・3F-39
2026-10-10T15:00,統括,0,0,0,0,0,0,0,0,0,充足,
2026-10-10T15:30,1F,10,0,1,0,0,0,9,4,0,充足,1F-06・1F-15・1F-31・1F-32・1F-33・1F-35・1F-36・1F-37・1F-38
2026-10-10T15:30,2F,10,0,1,0,0,0,9,4,0,充足,3F-25・3F-26・3F-27・3F-28・3F-29・3F-30・3F-32・3F-33・3F-34
2026-10-10T15:30,3F,11,0,1,0,0,0,10,4,0,充足,1F-39・1F-40・1F-41・1F-42・1F-43・3F-18・3F-36・3F-37・3F-38・3F-39
2026-10-10T15:30,統括,0,0,0,0,0,0,0,0,0,充足,
2026-10-10T16:00,1F,7,0,0,0,0,0,7,4,0,充足,1F-07・1F-08・1F-34・1F-35・1F-36・1F-37・1F-38
2026-10-10T16:00,2F,7,0,0,0,0,0,7,4,0,充足,2F-07・2F-08・3F-25・3F-31・3F-32・3F-33・3F-34
2026-10-10T16:00,3F,8,0,0,0,0,0,8,4,0,充足,3F-09・3F-12・3F-18・3F-35・3F-36・3F-37・3F-38・3F-39
2026-10-10T16:00,統括,2,0,0,0,0,0,2,0,0,充足,2F-04・3F-02
2026-10-10T16:30,1F,7,2,0,0,0,0,5,4,0,充足,1F-34・1F-35・1F-36・1F-37・1F-38
2026-10-10T16:30,2F,7,2,0,0,0,0,5,4,0,充足,3F-25・3F-31・3F-32・3F-33・3F-34
2026-10-10T16:30,3F,8,0,0,0,0,0,8,4,0,充足,3F-09・3F-12・3F-18・3F-35・3F-36・3F-37・3F-38・3F-39
2026-10-10T16:30,統括,2,0,0,0,0,0,2,0,0,充足,2F-04・3F-02
2026-10-10T17:00,1F,7,2,0,0,0,0,5,4,0,充足,1F-34・1F-35・1F-36・1F-37・1F-38
2026-10-10T17:00,2F,7,2,0,0,0,0,5,4,0,充足,3F-25・3F-31・3F-32・3F-33・3F-34
2026-10-10T17:00,3F,8,0,0,0,0,0,8,4,0,充足,3F-09・3F-12・3F-18・3F-35・3F-36・3F-37・3F-38・3F-39
2026-10-10T17:00,統括,2,0,0,0,0,0,2,0,0,充足,2F-04・3F-02
2026-10-10T17:30,1F,7,0,0,0,0,0,7,4,0,充足,1F-07・1F-08・1F-34・1F-35・1F-36・1F-37・1F-38
2026-10-10T17:30,2F,7,0,0,0,0,0,7,4,0,充足,2F-07・2F-08・3F-25・3F-31・3F-32・3F-33・3F-34
2026-10-10T17:30,3F,8,2,0,0,0,0,6,4,0,充足,3F-18・3F-35・3F-36・3F-37・3F-38・3F-39
2026-10-10T17:30,統括,2,2,0,0,0,0,0,0,0,充足,
2026-10-10T18:00,1F,7,0,0,0,0,0,7,4,0,充足,1F-07・1F-08・1F-34・1F-35・1F-36・1F-37・1F-38
2026-10-10T18:00,2F,7,0,0,0,0,0,7,4,0,充足,2F-07・2F-08・3F-25・3F-31・3F-32・3F-33・3F-34
2026-10-10T18:00,3F,8,2,0,0,0,0,6,4,0,充足,3F-18・3F-35・3F-36・3F-37・3F-38・3F-39
2026-10-10T18:00,統括,2,2,0,0,0,0,0,0,0,充足,
2026-10-10T18:30,1F,7,0,0,0,0,0,7,4,0,充足,1F-07・1F-08・1F-34・1F-35・1F-36・1F-37・1F-38
2026-10-10T18:30,2F,7,0,0,0,0,0,7,4,0,充足,2F-07・2F-08・3F-25・3F-31・3F-32・3F-33・3F-34
2026-10-10T18:30,3F,8,0,0,0,0,0,8,4,0,充足,3F-09・3F-12・3F-18・3F-35・3F-36・3F-37・3F-38・3F-39
2026-10-10T18:30,統括,2,0,0,0,0,0,2,0,0,充足,2F-04・3F-02
2026-10-10T19:00,1F,2,0,0,0,0,0,2,2,0,充足,1F-07・1F-08
2026-10-10T19:00,2F,2,0,0,0,0,0,2,2,0,充足,2F-07・2F-08
2026-10-10T19:00,3F,2,0,0,0,0,0,2,2,0,充足,3F-09・3F-12
2026-10-10T19:00,統括,2,0,0,0,0,0,2,1,0,充足,2F-04・3F-02
2026-10-10T19:30,1F,2,0,0,0,0,0,2,2,0,充足,1F-07・1F-08
2026-10-10T19:30,2F,2,0,0,0,0,0,2,2,0,充足,2F-07・2F-08
2026-10-10T19:30,3F,2,0,0,0,0,0,2,2,0,充足,3F-09・3F-12
2026-10-10T19:30,統括,2,0,0,0,0,0,2,1,0,充足,2F-04・3F-02
2026-10-10T20:00,1F,2,0,0,0,0,0,2,2,0,充足,1F-07・1F-08
2026-10-10T20:00,2F,2,0,0,0,0,0,2,2,0,充足,2F-07・2F-08
2026-10-10T20:00,3F,2,0,0,0,0,0,2,2,0,充足,3F-09・3F-12
2026-10-10T20:00,統括,2,0,0,0,0,0,2,1,0,充足,2F-04・3F-02
2026-10-10T20:30,1F,2,0,0,0,0,0,2,2,0,充足,1F-07・1F-08
2026-10-10T20:30,2F,2,0,0,0,0,0,2,2,0,充足,2F-07・2F-08
2026-10-10T20:30,3F,2,0,0,0,0,0,2,2,0,充足,3F-09・3F-12
2026-10-10T20:30,統括,2,0,0,0,0,0,2,1,0,充足,2F-04・3F-02
2026-10-10T21:00,1F,2,1,0,0,0,1,2,2,0,充足,1F-08・3F-02
2026-10-10T21:00,2F,2,0,0,0,0,0,2,2,0,充足,2F-07・2F-08
2026-10-10T21:00,3F,2,0,0,0,0,0,2,2,0,充足,3F-09・3F-12
2026-10-10T21:00,統括,2,0,0,0,1,0,1,1,0,充足,2F-04
2026-10-10T21:30,1F,2,1,0,0,0,1,2,2,0,充足,1F-08・3F-02
2026-10-10T21:30,2F,2,0,0,0,0,0,2,2,0,充足,2F-07・2F-08
2026-10-10T21:30,3F,2,0,0,0,0,0,2,2,0,充足,3F-09・3F-12
2026-10-10T21:30,統括,2,0,0,0,1,0,1,1,0,充足,2F-04
2026-10-10T22:00,1F,3,2,0,0,1,2,2,2,0,充足,1F-26・3F-02
2026-10-10T22:00,2F,2,0,0,0,0,0,2,2,0,充足,2F-07・2F-08
2026-10-10T22:00,3F,2,0,0,0,0,0,2,2,0,充足,3F-09・3F-12
2026-10-10T22:00,統括,2,0,0,0,1,0,1,1,0,充足,2F-04
2026-10-10T22:30,1F,3,2,0,0,1,2,2,2,0,充足,1F-26・3F-02
2026-10-10T22:30,2F,2,0,0,0,0,0,2,2,0,充足,2F-07・2F-08
2026-10-10T22:30,3F,2,0,0,0,0,0,2,2,0,充足,3F-09・3F-12
2026-10-10T22:30,統括,2,0,0,0,1,0,1,1,0,充足,2F-04
2026-10-10T23:00,1F,3,1,0,0,1,1,2,2,0,充足,1F-07・1F-26
2026-10-10T23:00,2F,2,1,0,0,0,1,2,2,0,充足,2F-08・3F-02
2026-10-10T23:00,3F,2,0,0,0,0,0,2,2,0,充足,3F-09・3F-12
2026-10-10T23:00,統括,2,0,0,0,1,0,1,1,0,充足,2F-04
2026-10-10T23:30,1F,3,1,0,0,1,1,2,2,0,充足,1F-07・1F-26
2026-10-10T23:30,2F,2,1,0,0,0,1,2,2,0,充足,2F-08・3F-02
2026-10-10T23:30,3F,2,0,0,0,0,0,2,2,0,充足,3F-09・3F-12
2026-10-10T23:30,統括,2,0,0,0,1,0,1,1,0,充足,2F-04
2026-10-11T00:00,1F,3,0,0,0,1,0,2,2,0,充足,1F-07・1F-08
2026-10-11T00:00,2F,2,2,0,0,0,2,2,2,0,充足,1F-26・3F-02
2026-10-11T00:00,3F,2,0,0,0,0,0,2,2,0,充足,3F-09・3F-12
2026-10-11T00:00,統括,2,0,0,0,1,0,1,1,0,充足,2F-04
2026-10-11T00:30,1F,3,0,0,0,1,0,2,2,0,充足,1F-07・1F-08
2026-10-11T00:30,2F,2,2,0,0,0,2,2,2,0,充足,1F-26・3F-02
2026-10-11T00:30,3F,2,0,0,0,0,0,2,2,0,充足,3F-09・3F-12
2026-10-11T00:30,統括,2,0,0,0,1,0,1,1,0,充足,2F-04
2026-10-11T01:00,1F,2,0,0,0,0,0,2,2,0,充足,1F-07・1F-08
2026-10-11T01:00,2F,3,1,0,0,1,1,2,2,0,充足,2F-07・3F-24
2026-10-11T01:00,3F,2,1,0,0,0,1,2,2,0,充足,3F-02・3F-12
2026-10-11T01:00,統括,2,0,0,0,1,0,1,1,0,充足,2F-04
2026-10-11T01:30,1F,2,0,0,0,0,0,2,2,0,充足,1F-07・1F-08
2026-10-11T01:30,2F,3,1,0,0,1,1,2,2,0,充足,2F-07・3F-24
2026-10-11T01:30,3F,2,1,0,0,0,1,2,2,0,充足,3F-02・3F-12
2026-10-11T01:30,統括,2,0,0,0,1,0,1,1,0,充足,2F-04
2026-10-11T02:00,1F,2,0,0,0,0,0,2,2,0,充足,1F-07・1F-08
2026-10-11T02:00,2F,3,0,0,0,1,0,2,2,0,充足,2F-07・2F-08
2026-10-11T02:00,3F,2,2,0,0,0,2,2,2,0,充足,3F-02・3F-24
2026-10-11T02:00,統括,2,0,0,0,1,0,1,1,0,充足,2F-04
2026-10-11T02:30,1F,2,0,0,0,0,0,2,2,0,充足,1F-07・1F-08
2026-10-11T02:30,2F,3,0,0,0,1,0,2,2,0,充足,2F-07・2F-08
2026-10-11T02:30,3F,2,2,0,0,0,2,2,2,0,充足,3F-02・3F-24
2026-10-11T02:30,統括,2,0,0,0,1,0,1,1,0,充足,2F-04
2026-10-11T03:00,1F,2,0,0,0,0,0,2,2,0,充足,1F-07・1F-08
2026-10-11T03:00,2F,3,0,0,0,1,0,2,2,0,充足,2F-07・2F-08
2026-10-11T03:00,3F,2,1,0,0,0,1,2,2,0,充足,3F-09・3F-24
2026-10-11T03:00,統括,2,1,0,0,0,0,1,1,0,充足,2F-04
2026-10-11T03:30,1F,2,0,0,0,0,0,2,2,0,充足,1F-07・1F-08
2026-10-11T03:30,2F,3,0,0,0,1,0,2,2,0,充足,2F-07・2F-08
2026-10-11T03:30,3F,2,1,0,0,0,1,2,2,0,充足,3F-09・3F-24
2026-10-11T03:30,統括,2,1,0,0,0,0,1,1,0,充足,2F-04
2026-10-11T04:00,1F,2,0,0,0,0,0,2,2,0,充足,1F-07・1F-08
2026-10-11T04:00,2F,2,0,0,0,0,0,2,2,0,充足,2F-07・2F-08
2026-10-11T04:00,3F,2,0,0,0,0,0,2,2,0,充足,3F-09・3F-12
2026-10-11T04:00,統括,2,1,0,0,0,0,1,1,0,充足,2F-04
2026-10-11T04:30,1F,2,0,0,0,0,0,2,2,0,充足,1F-07・1F-08
2026-10-11T04:30,2F,2,0,0,0,0,0,2,2,0,充足,2F-07・2F-08
2026-10-11T04:30,3F,2,0,0,0,0,0,2,2,0,充足,3F-09・3F-12
2026-10-11T04:30,統括,2,1,0,0,0,0,1,1,0,充足,2F-04
2026-10-11T05:00,1F,2,0,0,0,0,0,2,2,0,充足,1F-07・1F-08
2026-10-11T05:00,2F,2,0,0,0,0,0,2,2,0,充足,2F-07・2F-08
2026-10-11T05:00,3F,2,0,0,0,0,0,2,2,0,充足,3F-09・3F-12
2026-10-11T05:00,統括,2,1,0,0,0,0,1,1,0,充足,3F-02
2026-10-11T05:30,1F,2,0,0,0,0,0,2,2,0,充足,1F-07・1F-08
2026-10-11T05:30,2F,2,0,0,0,0,0,2,2,0,充足,2F-07・2F-08
2026-10-11T05:30,3F,2,0,0,0,0,0,2,2,0,充足,3F-09・3F-12
2026-10-11T05:30,統括,2,1,0,0,0,0,1,1,0,充足,3F-02
2026-10-11T06:00,1F,2,0,0,0,0,0,2,2,0,充足,1F-07・1F-08
2026-10-11T06:00,2F,2,0,0,0,0,0,2,2,0,充足,2F-07・2F-08
2026-10-11T06:00,3F,2,0,0,0,0,0,2,2,0,充足,3F-09・3F-12
2026-10-11T06:00,統括,2,1,0,0,0,0,1,1,0,充足,3F-02
2026-10-11T06:30,1F,2,0,0,0,0,0,2,2,0,充足,1F-07・1F-08
2026-10-11T06:30,2F,2,0,0,0,0,0,2,2,0,充足,2F-07・2F-08
2026-10-11T06:30,3F,2,0,0,0,0,0,2,2,0,充足,3F-09・3F-12
2026-10-11T06:30,統括,2,1,0,0,0,0,1,1,0,充足,3F-02
2026-10-11T07:00,1F,7,0,0,0,0,0,7,4,0,充足,1F-07・1F-08・3F-35・3F-36・3F-37・3F-38・3F-39
2026-10-11T07:00,2F,7,0,0,0,0,0,7,4,0,充足,2F-07・2F-08・3F-25・3F-31・3F-32・3F-33・3F-34
2026-10-11T07:00,3F,7,0,0,0,0,0,7,4,0,充足,3F-09・3F-12・3F-40・3F-41・3F-42・3F-43・3F-44
2026-10-11T07:00,統括,2,0,0,0,0,0,2,0,0,充足,2F-04・3F-02
2026-10-11T07:30,1F,7,0,0,0,0,0,7,4,0,充足,1F-07・1F-08・3F-35・3F-36・3F-37・3F-38・3F-39
2026-10-11T07:30,2F,7,0,0,0,0,0,7,4,0,充足,2F-07・2F-08・3F-25・3F-31・3F-32・3F-33・3F-34
2026-10-11T07:30,3F,7,0,0,0,0,0,7,4,0,充足,3F-09・3F-12・3F-40・3F-41・3F-42・3F-43・3F-44
2026-10-11T07:30,統括,2,0,0,0,0,0,2,0,0,充足,2F-04・3F-02
2026-10-11T08:00,1F,7,0,0,0,0,0,7,4,0,充足,1F-07・1F-08・3F-35・3F-36・3F-37・3F-38・3F-39
2026-10-11T08:00,2F,7,0,0,0,0,0,7,4,0,充足,2F-07・2F-08・3F-25・3F-31・3F-32・3F-33・3F-34
2026-10-11T08:00,3F,7,0,0,0,0,0,7,4,0,充足,3F-09・3F-12・3F-40・3F-41・3F-42・3F-43・3F-44
2026-10-11T08:00,統括,2,0,0,0,0,0,2,0,0,充足,2F-04・3F-02
2026-10-11T08:30,1F,7,0,0,0,0,0,7,4,0,充足,1F-07・1F-08・3F-35・3F-36・3F-37・3F-38・3F-39
2026-10-11T08:30,2F,7,0,0,0,0,0,7,4,0,充足,2F-07・2F-08・3F-25・3F-31・3F-32・3F-33・3F-34
2026-10-11T08:30,3F,7,0,0,0,0,0,7,4,0,充足,3F-09・3F-12・3F-40・3F-41・3F-42・3F-43・3F-44
2026-10-11T08:30,統括,2,0,0,0,0,0,2,0,0,充足,2F-04・3F-02
2026-10-11T09:00,1F,5,0,0,0,0,0,5,4,0,充足,3F-35・3F-36・3F-37・3F-38・3F-39
2026-10-11T09:00,2F,5,0,0,0,0,0,5,4,0,充足,3F-25・3F-31・3F-32・3F-33・3F-34
2026-10-11T09:00,3F,5,0,0,0,0,0,5,4,0,充足,3F-40・3F-41・3F-42・3F-43・3F-44
2026-10-11T09:00,統括,0,0,0,0,0,0,0,0,0,充足,
2026-10-11T09:30,1F,5,0,0,0,0,0,5,4,0,充足,3F-35・3F-36・3F-37・3F-38・3F-39
2026-10-11T09:30,2F,5,0,0,0,0,0,5,4,0,充足,3F-25・3F-31・3F-32・3F-33・3F-34
2026-10-11T09:30,3F,5,0,0,0,0,0,5,4,0,充足,3F-40・3F-41・3F-42・3F-43・3F-44
2026-10-11T09:30,統括,0,0,0,0,0,0,0,0,0,充足,
2026-10-11T10:00,1F,10,0,1,0,0,0,9,4,0,充足,3F-26・3F-27・3F-28・3F-29・3F-30・3F-36・3F-37・3F-38・3F-39
2026-10-11T10:00,2F,10,0,1,0,0,0,9,4,0,充足,2F-26・2F-27・2F-28・2F-29・2F-30・3F-25・3F-32・3F-33・3F-34
2026-10-11T10:00,3F,10,0,1,0,0,0,9,4,0,充足,3F-41・3F-42・3F-43・3F-44・3F-45・3F-46・3F-47・3F-48・3F-49
2026-10-11T10:00,統括,0,0,0,0,0,0,0,0,0,充足,
2026-10-11T10:30,1F,10,0,1,0,0,0,9,4,0,充足,3F-26・3F-27・3F-28・3F-29・3F-30・3F-36・3F-37・3F-38・3F-39
2026-10-11T10:30,2F,10,0,1,0,0,0,9,4,0,充足,2F-26・2F-27・2F-28・2F-29・2F-30・3F-25・3F-32・3F-33・3F-34
2026-10-11T10:30,3F,10,0,1,0,0,0,9,4,0,充足,3F-41・3F-42・3F-43・3F-44・3F-45・3F-46・3F-47・3F-48・3F-49
2026-10-11T10:30,統括,0,0,0,0,0,0,0,0,0,充足,
2026-10-11T11:00,1F,10,5,0,0,0,0,5,4,0,充足,3F-26・3F-27・3F-28・3F-29・3F-30
2026-10-11T11:00,2F,10,5,0,0,0,0,5,4,0,充足,2F-26・2F-27・2F-28・2F-29・2F-30
2026-10-11T11:00,3F,10,5,0,0,0,0,5,4,0,充足,3F-45・3F-46・3F-47・3F-48・3F-49
2026-10-11T11:00,統括,0,0,0,0,0,0,0,0,0,充足,
2026-10-11T11:30,1F,10,5,0,0,0,0,5,4,0,充足,3F-26・3F-27・3F-28・3F-29・3F-30
2026-10-11T11:30,2F,10,5,0,0,0,0,5,4,0,充足,2F-26・2F-27・2F-28・2F-29・2F-30
2026-10-11T11:30,3F,10,5,0,0,0,0,5,4,0,充足,3F-45・3F-46・3F-47・3F-48・3F-49
2026-10-11T11:30,統括,0,0,0,0,0,0,0,0,0,充足,
2026-10-11T12:00,1F,10,0,0,0,0,0,10,4,0,充足,3F-26・3F-27・3F-28・3F-29・3F-30・3F-35・3F-36・3F-37・3F-38・3F-39
2026-10-11T12:00,2F,10,0,0,0,0,0,10,4,0,充足,2F-26・2F-27・2F-28・2F-29・2F-30・3F-25・3F-31・3F-32・3F-33・3F-34
2026-10-11T12:00,3F,10,0,0,0,0,0,10,4,0,充足,3F-40・3F-41・3F-42・3F-43・3F-44・3F-45・3F-46・3F-47・3F-48・3F-49
2026-10-11T12:00,統括,0,0,0,0,0,0,0,0,0,充足,
2026-10-11T12:30,1F,10,0,0,0,0,0,10,4,0,充足,3F-26・3F-27・3F-28・3F-29・3F-30・3F-35・3F-36・3F-37・3F-38・3F-39
2026-10-11T12:30,2F,10,0,0,0,0,0,10,4,0,充足,2F-26・2F-27・2F-28・2F-29・2F-30・3F-25・3F-31・3F-32・3F-33・3F-34
2026-10-11T12:30,3F,10,0,0,0,0,0,10,4,0,充足,3F-40・3F-41・3F-42・3F-43・3F-44・3F-45・3F-46・3F-47・3F-48・3F-49
2026-10-11T12:30,統括,0,0,0,0,0,0,0,0,0,充足,
2026-10-11T13:00,1F,10,5,0,0,0,0,5,4,0,充足,3F-35・3F-36・3F-37・3F-38・3F-39
2026-10-11T13:00,2F,10,5,0,0,0,0,5,4,0,充足,3F-25・3F-31・3F-32・3F-33・3F-34
2026-10-11T13:00,3F,10,5,0,0,0,0,5,4,0,充足,3F-40・3F-41・3F-42・3F-43・3F-44
2026-10-11T13:00,統括,0,0,0,0,0,0,0,0,0,充足,
2026-10-11T13:30,1F,10,5,0,0,0,0,5,4,0,充足,3F-35・3F-36・3F-37・3F-38・3F-39
2026-10-11T13:30,2F,10,5,0,0,0,0,5,4,0,充足,3F-25・3F-31・3F-32・3F-33・3F-34
2026-10-11T13:30,3F,10,5,0,0,0,0,5,4,0,充足,3F-40・3F-41・3F-42・3F-43・3F-44
2026-10-11T13:30,統括,0,0,0,0,0,0,0,0,0,充足,
2026-10-11T14:00,1F,10,0,0,0,0,0,10,4,0,充足,3F-26・3F-27・3F-28・3F-29・3F-30・3F-35・3F-36・3F-37・3F-38・3F-39
2026-10-11T14:00,2F,10,0,0,0,0,0,10,4,0,充足,2F-26・2F-27・2F-28・2F-29・2F-30・3F-25・3F-31・3F-32・3F-33・3F-34
2026-10-11T14:00,3F,11,0,0,0,0,0,11,4,0,充足,3F-20・3F-40・3F-41・3F-42・3F-43・3F-44・3F-45・3F-46・3F-47・3F-48・3F-49
2026-10-11T14:00,統括,0,0,0,0,0,0,0,0,0,充足,
2026-10-11T14:30,1F,10,0,0,0,0,0,10,4,0,充足,3F-26・3F-27・3F-28・3F-29・3F-30・3F-35・3F-36・3F-37・3F-38・3F-39
2026-10-11T14:30,2F,10,0,0,0,0,0,10,4,0,充足,2F-26・2F-27・2F-28・2F-29・2F-30・3F-25・3F-31・3F-32・3F-33・3F-34
2026-10-11T14:30,3F,11,0,0,0,0,0,11,4,0,充足,3F-20・3F-40・3F-41・3F-42・3F-43・3F-44・3F-45・3F-46・3F-47・3F-48・3F-49
2026-10-11T14:30,統括,0,0,0,0,0,0,0,0,0,充足,
2026-10-11T15:00,1F,10,0,1,0,0,0,9,4,0,充足,3F-27・3F-28・3F-29・3F-30・3F-35・3F-36・3F-37・3F-38・3F-39
2026-10-11T15:00,2F,10,0,1,0,0,0,9,4,0,充足,2F-27・2F-28・2F-29・2F-30・3F-25・3F-31・3F-32・3F-33・3F-34
2026-10-11T15:00,3F,11,0,1,0,0,0,10,4,0,充足,3F-20・3F-40・3F-41・3F-42・3F-43・3F-44・3F-46・3F-47・3F-48・3F-49
2026-10-11T15:00,統括,0,0,0,0,0,0,0,0,0,充足,
2026-10-11T15:30,1F,10,0,1,0,0,0,9,4,0,充足,3F-27・3F-28・3F-29・3F-30・3F-35・3F-36・3F-37・3F-38・3F-39
2026-10-11T15:30,2F,10,0,1,0,0,0,9,4,0,充足,2F-27・2F-28・2F-29・2F-30・3F-25・3F-31・3F-32・3F-33・3F-34
2026-10-11T15:30,3F,11,0,1,0,0,0,10,4,0,充足,3F-20・3F-40・3F-41・3F-42・3F-43・3F-44・3F-46・3F-47・3F-48・3F-49
2026-10-11T15:30,統括,0,0,0,0,0,0,0,0,0,充足,
2026-10-11T16:00,1F,7,0,0,0,0,0,7,4,0,充足,1F-09・1F-10・3F-26・3F-27・3F-28・3F-29・3F-30
2026-10-11T16:00,2F,7,0,0,0,0,0,7,4,0,充足,2F-05・2F-06・2F-26・2F-27・2F-28・2F-29・2F-30
2026-10-11T16:00,3F,8,0,0,0,0,0,8,4,0,充足,3F-04・3F-05・3F-20・3F-45・3F-46・3F-47・3F-48・3F-49
2026-10-11T16:00,統括,2,0,0,0,0,0,2,0,0,充足,1F-01・3F-01
2026-10-11T16:30,1F,7,2,0,0,0,0,5,4,0,充足,3F-26・3F-27・3F-28・3F-29・3F-30
2026-10-11T16:30,2F,7,2,0,0,0,0,5,4,0,充足,2F-26・2F-27・2F-28・2F-29・2F-30
2026-10-11T16:30,3F,8,0,0,0,0,0,8,4,0,充足,3F-04・3F-05・3F-20・3F-45・3F-46・3F-47・3F-48・3F-49
2026-10-11T16:30,統括,2,0,0,0,0,0,2,0,0,充足,1F-01・3F-01
2026-10-11T17:00,1F,7,2,0,0,0,0,5,4,0,充足,3F-26・3F-27・3F-28・3F-29・3F-30
2026-10-11T17:00,2F,7,2,0,0,0,0,5,4,0,充足,2F-26・2F-27・2F-28・2F-29・2F-30
2026-10-11T17:00,3F,8,0,0,0,0,0,8,4,0,充足,3F-04・3F-05・3F-20・3F-45・3F-46・3F-47・3F-48・3F-49
2026-10-11T17:00,統括,2,0,0,0,0,0,2,0,0,充足,1F-01・3F-01
2026-10-11T17:30,1F,7,0,0,0,0,0,7,4,0,充足,1F-09・1F-10・3F-26・3F-27・3F-28・3F-29・3F-30
2026-10-11T17:30,2F,7,0,0,0,0,0,7,4,0,充足,2F-05・2F-06・2F-26・2F-27・2F-28・2F-29・2F-30
2026-10-11T17:30,3F,8,2,0,0,0,0,6,4,0,充足,3F-20・3F-45・3F-46・3F-47・3F-48・3F-49
2026-10-11T17:30,統括,2,2,0,0,0,0,0,0,0,充足,
2026-10-11T18:00,1F,7,0,0,0,0,0,7,4,0,充足,1F-09・1F-10・3F-26・3F-27・3F-28・3F-29・3F-30
2026-10-11T18:00,2F,7,0,0,0,0,0,7,4,0,充足,2F-05・2F-06・2F-26・2F-27・2F-28・2F-29・2F-30
2026-10-11T18:00,3F,8,2,0,0,0,0,6,4,0,充足,3F-20・3F-45・3F-46・3F-47・3F-48・3F-49
2026-10-11T18:00,統括,2,2,0,0,0,0,0,0,0,充足,
2026-10-11T18:30,1F,7,0,0,0,0,0,7,4,0,充足,1F-09・1F-10・3F-26・3F-27・3F-28・3F-29・3F-30
2026-10-11T18:30,2F,7,0,0,0,0,0,7,4,0,充足,2F-05・2F-06・2F-26・2F-27・2F-28・2F-29・2F-30
2026-10-11T18:30,3F,8,0,0,0,0,0,8,4,0,充足,3F-04・3F-05・3F-20・3F-45・3F-46・3F-47・3F-48・3F-49
2026-10-11T18:30,統括,2,0,0,0,0,0,2,0,0,充足,1F-01・3F-01
2026-10-11T19:00,1F,2,0,0,0,0,0,2,2,0,充足,1F-09・1F-10
2026-10-11T19:00,2F,2,0,0,0,0,0,2,2,0,充足,2F-05・2F-06
2026-10-11T19:00,3F,2,0,0,0,0,0,2,2,0,充足,3F-04・3F-05
2026-10-11T19:00,統括,2,0,0,0,0,0,2,1,0,充足,1F-01・3F-01
2026-10-11T19:30,1F,2,0,0,0,0,0,2,2,0,充足,1F-09・1F-10
2026-10-11T19:30,2F,2,0,0,0,0,0,2,2,0,充足,2F-05・2F-06
2026-10-11T19:30,3F,2,0,0,0,0,0,2,2,0,充足,3F-04・3F-05
2026-10-11T19:30,統括,2,0,0,0,0,0,2,1,0,充足,1F-01・3F-01
2026-10-11T20:00,1F,2,0,0,0,0,0,2,2,0,充足,1F-09・1F-10
2026-10-11T20:00,2F,2,0,0,0,0,0,2,2,0,充足,2F-05・2F-06
2026-10-11T20:00,3F,2,0,0,0,0,0,2,2,0,充足,3F-04・3F-05
2026-10-11T20:00,統括,2,0,0,0,0,0,2,1,0,充足,1F-01・3F-01
2026-10-11T20:30,1F,2,0,0,0,0,0,2,2,0,充足,1F-09・1F-10
2026-10-11T20:30,2F,2,0,0,0,0,0,2,2,0,充足,2F-05・2F-06
2026-10-11T20:30,3F,2,0,0,0,0,0,2,2,0,充足,3F-04・3F-05
2026-10-11T20:30,統括,2,0,0,0,0,0,2,1,0,充足,1F-01・3F-01
2026-10-11T21:00,1F,2,1,0,0,0,1,2,2,0,充足,1F-10・3F-01
2026-10-11T21:00,2F,2,0,0,0,0,0,2,2,0,充足,2F-05・2F-06
2026-10-11T21:00,3F,2,0,0,0,0,0,2,2,0,充足,3F-04・3F-05
2026-10-11T21:00,統括,2,0,0,0,1,0,1,1,0,充足,1F-01
2026-10-11T21:30,1F,2,1,0,0,0,1,2,2,0,充足,1F-10・3F-01
2026-10-11T21:30,2F,2,0,0,0,0,0,2,2,0,充足,2F-05・2F-06
2026-10-11T21:30,3F,2,0,0,0,0,0,2,2,0,充足,3F-04・3F-05
2026-10-11T21:30,統括,2,0,0,0,1,0,1,1,0,充足,1F-01
2026-10-11T22:00,1F,3,2,0,0,1,2,2,2,0,充足,3F-01・3F-23
2026-10-11T22:00,2F,2,0,0,0,0,0,2,2,0,充足,2F-05・2F-06
2026-10-11T22:00,3F,2,0,0,0,0,0,2,2,0,充足,3F-04・3F-05
2026-10-11T22:00,統括,2,0,0,0,1,0,1,1,0,充足,1F-01
2026-10-11T22:30,1F,3,2,0,0,1,2,2,2,0,充足,3F-01・3F-23
2026-10-11T22:30,2F,2,0,0,0,0,0,2,2,0,充足,2F-05・2F-06
2026-10-11T22:30,3F,2,0,0,0,0,0,2,2,0,充足,3F-04・3F-05
2026-10-11T22:30,統括,2,0,0,0,1,0,1,1,0,充足,1F-01
2026-10-11T23:00,1F,3,1,0,0,1,1,2,2,0,充足,1F-09・3F-23
2026-10-11T23:00,2F,2,1,0,0,0,1,2,2,0,充足,2F-06・3F-01
2026-10-11T23:00,3F,2,0,0,0,0,0,2,2,0,充足,3F-04・3F-05
2026-10-11T23:00,統括,2,0,0,0,1,0,1,1,0,充足,1F-01
2026-10-11T23:30,1F,3,1,0,0,1,1,2,2,0,充足,1F-09・3F-23
2026-10-11T23:30,2F,2,1,0,0,0,1,2,2,0,充足,2F-06・3F-01
2026-10-11T23:30,3F,2,0,0,0,0,0,2,2,0,充足,3F-04・3F-05
2026-10-11T23:30,統括,2,0,0,0,1,0,1,1,0,充足,1F-01
2026-10-12T00:00,1F,3,0,0,0,1,0,2,2,0,充足,1F-09・1F-10
2026-10-12T00:00,2F,2,2,0,0,0,2,2,2,0,充足,3F-01・3F-23
2026-10-12T00:00,3F,2,0,0,0,0,0,2,2,0,充足,3F-04・3F-05
2026-10-12T00:00,統括,2,0,0,0,1,0,1,1,0,充足,1F-01
2026-10-12T00:30,1F,3,0,0,0,1,0,2,2,0,充足,1F-09・1F-10
2026-10-12T00:30,2F,2,2,0,0,0,2,2,2,0,充足,3F-01・3F-23
2026-10-12T00:30,3F,2,0,0,0,0,0,2,2,0,充足,3F-04・3F-05
2026-10-12T00:30,統括,2,0,0,0,1,0,1,1,0,充足,1F-01
2026-10-12T01:00,1F,2,0,0,0,0,0,2,2,0,充足,1F-09・1F-10
2026-10-12T01:00,2F,3,1,0,0,1,1,2,2,0,充足,2F-05・2F-24
2026-10-12T01:00,3F,2,1,0,0,0,1,2,2,0,充足,3F-01・3F-05
2026-10-12T01:00,統括,2,0,0,0,1,0,1,1,0,充足,1F-01
2026-10-12T01:30,1F,2,0,0,0,0,0,2,2,0,充足,1F-09・1F-10
2026-10-12T01:30,2F,3,1,0,0,1,1,2,2,0,充足,2F-05・2F-24
2026-10-12T01:30,3F,2,1,0,0,0,1,2,2,0,充足,3F-01・3F-05
2026-10-12T01:30,統括,2,0,0,0,1,0,1,1,0,充足,1F-01
2026-10-12T02:00,1F,2,0,0,0,0,0,2,2,0,充足,1F-09・1F-10
2026-10-12T02:00,2F,3,0,0,0,1,0,2,2,0,充足,2F-05・2F-06
2026-10-12T02:00,3F,2,2,0,0,0,2,2,2,0,充足,2F-24・3F-01
2026-10-12T02:00,統括,2,0,0,0,1,0,1,1,0,充足,1F-01
2026-10-12T02:30,1F,2,0,0,0,0,0,2,2,0,充足,1F-09・1F-10
2026-10-12T02:30,2F,3,0,0,0,1,0,2,2,0,充足,2F-05・2F-06
2026-10-12T02:30,3F,2,2,0,0,0,2,2,2,0,充足,2F-24・3F-01
2026-10-12T02:30,統括,2,0,0,0,1,0,1,1,0,充足,1F-01
2026-10-12T03:00,1F,2,0,0,0,0,0,2,2,0,充足,1F-09・1F-10
2026-10-12T03:00,2F,3,0,0,0,1,0,2,2,0,充足,2F-05・2F-06
2026-10-12T03:00,3F,2,1,0,0,0,1,2,2,0,充足,2F-24・3F-04
2026-10-12T03:00,統括,2,1,0,0,0,0,1,1,0,充足,1F-01
2026-10-12T03:30,1F,2,0,0,0,0,0,2,2,0,充足,1F-09・1F-10
2026-10-12T03:30,2F,3,0,0,0,1,0,2,2,0,充足,2F-05・2F-06
2026-10-12T03:30,3F,2,1,0,0,0,1,2,2,0,充足,2F-24・3F-04
2026-10-12T03:30,統括,2,1,0,0,0,0,1,1,0,充足,1F-01
2026-10-12T04:00,1F,2,0,0,0,0,0,2,2,0,充足,1F-09・1F-10
2026-10-12T04:00,2F,2,0,0,0,0,0,2,2,0,充足,2F-05・2F-06
2026-10-12T04:00,3F,2,0,0,0,0,0,2,2,0,充足,3F-04・3F-05
2026-10-12T04:00,統括,2,1,0,0,0,0,1,1,0,充足,1F-01
2026-10-12T04:30,1F,2,0,0,0,0,0,2,2,0,充足,1F-09・1F-10
2026-10-12T04:30,2F,2,0,0,0,0,0,2,2,0,充足,2F-05・2F-06
2026-10-12T04:30,3F,2,0,0,0,0,0,2,2,0,充足,3F-04・3F-05
2026-10-12T04:30,統括,2,1,0,0,0,0,1,1,0,充足,1F-01
2026-10-12T05:00,1F,2,0,0,0,0,0,2,2,0,充足,1F-09・1F-10
2026-10-12T05:00,2F,2,0,0,0,0,0,2,2,0,充足,2F-05・2F-06
2026-10-12T05:00,3F,2,0,0,0,0,0,2,2,0,充足,3F-04・3F-05
2026-10-12T05:00,統括,2,1,0,0,0,0,1,1,0,充足,3F-01
2026-10-12T05:30,1F,2,0,0,0,0,0,2,2,0,充足,1F-09・1F-10
2026-10-12T05:30,2F,2,0,0,0,0,0,2,2,0,充足,2F-05・2F-06
2026-10-12T05:30,3F,2,0,0,0,0,0,2,2,0,充足,3F-04・3F-05
2026-10-12T05:30,統括,2,1,0,0,0,0,1,1,0,充足,3F-01
2026-10-12T06:00,1F,2,0,0,0,0,0,2,2,0,充足,1F-09・1F-10
2026-10-12T06:00,2F,2,0,0,0,0,0,2,2,0,充足,2F-05・2F-06
2026-10-12T06:00,3F,2,0,0,0,0,0,2,2,0,充足,3F-04・3F-05
2026-10-12T06:00,統括,2,1,0,0,0,0,1,1,0,充足,3F-01
2026-10-12T06:30,1F,2,0,0,0,0,0,2,2,0,充足,1F-09・1F-10
2026-10-12T06:30,2F,2,0,0,0,0,0,2,2,0,充足,2F-05・2F-06
2026-10-12T06:30,3F,2,0,0,0,0,0,2,2,0,充足,3F-04・3F-05
2026-10-12T06:30,統括,2,1,0,0,0,0,1,1,0,充足,3F-01
2026-10-12T07:00,1F,7,0,0,0,0,0,7,4,0,充足,1F-09・1F-10・1F-15・1F-16・1F-27・1F-28・1F-29
2026-10-12T07:00,2F,7,0,0,0,0,0,7,4,0,充足,2F-05・2F-06・2F-15・2F-16・2F-25・2F-26・2F-27
2026-10-12T07:00,3F,7,0,0,0,0,0,7,4,0,充足,3F-04・3F-05・3F-15・3F-16・3F-25・3F-26・3F-27
2026-10-12T07:00,統括,2,0,0,0,0,0,2,0,0,充足,1F-01・3F-01
2026-10-12T07:30,1F,7,0,0,0,0,0,7,4,0,充足,1F-09・1F-10・1F-15・1F-16・1F-27・1F-28・1F-29
2026-10-12T07:30,2F,7,0,0,0,0,0,7,4,0,充足,2F-05・2F-06・2F-15・2F-16・2F-25・2F-26・2F-27
2026-10-12T07:30,3F,7,0,0,0,0,0,7,4,0,充足,3F-04・3F-05・3F-15・3F-16・3F-25・3F-26・3F-27
2026-10-12T07:30,統括,2,0,0,0,0,0,2,0,0,充足,1F-01・3F-01
2026-10-12T08:00,1F,7,0,0,0,0,0,7,4,0,充足,1F-09・1F-10・1F-15・1F-16・1F-27・1F-28・1F-29
2026-10-12T08:00,2F,7,0,0,0,0,0,7,4,0,充足,2F-05・2F-06・2F-15・2F-16・2F-25・2F-26・2F-27
2026-10-12T08:00,3F,7,0,0,0,0,0,7,4,0,充足,3F-04・3F-05・3F-15・3F-16・3F-25・3F-26・3F-27
2026-10-12T08:00,統括,2,0,0,0,0,0,2,0,0,充足,1F-01・3F-01
2026-10-12T08:30,1F,8,0,0,0,0,0,8,4,0,充足,1F-09・1F-10・1F-15・1F-16・1F-27・1F-28・1F-29・1F-35
2026-10-12T08:30,2F,7,0,0,0,0,0,7,4,0,充足,2F-05・2F-06・2F-15・2F-16・2F-25・2F-26・2F-27
2026-10-12T08:30,3F,7,0,0,0,0,0,7,4,0,充足,3F-04・3F-05・3F-15・3F-16・3F-25・3F-26・3F-27
2026-10-12T08:30,統括,2,0,0,0,0,0,2,0,0,充足,1F-01・3F-01
2026-10-12T09:00,1F,6,0,0,0,0,0,6,4,0,充足,1F-15・1F-16・1F-27・1F-28・1F-29・1F-35
2026-10-12T09:00,2F,5,0,0,0,0,0,5,4,0,充足,2F-15・2F-16・2F-25・2F-26・2F-27
2026-10-12T09:00,3F,5,0,0,0,0,0,5,4,0,充足,3F-15・3F-16・3F-25・3F-26・3F-27
2026-10-12T09:00,統括,0,0,0,0,0,0,0,0,0,充足,
2026-10-12T09:30,1F,6,0,0,0,0,0,6,4,0,充足,1F-15・1F-16・1F-27・1F-28・1F-29・1F-35
2026-10-12T09:30,2F,5,0,0,0,0,0,5,4,0,充足,2F-15・2F-16・2F-25・2F-26・2F-27
2026-10-12T09:30,3F,5,0,0,0,0,0,5,4,0,充足,3F-15・3F-16・3F-25・3F-26・3F-27
2026-10-12T09:30,統括,0,0,0,0,0,0,0,0,0,充足,
2026-10-12T10:00,1F,11,0,1,0,0,0,10,4,0,充足,1F-16・1F-27・1F-28・1F-29・1F-30・1F-31・1F-32・1F-33・1F-34・1F-35
2026-10-12T10:00,2F,10,0,1,0,0,0,9,4,0,充足,2F-04・2F-07・2F-16・2F-25・2F-26・2F-27・2F-28・2F-29・2F-30
2026-10-12T10:00,3F,10,0,1,0,0,0,9,4,0,充足,3F-16・3F-25・3F-26・3F-27・3F-28・3F-29・3F-30・3F-31・3F-32
2026-10-12T10:00,統括,0,0,0,0,0,0,0,0,0,充足,
2026-10-12T10:30,1F,11,0,1,0,0,0,10,4,0,充足,1F-16・1F-27・1F-28・1F-29・1F-30・1F-31・1F-32・1F-33・1F-34・1F-35
2026-10-12T10:30,2F,10,0,1,0,0,0,9,4,0,充足,2F-04・2F-07・2F-16・2F-25・2F-26・2F-27・2F-28・2F-29・2F-30
2026-10-12T10:30,3F,10,0,1,0,0,0,9,4,0,充足,3F-16・3F-25・3F-26・3F-27・3F-28・3F-29・3F-30・3F-31・3F-32
2026-10-12T10:30,統括,0,0,0,0,0,0,0,0,0,充足,
2026-10-12T11:00,1F,11,5,0,0,0,0,6,4,0,充足,1F-30・1F-31・1F-32・1F-33・1F-34・1F-35
2026-10-12T11:00,2F,10,5,0,0,0,0,5,4,0,充足,2F-04・2F-07・2F-28・2F-29・2F-30
2026-10-12T11:00,3F,10,5,0,0,0,0,5,4,0,充足,3F-28・3F-29・3F-30・3F-31・3F-32
2026-10-12T11:00,統括,0,0,0,0,0,0,0,0,0,充足,
2026-10-12T11:30,1F,11,5,0,0,0,0,6,4,0,充足,1F-30・1F-31・1F-32・1F-33・1F-34・1F-35
2026-10-12T11:30,2F,10,5,0,0,0,0,5,4,0,充足,2F-04・2F-07・2F-28・2F-29・2F-30
2026-10-12T11:30,3F,10,5,0,0,0,0,5,4,0,充足,3F-28・3F-29・3F-30・3F-31・3F-32
2026-10-12T11:30,統括,0,0,0,0,0,0,0,0,0,充足,
2026-10-12T12:00,1F,11,1,0,0,0,0,10,4,0,充足,1F-15・1F-16・1F-27・1F-28・1F-29・1F-30・1F-31・1F-32・1F-33・1F-34
2026-10-12T12:00,2F,10,0,0,0,0,0,10,4,0,充足,2F-04・2F-07・2F-15・2F-16・2F-25・2F-26・2F-27・2F-28・2F-29・2F-30
2026-10-12T12:00,3F,10,0,0,0,0,0,10,4,0,充足,3F-15・3F-16・3F-25・3F-26・3F-27・3F-28・3F-29・3F-30・3F-31・3F-32
2026-10-12T12:00,統括,0,0,0,0,0,0,0,0,0,充足,
2026-10-12T12:30,1F,11,1,0,0,0,0,10,4,0,充足,1F-15・1F-16・1F-27・1F-28・1F-29・1F-30・1F-31・1F-32・1F-33・1F-34
2026-10-12T12:30,2F,10,0,0,0,0,0,10,4,0,充足,2F-04・2F-07・2F-15・2F-16・2F-25・2F-26・2F-27・2F-28・2F-29・2F-30
2026-10-12T12:30,3F,10,0,0,0,0,0,10,4,0,充足,3F-15・3F-16・3F-25・3F-26・3F-27・3F-28・3F-29・3F-30・3F-31・3F-32
2026-10-12T12:30,統括,0,0,0,0,0,0,0,0,0,充足,
2026-10-12T13:00,1F,11,5,0,0,0,0,6,4,0,充足,1F-15・1F-16・1F-27・1F-28・1F-29・1F-35
2026-10-12T13:00,2F,10,5,0,0,0,0,5,4,0,充足,2F-15・2F-16・2F-25・2F-26・2F-27
2026-10-12T13:00,3F,10,5,0,0,0,0,5,4,0,充足,3F-15・3F-16・3F-25・3F-26・3F-27
2026-10-12T13:00,統括,0,0,0,0,0,0,0,0,0,充足,
2026-10-12T13:30,1F,11,5,0,0,0,0,6,4,0,充足,1F-15・1F-16・1F-27・1F-28・1F-29・1F-35
2026-10-12T13:30,2F,10,5,0,0,0,0,5,4,0,充足,2F-15・2F-16・2F-25・2F-26・2F-27
2026-10-12T13:30,3F,10,5,0,0,0,0,5,4,0,充足,3F-15・3F-16・3F-25・3F-26・3F-27
2026-10-12T13:30,統括,0,0,0,0,0,0,0,0,0,充足,
2026-10-12T14:00,1F,11,0,0,0,0,0,11,4,0,充足,1F-15・1F-16・1F-27・1F-28・1F-29・1F-30・1F-31・1F-32・1F-33・1F-34・1F-35
2026-10-12T14:00,2F,10,0,0,0,0,0,10,4,0,充足,2F-04・2F-07・2F-15・2F-16・2F-25・2F-26・2F-27・2F-28・2F-29・2F-30
2026-10-12T14:00,3F,10,0,0,0,0,0,10,4,0,充足,3F-15・3F-16・3F-25・3F-26・3F-27・3F-28・3F-29・3F-30・3F-31・3F-32
2026-10-12T14:00,統括,0,0,0,0,0,0,0,0,0,充足,
2026-10-12T14:30,1F,11,0,0,0,0,0,11,4,0,充足,1F-15・1F-16・1F-27・1F-28・1F-29・1F-30・1F-31・1F-32・1F-33・1F-34・1F-35
2026-10-12T14:30,2F,10,0,0,0,0,0,10,4,0,充足,2F-04・2F-07・2F-15・2F-16・2F-25・2F-26・2F-27・2F-28・2F-29・2F-30
2026-10-12T14:30,3F,10,0,0,0,0,0,10,4,0,充足,3F-15・3F-16・3F-25・3F-26・3F-27・3F-28・3F-29・3F-30・3F-31・3F-32
2026-10-12T14:30,統括,0,0,0,0,0,0,0,0,0,充足,
2026-10-12T15:00,1F,11,0,1,0,0,0,10,4,0,充足,1F-15・1F-16・1F-27・1F-28・1F-29・1F-31・1F-32・1F-33・1F-34・1F-35
2026-10-12T15:00,2F,10,0,1,0,0,0,9,4,0,充足,2F-04・2F-07・2F-15・2F-16・2F-25・2F-26・2F-27・2F-29・2F-30
2026-10-12T15:00,3F,10,0,1,0,0,0,9,4,0,充足,3F-15・3F-16・3F-25・3F-26・3F-27・3F-29・3F-30・3F-31・3F-32
2026-10-12T15:00,統括,0,0,0,0,0,0,0,0,0,充足,
2026-10-12T15:30,1F,11,0,1,0,0,0,10,4,0,充足,1F-15・1F-16・1F-27・1F-28・1F-29・1F-31・1F-32・1F-33・1F-34・1F-35
2026-10-12T15:30,2F,10,0,1,0,0,0,9,4,0,充足,2F-04・2F-07・2F-15・2F-16・2F-25・2F-26・2F-27・2F-29・2F-30
2026-10-12T15:30,3F,10,0,1,0,0,0,9,4,0,充足,3F-15・3F-16・3F-25・3F-26・3F-27・3F-29・3F-30・3F-31・3F-32
2026-10-12T15:30,統括,0,0,0,0,0,0,0,0,0,充足,
2026-10-12T16:00,1F,8,0,0,0,0,0,8,4,0,充足,1F-11・1F-12・1F-30・1F-31・1F-32・1F-33・1F-34・1F-35
2026-10-12T16:00,2F,7,0,0,0,0,0,7,4,0,充足,2F-04・2F-07・2F-09・2F-10・2F-28・2F-29・2F-30
2026-10-12T16:00,3F,7,0,0,0,0,0,7,4,0,充足,3F-03・3F-06・3F-28・3F-29・3F-30・3F-31・3F-32
2026-10-12T16:00,統括,2,0,0,0,0,0,2,0,0,充足,1F-02・1F-03
2026-10-12T16:30,1F,8,2,0,0,0,0,6,4,0,充足,1F-30・1F-31・1F-32・1F-33・1F-34・1F-35
2026-10-12T16:30,2F,7,2,0,0,0,0,5,4,0,充足,2F-04・2F-07・2F-28・2F-29・2F-30
2026-10-12T16:30,3F,7,0,0,0,0,0,7,4,0,充足,3F-03・3F-06・3F-28・3F-29・3F-30・3F-31・3F-32
2026-10-12T16:30,統括,2,0,0,0,0,0,2,0,0,充足,1F-02・1F-03
2026-10-12T17:00,1F,8,2,0,0,0,0,6,4,0,充足,1F-30・1F-31・1F-32・1F-33・1F-34・1F-35
2026-10-12T17:00,2F,7,2,0,0,0,0,5,4,0,充足,2F-04・2F-07・2F-28・2F-29・2F-30
2026-10-12T17:00,3F,7,0,0,0,0,0,7,4,0,充足,3F-03・3F-06・3F-28・3F-29・3F-30・3F-31・3F-32
2026-10-12T17:00,統括,2,0,0,0,0,0,2,0,0,充足,1F-02・1F-03
2026-10-12T17:30,1F,7,0,0,0,0,0,7,4,0,充足,1F-11・1F-12・1F-30・1F-31・1F-32・1F-33・1F-34
2026-10-12T17:30,2F,7,0,0,0,0,0,7,4,0,充足,2F-04・2F-07・2F-09・2F-10・2F-28・2F-29・2F-30
2026-10-12T17:30,3F,7,2,0,0,0,0,5,4,0,充足,3F-28・3F-29・3F-30・3F-31・3F-32
2026-10-12T17:30,統括,2,2,0,0,0,0,0,0,0,充足,
2026-10-12T18:00,1F,7,0,0,0,0,0,7,4,0,充足,1F-11・1F-12・1F-30・1F-31・1F-32・1F-33・1F-34
2026-10-12T18:00,2F,7,0,0,0,0,0,7,4,0,充足,2F-04・2F-07・2F-09・2F-10・2F-28・2F-29・2F-30
2026-10-12T18:00,3F,7,2,0,0,0,0,5,4,0,充足,3F-28・3F-29・3F-30・3F-31・3F-32
2026-10-12T18:00,統括,2,2,0,0,0,0,0,0,0,充足,
2026-10-12T18:30,1F,7,0,0,0,0,0,7,4,0,充足,1F-11・1F-12・1F-30・1F-31・1F-32・1F-33・1F-34
2026-10-12T18:30,2F,7,0,0,0,0,0,7,4,0,充足,2F-04・2F-07・2F-09・2F-10・2F-28・2F-29・2F-30
2026-10-12T18:30,3F,7,0,0,0,0,0,7,4,0,充足,3F-03・3F-06・3F-28・3F-29・3F-30・3F-31・3F-32
2026-10-12T18:30,統括,2,0,0,0,0,0,2,0,0,充足,1F-02・1F-03
2026-10-12T19:00,1F,2,0,0,0,0,0,2,2,0,充足,1F-11・1F-12
2026-10-12T19:00,2F,2,0,0,0,0,0,2,2,0,充足,2F-09・2F-10
2026-10-12T19:00,3F,2,0,0,0,0,0,2,2,0,充足,3F-03・3F-06
2026-10-12T19:00,統括,2,0,0,0,0,0,2,1,0,充足,1F-02・1F-03
2026-10-12T19:30,1F,2,0,0,0,0,0,2,2,0,充足,1F-11・1F-12
2026-10-12T19:30,2F,2,0,0,0,0,0,2,2,0,充足,2F-09・2F-10
2026-10-12T19:30,3F,2,0,0,0,0,0,2,2,0,充足,3F-03・3F-06
2026-10-12T19:30,統括,2,0,0,0,0,0,2,1,0,充足,1F-02・1F-03
2026-10-12T20:00,1F,2,0,0,0,0,0,2,2,0,充足,1F-11・1F-12
2026-10-12T20:00,2F,2,0,0,0,0,0,2,2,0,充足,2F-09・2F-10
2026-10-12T20:00,3F,2,0,0,0,0,0,2,2,0,充足,3F-03・3F-06
2026-10-12T20:00,統括,2,0,0,0,0,0,2,1,0,充足,1F-02・1F-03
2026-10-12T20:30,1F,2,0,0,0,0,0,2,2,0,充足,1F-11・1F-12
2026-10-12T20:30,2F,2,0,0,0,0,0,2,2,0,充足,2F-09・2F-10
2026-10-12T20:30,3F,2,0,0,0,0,0,2,2,0,充足,3F-03・3F-06
2026-10-12T20:30,統括,2,0,0,0,0,0,2,1,0,充足,1F-02・1F-03
2026-10-12T21:00,1F,2,1,0,0,0,1,2,2,0,充足,1F-02・1F-12
2026-10-12T21:00,2F,2,0,0,0,0,0,2,2,0,充足,2F-09・2F-10
2026-10-12T21:00,3F,2,0,0,0,0,0,2,2,0,充足,3F-03・3F-06
2026-10-12T21:00,統括,2,0,0,0,1,0,1,1,0,充足,1F-03
2026-10-12T21:30,1F,2,1,0,0,0,1,2,2,0,充足,1F-02・1F-12
2026-10-12T21:30,2F,2,0,0,0,0,0,2,2,0,充足,2F-09・2F-10
2026-10-12T21:30,3F,2,0,0,0,0,0,2,2,0,充足,3F-03・3F-06
2026-10-12T21:30,統括,2,0,0,0,1,0,1,1,0,充足,1F-03
2026-10-12T22:00,1F,3,2,0,0,1,2,2,2,0,充足,1F-02・1F-23
2026-10-12T22:00,2F,2,0,0,0,0,0,2,2,0,充足,2F-09・2F-10
2026-10-12T22:00,3F,2,0,0,0,0,0,2,2,0,充足,3F-03・3F-06
2026-10-12T22:00,統括,2,0,0,0,1,0,1,1,0,充足,1F-03
2026-10-12T22:30,1F,3,2,0,0,1,2,2,2,0,充足,1F-02・1F-23
2026-10-12T22:30,2F,2,0,0,0,0,0,2,2,0,充足,2F-09・2F-10
2026-10-12T22:30,3F,2,0,0,0,0,0,2,2,0,充足,3F-03・3F-06
2026-10-12T22:30,統括,2,0,0,0,1,0,1,1,0,充足,1F-03
2026-10-12T23:00,1F,3,1,0,0,1,1,2,2,0,充足,1F-11・1F-23
2026-10-12T23:00,2F,2,1,0,0,0,1,2,2,0,充足,1F-02・2F-10
2026-10-12T23:00,3F,2,0,0,0,0,0,2,2,0,充足,3F-03・3F-06
2026-10-12T23:00,統括,2,0,0,0,1,0,1,1,0,充足,1F-03
2026-10-12T23:30,1F,3,1,0,0,1,1,2,2,0,充足,1F-11・1F-23
2026-10-12T23:30,2F,2,1,0,0,0,1,2,2,0,充足,1F-02・2F-10
2026-10-12T23:30,3F,2,0,0,0,0,0,2,2,0,充足,3F-03・3F-06
2026-10-12T23:30,統括,2,0,0,0,1,0,1,1,0,充足,1F-03
2026-10-13T00:00,1F,3,0,0,0,1,0,2,2,0,充足,1F-11・1F-12
2026-10-13T00:00,2F,2,2,0,0,0,2,2,2,0,充足,1F-02・1F-23
2026-10-13T00:00,3F,2,0,0,0,0,0,2,2,0,充足,3F-03・3F-06
2026-10-13T00:00,統括,2,0,0,0,1,0,1,1,0,充足,1F-03
2026-10-13T00:30,1F,3,0,0,0,1,0,2,2,0,充足,1F-11・1F-12
2026-10-13T00:30,2F,2,2,0,0,0,2,2,2,0,充足,1F-02・1F-23
2026-10-13T00:30,3F,2,0,0,0,0,0,2,2,0,充足,3F-03・3F-06
2026-10-13T00:30,統括,2,0,0,0,1,0,1,1,0,充足,1F-03
2026-10-13T01:00,1F,2,0,0,0,0,0,2,2,0,充足,1F-11・1F-12
2026-10-13T01:00,2F,3,1,0,0,1,1,2,2,0,充足,2F-09・2F-24
2026-10-13T01:00,3F,2,1,0,0,0,1,2,2,0,充足,1F-02・3F-06
2026-10-13T01:00,統括,2,0,0,0,1,0,1,1,0,充足,1F-03
2026-10-13T01:30,1F,2,0,0,0,0,0,2,2,0,充足,1F-11・1F-12
2026-10-13T01:30,2F,3,1,0,0,1,1,2,2,0,充足,2F-09・2F-24
2026-10-13T01:30,3F,2,1,0,0,0,1,2,2,0,充足,1F-02・3F-06
2026-10-13T01:30,統括,2,0,0,0,1,0,1,1,0,充足,1F-03
2026-10-13T02:00,1F,2,0,0,0,0,0,2,2,0,充足,1F-11・1F-12
2026-10-13T02:00,2F,3,0,0,0,1,0,2,2,0,充足,2F-09・2F-10
2026-10-13T02:00,3F,2,2,0,0,0,2,2,2,0,充足,1F-02・2F-24
2026-10-13T02:00,統括,2,0,0,0,1,0,1,1,0,充足,1F-03
2026-10-13T02:30,1F,2,0,0,0,0,0,2,2,0,充足,1F-11・1F-12
2026-10-13T02:30,2F,3,0,0,0,1,0,2,2,0,充足,2F-09・2F-10
2026-10-13T02:30,3F,2,2,0,0,0,2,2,2,0,充足,1F-02・2F-24
2026-10-13T02:30,統括,2,0,0,0,1,0,1,1,0,充足,1F-03
2026-10-13T03:00,1F,2,0,0,0,0,0,2,2,0,充足,1F-11・1F-12
2026-10-13T03:00,2F,3,0,0,0,1,0,2,2,0,充足,2F-09・2F-10
2026-10-13T03:00,3F,2,1,0,0,0,1,2,2,0,充足,2F-24・3F-03
2026-10-13T03:00,統括,2,1,0,0,0,0,1,1,0,充足,1F-03
2026-10-13T03:30,1F,2,0,0,0,0,0,2,2,0,充足,1F-11・1F-12
2026-10-13T03:30,2F,3,0,0,0,1,0,2,2,0,充足,2F-09・2F-10
2026-10-13T03:30,3F,2,1,0,0,0,1,2,2,0,充足,2F-24・3F-03
2026-10-13T03:30,統括,2,1,0,0,0,0,1,1,0,充足,1F-03
2026-10-13T04:00,1F,2,0,0,0,0,0,2,2,0,充足,1F-11・1F-12
2026-10-13T04:00,2F,2,0,0,0,0,0,2,2,0,充足,2F-09・2F-10
2026-10-13T04:00,3F,2,0,0,0,0,0,2,2,0,充足,3F-03・3F-06
2026-10-13T04:00,統括,2,1,0,0,0,0,1,1,0,充足,1F-03
2026-10-13T04:30,1F,2,0,0,0,0,0,2,2,0,充足,1F-11・1F-12
2026-10-13T04:30,2F,2,0,0,0,0,0,2,2,0,充足,2F-09・2F-10
2026-10-13T04:30,3F,2,0,0,0,0,0,2,2,0,充足,3F-03・3F-06
2026-10-13T04:30,統括,2,1,0,0,0,0,1,1,0,充足,1F-03
2026-10-13T05:00,1F,2,0,0,0,0,0,2,2,0,充足,1F-11・1F-12
2026-10-13T05:00,2F,2,0,0,0,0,0,2,2,0,充足,2F-09・2F-10
2026-10-13T05:00,3F,2,0,0,0,0,0,2,2,0,充足,3F-03・3F-06
2026-10-13T05:00,統括,2,1,0,0,0,0,1,1,0,充足,1F-02
2026-10-13T05:30,1F,2,0,0,0,0,0,2,2,0,充足,1F-11・1F-12
2026-10-13T05:30,2F,2,0,0,0,0,0,2,2,0,充足,2F-09・2F-10
2026-10-13T05:30,3F,2,0,0,0,0,0,2,2,0,充足,3F-03・3F-06
2026-10-13T05:30,統括,2,1,0,0,0,0,1,1,0,充足,1F-02
2026-10-13T06:00,1F,2,0,0,0,0,0,2,2,0,充足,1F-11・1F-12
2026-10-13T06:00,2F,2,0,0,0,0,0,2,2,0,充足,2F-09・2F-10
2026-10-13T06:00,3F,2,0,0,0,0,0,2,2,0,充足,3F-03・3F-06
2026-10-13T06:00,統括,2,1,0,0,0,0,1,1,0,充足,1F-02
2026-10-13T06:30,1F,2,0,0,0,0,0,2,2,0,充足,1F-11・1F-12
2026-10-13T06:30,2F,2,0,0,0,0,0,2,2,0,充足,2F-09・2F-10
2026-10-13T06:30,3F,2,0,0,0,0,0,2,2,0,充足,3F-03・3F-06
2026-10-13T06:30,統括,2,1,0,0,0,0,1,1,0,充足,1F-02
2026-10-13T07:00,1F,7,0,0,0,0,0,7,4,0,充足,1F-11・1F-12・1F-36・1F-37・1F-38・1F-39・1F-40
2026-10-13T07:00,2F,8,0,0,0,0,0,8,4,0,充足,2F-09・2F-10・2F-15・2F-16・2F-17・2F-25・2F-26・2F-27
2026-10-13T07:00,3F,7,0,0,0,0,0,7,4,0,充足,3F-03・3F-06・3F-33・3F-34・3F-35・3F-36・3F-37
2026-10-13T07:00,統括,2,0,0,0,0,0,2,0,0,充足,1F-02・1F-03
2026-10-13T07:30,1F,7,0,0,0,0,0,7,4,0,充足,1F-11・1F-12・1F-36・1F-37・1F-38・1F-39・1F-40
2026-10-13T07:30,2F,8,0,0,0,0,0,8,4,0,充足,2F-09・2F-10・2F-15・2F-16・2F-17・2F-25・2F-26・2F-27
2026-10-13T07:30,3F,7,0,0,0,0,0,7,4,0,充足,3F-03・3F-06・3F-33・3F-34・3F-35・3F-36・3F-37
2026-10-13T07:30,統括,2,0,0,0,0,0,2,0,0,充足,1F-02・1F-03
2026-10-13T08:00,1F,7,0,0,0,0,0,7,4,0,充足,1F-11・1F-12・1F-36・1F-37・1F-38・1F-39・1F-40
2026-10-13T08:00,2F,8,0,0,0,0,0,8,4,0,充足,2F-09・2F-10・2F-15・2F-16・2F-17・2F-25・2F-26・2F-27
2026-10-13T08:00,3F,7,0,0,0,0,0,7,4,0,充足,3F-03・3F-06・3F-33・3F-34・3F-35・3F-36・3F-37
2026-10-13T08:00,統括,2,0,0,0,0,0,2,0,0,充足,1F-02・1F-03
2026-10-13T08:30,1F,7,0,0,0,0,0,7,4,0,充足,1F-11・1F-12・1F-36・1F-37・1F-38・1F-39・1F-40
2026-10-13T08:30,2F,8,0,0,0,0,0,8,4,0,充足,2F-09・2F-10・2F-15・2F-16・2F-17・2F-25・2F-26・2F-27
2026-10-13T08:30,3F,7,0,0,0,0,0,7,4,0,充足,3F-03・3F-06・3F-33・3F-34・3F-35・3F-36・3F-37
2026-10-13T08:30,統括,2,0,0,0,0,0,2,0,0,充足,1F-02・1F-03
2026-10-13T09:00,1F,5,0,0,0,0,0,5,4,0,充足,1F-36・1F-37・1F-38・1F-39・1F-40
2026-10-13T09:00,2F,6,0,0,0,0,0,6,4,0,充足,2F-15・2F-16・2F-17・2F-25・2F-26・2F-27
2026-10-13T09:00,3F,5,0,0,0,0,0,5,4,0,充足,3F-33・3F-34・3F-35・3F-36・3F-37
2026-10-13T09:00,統括,0,0,0,0,0,0,0,0,0,充足,
2026-10-13T09:30,1F,5,0,0,0,0,0,5,4,0,充足,1F-36・1F-37・1F-38・1F-39・1F-40
2026-10-13T09:30,2F,6,0,0,0,0,0,6,4,0,充足,2F-15・2F-16・2F-17・2F-25・2F-26・2F-27
2026-10-13T09:30,3F,5,0,0,0,0,0,5,4,0,充足,3F-33・3F-34・3F-35・3F-36・3F-37
2026-10-13T09:30,統括,0,0,0,0,0,0,0,0,0,充足,
2026-10-13T10:00,1F,10,0,1,0,0,0,9,4,0,充足,1F-15・1F-16・1F-37・1F-38・1F-39・1F-40・1F-41・1F-42・1F-43
2026-10-13T10:00,2F,11,0,1,0,0,0,10,4,0,充足,2F-05・2F-06・2F-16・2F-17・2F-25・2F-26・2F-27・2F-28・2F-29・2F-30
2026-10-13T10:00,3F,10,0,1,0,0,0,9,4,0,充足,3F-34・3F-35・3F-36・3F-37・3F-38・3F-39・3F-40・3F-41・3F-42
2026-10-13T10:00,統括,0,0,0,0,0,0,0,0,0,充足,
2026-10-13T10:30,1F,10,0,1,0,0,0,9,4,0,充足,1F-15・1F-16・1F-37・1F-38・1F-39・1F-40・1F-41・1F-42・1F-43
2026-10-13T10:30,2F,11,0,1,0,0,0,10,4,0,充足,2F-05・2F-06・2F-16・2F-17・2F-25・2F-26・2F-27・2F-28・2F-29・2F-30
2026-10-13T10:30,3F,10,0,1,0,0,0,9,4,0,充足,3F-34・3F-35・3F-36・3F-37・3F-38・3F-39・3F-40・3F-41・3F-42
2026-10-13T10:30,統括,0,0,0,0,0,0,0,0,0,充足,
2026-10-13T11:00,1F,10,5,0,0,0,0,5,4,0,充足,1F-15・1F-16・1F-41・1F-42・1F-43
2026-10-13T11:00,2F,11,5,0,0,0,0,6,4,0,充足,2F-05・2F-06・2F-17・2F-28・2F-29・2F-30
2026-10-13T11:00,3F,10,5,0,0,0,0,5,4,0,充足,3F-38・3F-39・3F-40・3F-41・3F-42
2026-10-13T11:00,統括,0,0,0,0,0,0,0,0,0,充足,
2026-10-13T11:30,1F,10,5,0,0,0,0,5,4,0,充足,1F-15・1F-16・1F-41・1F-42・1F-43
2026-10-13T11:30,2F,11,5,0,0,0,0,6,4,0,充足,2F-05・2F-06・2F-17・2F-28・2F-29・2F-30
2026-10-13T11:30,3F,10,5,0,0,0,0,5,4,0,充足,3F-38・3F-39・3F-40・3F-41・3F-42
2026-10-13T11:30,統括,0,0,0,0,0,0,0,0,0,充足,
2026-10-13T12:00,1F,10,0,0,0,0,0,10,4,0,充足,1F-15・1F-16・1F-36・1F-37・1F-38・1F-39・1F-40・1F-41・1F-42・1F-43
2026-10-13T12:00,2F,10,0,0,0,0,0,10,4,0,充足,2F-05・2F-06・2F-15・2F-16・2F-25・2F-26・2F-27・2F-28・2F-29・2F-30
2026-10-13T12:00,3F,10,0,0,0,0,0,10,4,0,充足,3F-33・3F-34・3F-35・3F-36・3F-37・3F-38・3F-39・3F-40・3F-41・3F-42
2026-10-13T12:00,統括,0,0,0,0,0,0,0,0,0,充足,
2026-10-13T12:30,1F,10,0,0,0,0,0,10,4,0,充足,1F-15・1F-16・1F-36・1F-37・1F-38・1F-39・1F-40・1F-41・1F-42・1F-43
2026-10-13T12:30,2F,10,0,0,0,0,0,10,4,0,充足,2F-05・2F-06・2F-15・2F-16・2F-25・2F-26・2F-27・2F-28・2F-29・2F-30
2026-10-13T12:30,3F,10,0,0,0,0,0,10,4,0,充足,3F-33・3F-34・3F-35・3F-36・3F-37・3F-38・3F-39・3F-40・3F-41・3F-42
2026-10-13T12:30,統括,0,0,0,0,0,0,0,0,0,充足,
2026-10-13T13:00,1F,10,5,0,0,0,0,5,4,0,充足,1F-36・1F-37・1F-38・1F-39・1F-40
2026-10-13T13:00,2F,10,5,0,0,0,0,5,4,0,充足,2F-15・2F-16・2F-25・2F-26・2F-27
2026-10-13T13:00,3F,10,5,0,0,0,0,5,4,0,充足,3F-33・3F-34・3F-35・3F-36・3F-37
2026-10-13T13:00,統括,0,0,0,0,0,0,0,0,0,充足,
2026-10-13T13:30,1F,10,5,0,0,0,0,5,4,0,充足,1F-36・1F-37・1F-38・1F-39・1F-40
2026-10-13T13:30,2F,10,5,0,0,0,0,5,4,0,充足,2F-15・2F-16・2F-25・2F-26・2F-27
2026-10-13T13:30,3F,10,5,0,0,0,0,5,4,0,充足,3F-33・3F-34・3F-35・3F-36・3F-37
2026-10-13T13:30,統括,0,0,0,0,0,0,0,0,0,充足,
2026-10-13T14:00,1F,10,0,0,0,0,0,10,4,0,充足,1F-15・1F-16・1F-36・1F-37・1F-38・1F-39・1F-40・1F-41・1F-42・1F-43
2026-10-13T14:00,2F,10,0,0,0,0,0,10,4,0,充足,2F-05・2F-06・2F-15・2F-16・2F-25・2F-26・2F-27・2F-28・2F-29・2F-30
2026-10-13T14:00,3F,10,0,0,0,0,0,10,4,0,充足,3F-33・3F-34・3F-35・3F-36・3F-37・3F-38・3F-39・3F-40・3F-41・3F-42
2026-10-13T14:00,統括,0,0,0,0,0,0,0,0,0,充足,
2026-10-13T14:30,1F,10,0,0,0,0,0,10,4,0,充足,1F-15・1F-16・1F-36・1F-37・1F-38・1F-39・1F-40・1F-41・1F-42・1F-43
2026-10-13T14:30,2F,10,0,0,0,0,0,10,4,0,充足,2F-05・2F-06・2F-15・2F-16・2F-25・2F-26・2F-27・2F-28・2F-29・2F-30
2026-10-13T14:30,3F,10,0,0,0,0,0,10,4,0,充足,3F-33・3F-34・3F-35・3F-36・3F-37・3F-38・3F-39・3F-40・3F-41・3F-42
2026-10-13T14:30,統括,0,0,0,0,0,0,0,0,0,充足,
2026-10-13T15:00,1F,10,0,1,0,0,0,9,4,0,充足,1F-15・1F-16・1F-36・1F-37・1F-38・1F-39・1F-40・1F-42・1F-43
2026-10-13T15:00,2F,10,0,1,0,0,0,9,4,0,充足,2F-05・2F-06・2F-15・2F-16・2F-25・2F-26・2F-27・2F-29・2F-30
2026-10-13T15:00,3F,10,0,1,0,0,0,9,4,0,充足,3F-33・3F-34・3F-35・3F-36・3F-37・3F-39・3F-40・3F-41・3F-42
2026-10-13T15:00,統括,0,0,0,0,0,0,0,0,0,充足,
2026-10-13T15:30,1F,10,0,1,0,0,0,9,4,0,充足,1F-15・1F-16・1F-36・1F-37・1F-38・1F-39・1F-40・1F-42・1F-43
2026-10-13T15:30,2F,10,0,1,0,0,0,9,4,0,充足,2F-05・2F-06・2F-15・2F-16・2F-25・2F-26・2F-27・2F-29・2F-30
2026-10-13T15:30,3F,10,0,1,0,0,0,9,4,0,充足,3F-33・3F-34・3F-35・3F-36・3F-37・3F-39・3F-40・3F-41・3F-42
2026-10-13T15:30,統括,0,0,0,0,0,0,0,0,0,充足,
2026-10-13T16:00,1F,7,0,0,0,0,0,7,4,0,充足,1F-04・1F-05・1F-15・1F-16・1F-41・1F-42・1F-43
2026-10-13T16:00,2F,7,0,0,0,0,0,7,4,0,充足,2F-01・2F-02・2F-05・2F-06・2F-28・2F-29・2F-30
2026-10-13T16:00,3F,7,0,0,0,0,0,7,4,0,充足,3F-02・3F-07・3F-38・3F-39・3F-40・3F-41・3F-42
2026-10-13T16:00,統括,2,0,0,0,0,0,2,0,0,充足,1F-25・1F-26
2026-10-13T16:30,1F,7,2,0,0,0,0,5,4,0,充足,1F-15・1F-16・1F-41・1F-42・1F-43
2026-10-13T16:30,2F,7,2,0,0,0,0,5,4,0,充足,2F-05・2F-06・2F-28・2F-29・2F-30
2026-10-13T16:30,3F,7,0,0,0,0,0,7,4,0,充足,3F-02・3F-07・3F-38・3F-39・3F-40・3F-41・3F-42
2026-10-13T16:30,統括,2,0,0,0,0,0,2,0,0,充足,1F-25・1F-26
2026-10-13T17:00,1F,7,2,0,0,0,0,5,4,0,充足,1F-15・1F-16・1F-41・1F-42・1F-43
2026-10-13T17:00,2F,7,2,0,0,0,0,5,4,0,充足,2F-05・2F-06・2F-28・2F-29・2F-30
2026-10-13T17:00,3F,7,0,0,0,0,0,7,4,0,充足,3F-02・3F-07・3F-38・3F-39・3F-40・3F-41・3F-42
2026-10-13T17:00,統括,2,0,0,0,0,0,2,0,0,充足,1F-25・1F-26
2026-10-13T17:30,1F,7,0,0,0,0,0,7,4,0,充足,1F-04・1F-05・1F-15・1F-16・1F-41・1F-42・1F-43
2026-10-13T17:30,2F,7,0,0,0,0,0,7,4,0,充足,2F-01・2F-02・2F-05・2F-06・2F-28・2F-29・2F-30
2026-10-13T17:30,3F,7,2,0,0,0,0,5,4,0,充足,3F-38・3F-39・3F-40・3F-41・3F-42
2026-10-13T17:30,統括,2,2,0,0,0,0,0,0,0,充足,
2026-10-13T18:00,1F,7,0,0,0,0,0,7,4,0,充足,1F-04・1F-05・1F-15・1F-16・1F-41・1F-42・1F-43
2026-10-13T18:00,2F,7,0,0,0,0,0,7,4,0,充足,2F-01・2F-02・2F-05・2F-06・2F-28・2F-29・2F-30
2026-10-13T18:00,3F,7,2,0,0,0,0,5,4,0,充足,3F-38・3F-39・3F-40・3F-41・3F-42
2026-10-13T18:00,統括,2,2,0,0,0,0,0,0,0,充足,
2026-10-13T18:30,1F,7,0,0,0,0,0,7,4,0,充足,1F-04・1F-05・1F-15・1F-16・1F-41・1F-42・1F-43
2026-10-13T18:30,2F,7,0,0,0,0,0,7,4,0,充足,2F-01・2F-02・2F-05・2F-06・2F-28・2F-29・2F-30
2026-10-13T18:30,3F,7,0,0,0,0,0,7,4,0,充足,3F-02・3F-07・3F-38・3F-39・3F-40・3F-41・3F-42
2026-10-13T18:30,統括,2,0,0,0,0,0,2,0,0,充足,1F-25・1F-26
2026-10-13T19:00,1F,2,0,0,0,0,0,2,2,0,充足,1F-04・1F-05
2026-10-13T19:00,2F,2,0,0,0,0,0,2,2,0,充足,2F-01・2F-02
2026-10-13T19:00,3F,2,0,0,0,0,0,2,2,0,充足,3F-02・3F-07
2026-10-13T19:00,統括,2,0,0,0,0,0,2,1,0,充足,1F-25・1F-26
2026-10-13T19:30,1F,2,0,0,0,0,0,2,2,0,充足,1F-04・1F-05
2026-10-13T19:30,2F,2,0,0,0,0,0,2,2,0,充足,2F-01・2F-02
2026-10-13T19:30,3F,2,0,0,0,0,0,2,2,0,充足,3F-02・3F-07
2026-10-13T19:30,統括,2,0,0,0,0,0,2,1,0,充足,1F-25・1F-26
2026-10-13T20:00,1F,2,0,0,0,0,0,2,2,0,充足,1F-04・1F-05
2026-10-13T20:00,2F,2,0,0,0,0,0,2,2,0,充足,2F-01・2F-02
2026-10-13T20:00,3F,2,0,0,0,0,0,2,2,0,充足,3F-02・3F-07
2026-10-13T20:00,統括,2,0,0,0,0,0,2,1,0,充足,1F-25・1F-26
2026-10-13T20:30,1F,2,0,0,0,0,0,2,2,0,充足,1F-04・1F-05
2026-10-13T20:30,2F,2,0,0,0,0,0,2,2,0,充足,2F-01・2F-02
2026-10-13T20:30,3F,2,0,0,0,0,0,2,2,0,充足,3F-02・3F-07
2026-10-13T20:30,統括,2,0,0,0,0,0,2,1,0,充足,1F-25・1F-26
2026-10-13T21:00,1F,2,1,0,0,0,1,2,2,0,充足,1F-05・1F-25
2026-10-13T21:00,2F,2,0,0,0,0,0,2,2,0,充足,2F-01・2F-02
2026-10-13T21:00,3F,2,0,0,0,0,0,2,2,0,充足,3F-02・3F-07
2026-10-13T21:00,統括,2,0,0,0,1,0,1,1,0,充足,1F-26
2026-10-13T21:30,1F,2,1,0,0,0,1,2,2,0,充足,1F-05・1F-25
2026-10-13T21:30,2F,2,0,0,0,0,0,2,2,0,充足,2F-01・2F-02
2026-10-13T21:30,3F,2,0,0,0,0,0,2,2,0,充足,3F-02・3F-07
2026-10-13T21:30,統括,2,0,0,0,1,0,1,1,0,充足,1F-26
2026-10-13T22:00,1F,3,2,0,0,1,2,2,2,0,充足,1F-25・2F-23
2026-10-13T22:00,2F,2,0,0,0,0,0,2,2,0,充足,2F-01・2F-02
2026-10-13T22:00,3F,2,0,0,0,0,0,2,2,0,充足,3F-02・3F-07
2026-10-13T22:00,統括,2,0,0,0,1,0,1,1,0,充足,1F-26
2026-10-13T22:30,1F,3,2,0,0,1,2,2,2,0,充足,1F-25・2F-23
2026-10-13T22:30,2F,2,0,0,0,0,0,2,2,0,充足,2F-01・2F-02
2026-10-13T22:30,3F,2,0,0,0,0,0,2,2,0,充足,3F-02・3F-07
2026-10-13T22:30,統括,2,0,0,0,1,0,1,1,0,充足,1F-26
2026-10-13T23:00,1F,3,1,0,0,1,1,2,2,0,充足,1F-04・2F-23
2026-10-13T23:00,2F,2,1,0,0,0,1,2,2,0,充足,1F-25・2F-02
2026-10-13T23:00,3F,2,0,0,0,0,0,2,2,0,充足,3F-02・3F-07
2026-10-13T23:00,統括,2,0,0,0,1,0,1,1,0,充足,1F-26
2026-10-13T23:30,1F,3,1,0,0,1,1,2,2,0,充足,1F-04・2F-23
2026-10-13T23:30,2F,2,1,0,0,0,1,2,2,0,充足,1F-25・2F-02
2026-10-13T23:30,3F,2,0,0,0,0,0,2,2,0,充足,3F-02・3F-07
2026-10-13T23:30,統括,2,0,0,0,1,0,1,1,0,充足,1F-26
2026-10-14T00:00,1F,3,0,0,0,1,0,2,2,0,充足,1F-04・1F-05
2026-10-14T00:00,2F,2,2,0,0,0,2,2,2,0,充足,1F-25・2F-23
2026-10-14T00:00,3F,2,0,0,0,0,0,2,2,0,充足,3F-02・3F-07
2026-10-14T00:00,統括,2,0,0,0,1,0,1,1,0,充足,1F-26
2026-10-14T00:30,1F,3,0,0,0,1,0,2,2,0,充足,1F-04・1F-05
2026-10-14T00:30,2F,2,2,0,0,0,2,2,2,0,充足,1F-25・2F-23
2026-10-14T00:30,3F,2,0,0,0,0,0,2,2,0,充足,3F-02・3F-07
2026-10-14T00:30,統括,2,0,0,0,1,0,1,1,0,充足,1F-26
2026-10-14T01:00,1F,2,0,0,0,0,0,2,2,0,充足,1F-04・1F-05
2026-10-14T01:00,2F,3,1,0,0,1,1,2,2,0,充足,2F-01・2F-24
2026-10-14T01:00,3F,2,1,0,0,0,1,2,2,0,充足,1F-25・3F-07
2026-10-14T01:00,統括,2,0,0,0,1,0,1,1,0,充足,1F-26
2026-10-14T01:30,1F,2,0,0,0,0,0,2,2,0,充足,1F-04・1F-05
2026-10-14T01:30,2F,3,1,0,0,1,1,2,2,0,充足,2F-01・2F-24
2026-10-14T01:30,3F,2,1,0,0,0,1,2,2,0,充足,1F-25・3F-07
2026-10-14T01:30,統括,2,0,0,0,1,0,1,1,0,充足,1F-26
2026-10-14T02:00,1F,2,0,0,0,0,0,2,2,0,充足,1F-04・1F-05
2026-10-14T02:00,2F,3,0,0,0,1,0,2,2,0,充足,2F-01・2F-02
2026-10-14T02:00,3F,2,2,0,0,0,2,2,2,0,充足,1F-25・2F-24
2026-10-14T02:00,統括,2,0,0,0,1,0,1,1,0,充足,1F-26
2026-10-14T02:30,1F,2,0,0,0,0,0,2,2,0,充足,1F-04・1F-05
2026-10-14T02:30,2F,3,0,0,0,1,0,2,2,0,充足,2F-01・2F-02
2026-10-14T02:30,3F,2,2,0,0,0,2,2,2,0,充足,1F-25・2F-24
2026-10-14T02:30,統括,2,0,0,0,1,0,1,1,0,充足,1F-26
2026-10-14T03:00,1F,2,0,0,0,0,0,2,2,0,充足,1F-04・1F-05
2026-10-14T03:00,2F,3,0,0,0,1,0,2,2,0,充足,2F-01・2F-02
2026-10-14T03:00,3F,2,1,0,0,0,1,2,2,0,充足,2F-24・3F-02
2026-10-14T03:00,統括,2,1,0,0,0,0,1,1,0,充足,1F-26
2026-10-14T03:30,1F,2,0,0,0,0,0,2,2,0,充足,1F-04・1F-05
2026-10-14T03:30,2F,3,0,0,0,1,0,2,2,0,充足,2F-01・2F-02
2026-10-14T03:30,3F,2,1,0,0,0,1,2,2,0,充足,2F-24・3F-02
2026-10-14T03:30,統括,2,1,0,0,0,0,1,1,0,充足,1F-26
2026-10-14T04:00,1F,2,0,0,0,0,0,2,2,0,充足,1F-04・1F-05
2026-10-14T04:00,2F,2,0,0,0,0,0,2,2,0,充足,2F-01・2F-02
2026-10-14T04:00,3F,2,0,0,0,0,0,2,2,0,充足,3F-02・3F-07
2026-10-14T04:00,統括,2,1,0,0,0,0,1,1,0,充足,1F-26
2026-10-14T04:30,1F,2,0,0,0,0,0,2,2,0,充足,1F-04・1F-05
2026-10-14T04:30,2F,2,0,0,0,0,0,2,2,0,充足,2F-01・2F-02
2026-10-14T04:30,3F,2,0,0,0,0,0,2,2,0,充足,3F-02・3F-07
2026-10-14T04:30,統括,2,1,0,0,0,0,1,1,0,充足,1F-26
2026-10-14T05:00,1F,2,0,0,0,0,0,2,2,0,充足,1F-04・1F-05
2026-10-14T05:00,2F,2,0,0,0,0,0,2,2,0,充足,2F-01・2F-02
2026-10-14T05:00,3F,2,0,0,0,0,0,2,2,0,充足,3F-02・3F-07
2026-10-14T05:00,統括,2,1,0,0,0,0,1,1,0,充足,1F-25
2026-10-14T05:30,1F,2,0,0,0,0,0,2,2,0,充足,1F-04・1F-05
2026-10-14T05:30,2F,2,0,0,0,0,0,2,2,0,充足,2F-01・2F-02
2026-10-14T05:30,3F,2,0,0,0,0,0,2,2,0,充足,3F-02・3F-07
2026-10-14T05:30,統括,2,1,0,0,0,0,1,1,0,充足,1F-25
2026-10-14T06:00,1F,2,0,0,0,0,0,2,2,0,充足,1F-04・1F-05
2026-10-14T06:00,2F,2,0,0,0,0,0,2,2,0,充足,2F-01・2F-02
2026-10-14T06:00,3F,2,0,0,0,0,0,2,2,0,充足,3F-02・3F-07
2026-10-14T06:00,統括,2,1,0,0,0,0,1,1,0,充足,1F-25
2026-10-14T06:30,1F,2,0,0,0,0,0,2,2,0,充足,1F-04・1F-05
2026-10-14T06:30,2F,2,0,0,0,0,0,2,2,0,充足,2F-01・2F-02
2026-10-14T06:30,3F,2,0,0,0,0,0,2,2,0,充足,3F-02・3F-07
2026-10-14T06:30,統括,2,1,0,0,0,0,1,1,0,充足,1F-25
2026-10-14T07:00,1F,7,0,0,0,0,0,7,4,0,充足,1F-04・1F-05・1F-27・1F-28・1F-29・1F-30・1F-31
2026-10-14T07:00,2F,7,0,0,0,0,0,7,4,0,充足,2F-01・2F-02・2F-08・2F-09・2F-10・2F-11・2F-12
2026-10-14T07:00,3F,7,0,0,0,0,0,7,4,0,充足,3F-02・3F-07・3F-43・3F-44・3F-45・3F-46・3F-47
2026-10-14T07:00,統括,2,0,0,0,0,0,2,0,0,充足,1F-25・1F-26
2026-10-14T07:30,1F,7,0,0,0,0,0,7,4,0,充足,1F-04・1F-05・1F-27・1F-28・1F-29・1F-30・1F-31
2026-10-14T07:30,2F,7,0,0,0,0,0,7,4,0,充足,2F-01・2F-02・2F-08・2F-09・2F-10・2F-11・2F-12
2026-10-14T07:30,3F,7,0,0,0,0,0,7,4,0,充足,3F-02・3F-07・3F-43・3F-44・3F-45・3F-46・3F-47
2026-10-14T07:30,統括,2,0,0,0,0,0,2,0,0,充足,1F-25・1F-26
2026-10-14T08:00,1F,7,0,0,0,0,0,7,4,0,充足,1F-04・1F-05・1F-27・1F-28・1F-29・1F-30・1F-31
2026-10-14T08:00,2F,7,0,0,0,0,0,7,4,0,充足,2F-01・2F-02・2F-08・2F-09・2F-10・2F-11・2F-12
2026-10-14T08:00,3F,7,0,0,0,0,0,7,4,0,充足,3F-02・3F-07・3F-43・3F-44・3F-45・3F-46・3F-47
2026-10-14T08:00,統括,2,0,0,0,0,0,2,0,0,充足,1F-25・1F-26
2026-10-14T08:30,1F,8,0,0,0,0,0,8,4,0,充足,1F-04・1F-05・1F-27・1F-28・1F-29・1F-30・1F-31・1F-37
2026-10-14T08:30,2F,7,0,0,0,0,0,7,4,0,充足,2F-01・2F-02・2F-08・2F-09・2F-10・2F-11・2F-12
2026-10-14T08:30,3F,7,0,0,0,0,0,7,4,0,充足,3F-02・3F-07・3F-43・3F-44・3F-45・3F-46・3F-47
2026-10-14T08:30,統括,2,0,0,0,0,0,2,0,0,充足,1F-25・1F-26
2026-10-14T09:00,1F,6,0,0,0,0,0,6,4,0,充足,1F-27・1F-28・1F-29・1F-30・1F-31・1F-37
2026-10-14T09:00,2F,5,0,0,0,0,0,5,4,0,充足,2F-08・2F-09・2F-10・2F-11・2F-12
2026-10-14T09:00,3F,5,0,0,0,0,0,5,4,0,充足,3F-43・3F-44・3F-45・3F-46・3F-47
2026-10-14T09:00,統括,0,0,0,0,0,0,0,0,0,充足,
2026-10-14T09:30,1F,6,0,0,0,0,0,6,4,0,充足,1F-27・1F-28・1F-29・1F-30・1F-31・1F-37
2026-10-14T09:30,2F,5,0,0,0,0,0,5,4,0,充足,2F-08・2F-09・2F-10・2F-11・2F-12
2026-10-14T09:30,3F,5,0,0,0,0,0,5,4,0,充足,3F-43・3F-44・3F-45・3F-46・3F-47
2026-10-14T09:30,統括,0,0,0,0,0,0,0,0,0,充足,
2026-10-14T10:00,1F,11,0,1,0,0,0,10,4,0,充足,1F-28・1F-29・1F-30・1F-31・1F-32・1F-33・1F-34・1F-35・1F-36・1F-37
2026-10-14T10:00,2F,10,0,1,0,0,0,9,4,0,充足,2F-09・2F-10・2F-11・2F-12・2F-13・2F-14・2F-15・2F-16・2F-25
2026-10-14T10:00,3F,10,0,1,0,0,0,9,4,0,充足,3F-15・3F-16・3F-25・3F-44・3F-45・3F-46・3F-47・3F-48・3F-49
2026-10-14T10:00,統括,0,0,0,0,0,0,0,0,0,充足,
2026-10-14T10:30,1F,11,0,1,0,0,0,10,4,0,充足,1F-28・1F-29・1F-30・1F-31・1F-32・1F-33・1F-34・1F-35・1F-36・1F-37
2026-10-14T10:30,2F,10,0,1,0,0,0,9,4,0,充足,2F-09・2F-10・2F-11・2F-12・2F-13・2F-14・2F-15・2F-16・2F-25
2026-10-14T10:30,3F,10,0,1,0,0,0,9,4,0,充足,3F-15・3F-16・3F-25・3F-44・3F-45・3F-46・3F-47・3F-48・3F-49
2026-10-14T10:30,統括,0,0,0,0,0,0,0,0,0,充足,
2026-10-14T11:00,1F,11,5,0,0,0,0,6,4,0,充足,1F-32・1F-33・1F-34・1F-35・1F-36・1F-37
2026-10-14T11:00,2F,10,5,0,0,0,0,5,4,0,充足,2F-13・2F-14・2F-15・2F-16・2F-25
2026-10-14T11:00,3F,10,5,0,0,0,0,5,4,0,充足,3F-15・3F-16・3F-25・3F-48・3F-49
2026-10-14T11:00,統括,0,0,0,0,0,0,0,0,0,充足,
2026-10-14T11:30,1F,11,5,0,0,0,0,6,4,0,充足,1F-32・1F-33・1F-34・1F-35・1F-36・1F-37
2026-10-14T11:30,2F,10,5,0,0,0,0,5,4,0,充足,2F-13・2F-14・2F-15・2F-16・2F-25
2026-10-14T11:30,3F,10,5,0,0,0,0,5,4,0,充足,3F-15・3F-16・3F-25・3F-48・3F-49
2026-10-14T11:30,統括,0,0,0,0,0,0,0,0,0,充足,
2026-10-14T12:00,1F,11,1,0,0,0,0,10,4,0,充足,1F-27・1F-28・1F-29・1F-30・1F-31・1F-32・1F-33・1F-34・1F-35・1F-36
2026-10-14T12:00,2F,10,0,0,0,0,0,10,4,0,充足,2F-08・2F-09・2F-10・2F-11・2F-12・2F-13・2F-14・2F-15・2F-16・2F-25
2026-10-14T12:00,3F,10,0,0,0,0,0,10,4,0,充足,3F-15・3F-16・3F-25・3F-43・3F-44・3F-45・3F-46・3F-47・3F-48・3F-49
2026-10-14T12:00,統括,0,0,0,0,0,0,0,0,0,充足,
2026-10-14T12:30,1F,11,1,0,0,0,0,10,4,0,充足,1F-27・1F-28・1F-29・1F-30・1F-31・1F-32・1F-33・1F-34・1F-35・1F-36
2026-10-14T12:30,2F,10,0,0,0,0,0,10,4,0,充足,2F-08・2F-09・2F-10・2F-11・2F-12・2F-13・2F-14・2F-15・2F-16・2F-25
2026-10-14T12:30,3F,10,0,0,0,0,0,10,4,0,充足,3F-15・3F-16・3F-25・3F-43・3F-44・3F-45・3F-46・3F-47・3F-48・3F-49
2026-10-14T12:30,統括,0,0,0,0,0,0,0,0,0,充足,
2026-10-14T13:00,1F,11,5,0,0,0,0,6,4,0,充足,1F-27・1F-28・1F-29・1F-30・1F-31・1F-37
2026-10-14T13:00,2F,10,5,0,0,0,0,5,4,0,充足,2F-08・2F-09・2F-10・2F-11・2F-12
2026-10-14T13:00,3F,10,5,0,0,0,0,5,4,0,充足,3F-43・3F-44・3F-45・3F-46・3F-47
2026-10-14T13:00,統括,0,0,0,0,0,0,0,0,0,充足,
2026-10-14T13:30,1F,11,5,0,0,0,0,6,4,0,充足,1F-27・1F-28・1F-29・1F-30・1F-31・1F-37
2026-10-14T13:30,2F,10,5,0,0,0,0,5,4,0,充足,2F-08・2F-09・2F-10・2F-11・2F-12
2026-10-14T13:30,3F,10,5,0,0,0,0,5,4,0,充足,3F-43・3F-44・3F-45・3F-46・3F-47
2026-10-14T13:30,統括,0,0,0,0,0,0,0,0,0,充足,
2026-10-14T14:00,1F,11,0,0,0,0,0,11,4,0,充足,1F-27・1F-28・1F-29・1F-30・1F-31・1F-32・1F-33・1F-34・1F-35・1F-36・1F-37
2026-10-14T14:00,2F,10,0,0,0,0,0,10,4,0,充足,2F-08・2F-09・2F-10・2F-11・2F-12・2F-13・2F-14・2F-15・2F-16・2F-25
2026-10-14T14:00,3F,10,0,0,0,0,0,10,4,0,充足,3F-15・3F-16・3F-25・3F-43・3F-44・3F-45・3F-46・3F-47・3F-48・3F-49
2026-10-14T14:00,統括,0,0,0,0,0,0,0,0,0,充足,
2026-10-14T14:30,1F,11,0,0,0,0,0,11,4,0,充足,1F-27・1F-28・1F-29・1F-30・1F-31・1F-32・1F-33・1F-34・1F-35・1F-36・1F-37
2026-10-14T14:30,2F,10,0,0,0,0,0,10,4,0,充足,2F-08・2F-09・2F-10・2F-11・2F-12・2F-13・2F-14・2F-15・2F-16・2F-25
2026-10-14T14:30,3F,10,0,0,0,0,0,10,4,0,充足,3F-15・3F-16・3F-25・3F-43・3F-44・3F-45・3F-46・3F-47・3F-48・3F-49
2026-10-14T14:30,統括,0,0,0,0,0,0,0,0,0,充足,
2026-10-14T15:00,1F,11,0,1,0,0,0,10,4,0,充足,1F-27・1F-28・1F-29・1F-30・1F-31・1F-33・1F-34・1F-35・1F-36・1F-37
2026-10-14T15:00,2F,10,0,1,0,0,0,9,4,0,充足,2F-08・2F-09・2F-10・2F-11・2F-12・2F-14・2F-15・2F-16・2F-25
2026-10-14T15:00,3F,10,0,1,0,0,0,9,4,0,充足,3F-15・3F-16・3F-25・3F-43・3F-44・3F-45・3F-46・3F-47・3F-49
2026-10-14T15:00,統括,0,0,0,0,0,0,0,0,0,充足,
2026-10-14T15:30,1F,11,0,1,0,0,0,10,4,0,充足,1F-27・1F-28・1F-29・1F-30・1F-31・1F-33・1F-34・1F-35・1F-36・1F-37
2026-10-14T15:30,2F,10,0,1,0,0,0,9,4,0,充足,2F-08・2F-09・2F-10・2F-11・2F-12・2F-14・2F-15・2F-16・2F-25
2026-10-14T15:30,3F,10,0,1,0,0,0,9,4,0,充足,3F-15・3F-16・3F-25・3F-43・3F-44・3F-45・3F-46・3F-47・3F-49
2026-10-14T15:30,統括,0,0,0,0,0,0,0,0,0,充足,
2026-10-14T16:00,1F,8,0,0,0,0,0,8,4,0,充足,1F-06・1F-07・1F-32・1F-33・1F-34・1F-35・1F-36・1F-37
2026-10-14T16:00,2F,7,0,0,0,0,0,7,4,0,充足,2F-03・2F-04・2F-13・2F-14・2F-15・2F-16・2F-25
2026-10-14T16:00,3F,7,0,0,0,0,0,7,4,0,充足,3F-08・3F-09・3F-15・3F-16・3F-25・3F-48・3F-49
2026-10-14T16:00,統括,2,0,0,0,0,0,2,0,0,充足,1F-01・3F-01
2026-10-14T16:30,1F,8,2,0,0,0,0,6,4,0,充足,1F-32・1F-33・1F-34・1F-35・1F-36・1F-37
2026-10-14T16:30,2F,7,2,0,0,0,0,5,4,0,充足,2F-13・2F-14・2F-15・2F-16・2F-25
2026-10-14T16:30,3F,7,0,0,0,0,0,7,4,0,充足,3F-08・3F-09・3F-15・3F-16・3F-25・3F-48・3F-49
2026-10-14T16:30,統括,2,0,0,0,0,0,2,0,0,充足,1F-01・3F-01
2026-10-14T17:00,1F,8,2,0,0,0,0,6,4,0,充足,1F-32・1F-33・1F-34・1F-35・1F-36・1F-37
2026-10-14T17:00,2F,7,2,0,0,0,0,5,4,0,充足,2F-13・2F-14・2F-15・2F-16・2F-25
2026-10-14T17:00,3F,7,0,0,0,0,0,7,4,0,充足,3F-08・3F-09・3F-15・3F-16・3F-25・3F-48・3F-49
2026-10-14T17:00,統括,2,0,0,0,0,0,2,0,0,充足,1F-01・3F-01
2026-10-14T17:30,1F,7,0,0,0,0,0,7,4,0,充足,1F-06・1F-07・1F-32・1F-33・1F-34・1F-35・1F-36
2026-10-14T17:30,2F,7,0,0,0,0,0,7,4,0,充足,2F-03・2F-04・2F-13・2F-14・2F-15・2F-16・2F-25
2026-10-14T17:30,3F,7,2,0,0,0,0,5,4,0,充足,3F-15・3F-16・3F-25・3F-48・3F-49
2026-10-14T17:30,統括,2,2,0,0,0,0,0,0,0,充足,
2026-10-14T18:00,1F,7,0,0,0,0,0,7,4,0,充足,1F-06・1F-07・1F-32・1F-33・1F-34・1F-35・1F-36
2026-10-14T18:00,2F,7,0,0,0,0,0,7,4,0,充足,2F-03・2F-04・2F-13・2F-14・2F-15・2F-16・2F-25
2026-10-14T18:00,3F,7,2,0,0,0,0,5,4,0,充足,3F-15・3F-16・3F-25・3F-48・3F-49
2026-10-14T18:00,統括,2,2,0,0,0,0,0,0,0,充足,
2026-10-14T18:30,1F,7,0,0,0,0,0,7,4,0,充足,1F-06・1F-07・1F-32・1F-33・1F-34・1F-35・1F-36
2026-10-14T18:30,2F,7,0,0,0,0,0,7,4,0,充足,2F-03・2F-04・2F-13・2F-14・2F-15・2F-16・2F-25
2026-10-14T18:30,3F,7,0,0,0,0,0,7,4,0,充足,3F-08・3F-09・3F-15・3F-16・3F-25・3F-48・3F-49
2026-10-14T18:30,統括,2,0,0,0,0,0,2,0,0,充足,1F-01・3F-01
2026-10-14T19:00,1F,2,0,0,0,0,0,2,2,0,充足,1F-06・1F-07
2026-10-14T19:00,2F,2,0,0,0,0,0,2,2,0,充足,2F-03・2F-04
2026-10-14T19:00,3F,2,0,0,0,0,0,2,2,0,充足,3F-08・3F-09
2026-10-14T19:00,統括,2,0,0,0,0,0,2,1,0,充足,1F-01・3F-01
2026-10-14T19:30,1F,2,0,0,0,0,0,2,2,0,充足,1F-06・1F-07
2026-10-14T19:30,2F,2,0,0,0,0,0,2,2,0,充足,2F-03・2F-04
2026-10-14T19:30,3F,2,0,0,0,0,0,2,2,0,充足,3F-08・3F-09
2026-10-14T19:30,統括,2,0,0,0,0,0,2,1,0,充足,1F-01・3F-01
2026-10-14T20:00,1F,2,0,0,0,0,0,2,2,0,充足,1F-06・1F-07
2026-10-14T20:00,2F,2,0,0,0,0,0,2,2,0,充足,2F-03・2F-04
2026-10-14T20:00,3F,2,0,0,0,0,0,2,2,0,充足,3F-08・3F-09
2026-10-14T20:00,統括,2,0,0,0,0,0,2,1,0,充足,1F-01・3F-01
2026-10-14T20:30,1F,2,0,0,0,0,0,2,2,0,充足,1F-06・1F-07
2026-10-14T20:30,2F,2,0,0,0,0,0,2,2,0,充足,2F-03・2F-04
2026-10-14T20:30,3F,2,0,0,0,0,0,2,2,0,充足,3F-08・3F-09
2026-10-14T20:30,統括,2,0,0,0,0,0,2,1,0,充足,1F-01・3F-01
2026-10-14T21:00,1F,2,1,0,0,0,1,2,2,0,充足,1F-01・1F-07
2026-10-14T21:00,2F,2,0,0,0,0,0,2,2,0,充足,2F-03・2F-04
2026-10-14T21:00,3F,2,0,0,0,0,0,2,2,0,充足,3F-08・3F-09
2026-10-14T21:00,統括,2,0,0,0,1,0,1,1,0,充足,3F-01
2026-10-14T21:30,1F,2,1,0,0,0,1,2,2,0,充足,1F-01・1F-07
2026-10-14T21:30,2F,2,0,0,0,0,0,2,2,0,充足,2F-03・2F-04
2026-10-14T21:30,3F,2,0,0,0,0,0,2,2,0,充足,3F-08・3F-09
2026-10-14T21:30,統括,2,0,0,0,1,0,1,1,0,充足,3F-01
2026-10-14T22:00,1F,3,2,0,0,1,2,2,2,0,充足,1F-01・1F-23
2026-10-14T22:00,2F,2,0,0,0,0,0,2,2,0,充足,2F-03・2F-04
2026-10-14T22:00,3F,2,0,0,0,0,0,2,2,0,充足,3F-08・3F-09
2026-10-14T22:00,統括,2,0,0,0,1,0,1,1,0,充足,3F-01
2026-10-14T22:30,1F,3,2,0,0,1,2,2,2,0,充足,1F-01・1F-23
2026-10-14T22:30,2F,2,0,0,0,0,0,2,2,0,充足,2F-03・2F-04
2026-10-14T22:30,3F,2,0,0,0,0,0,2,2,0,充足,3F-08・3F-09
2026-10-14T22:30,統括,2,0,0,0,1,0,1,1,0,充足,3F-01
2026-10-14T23:00,1F,3,1,0,0,1,1,2,2,0,充足,1F-06・1F-23
2026-10-14T23:00,2F,2,1,0,0,0,1,2,2,0,充足,1F-01・2F-04
2026-10-14T23:00,3F,2,0,0,0,0,0,2,2,0,充足,3F-08・3F-09
2026-10-14T23:00,統括,2,0,0,0,1,0,1,1,0,充足,3F-01
2026-10-14T23:30,1F,3,1,0,0,1,1,2,2,0,充足,1F-06・1F-23
2026-10-14T23:30,2F,2,1,0,0,0,1,2,2,0,充足,1F-01・2F-04
2026-10-14T23:30,3F,2,0,0,0,0,0,2,2,0,充足,3F-08・3F-09
2026-10-14T23:30,統括,2,0,0,0,1,0,1,1,0,充足,3F-01
2026-10-15T00:00,1F,3,0,0,0,1,0,2,2,0,充足,1F-06・1F-07
2026-10-15T00:00,2F,2,2,0,0,0,2,2,2,0,充足,1F-01・1F-23
2026-10-15T00:00,3F,2,0,0,0,0,0,2,2,0,充足,3F-08・3F-09
2026-10-15T00:00,統括,2,0,0,0,1,0,1,1,0,充足,3F-01
2026-10-15T00:30,1F,3,0,0,0,1,0,2,2,0,充足,1F-06・1F-07
2026-10-15T00:30,2F,2,2,0,0,0,2,2,2,0,充足,1F-01・1F-23
2026-10-15T00:30,3F,2,0,0,0,0,0,2,2,0,充足,3F-08・3F-09
2026-10-15T00:30,統括,2,0,0,0,1,0,1,1,0,充足,3F-01
2026-10-15T01:00,1F,2,0,0,0,0,0,2,2,0,充足,1F-06・1F-07
2026-10-15T01:00,2F,3,1,0,0,1,1,2,2,0,充足,1F-24・2F-03
2026-10-15T01:00,3F,2,1,0,0,0,1,2,2,0,充足,1F-01・3F-09
2026-10-15T01:00,統括,2,0,0,0,1,0,1,1,0,充足,3F-01
2026-10-15T01:30,1F,2,0,0,0,0,0,2,2,0,充足,1F-06・1F-07
2026-10-15T01:30,2F,3,1,0,0,1,1,2,2,0,充足,1F-24・2F-03
2026-10-15T01:30,3F,2,1,0,0,0,1,2,2,0,充足,1F-01・3F-09
2026-10-15T01:30,統括,2,0,0,0,1,0,1,1,0,充足,3F-01
2026-10-15T02:00,1F,2,0,0,0,0,0,2,2,0,充足,1F-06・1F-07
2026-10-15T02:00,2F,3,0,0,0,1,0,2,2,0,充足,2F-03・2F-04
2026-10-15T02:00,3F,2,2,0,0,0,2,2,2,0,充足,1F-01・1F-24
2026-10-15T02:00,統括,2,0,0,0,1,0,1,1,0,充足,3F-01
2026-10-15T02:30,1F,2,0,0,0,0,0,2,2,0,充足,1F-06・1F-07
2026-10-15T02:30,2F,3,0,0,0,1,0,2,2,0,充足,2F-03・2F-04
2026-10-15T02:30,3F,2,2,0,0,0,2,2,2,0,充足,1F-01・1F-24
2026-10-15T02:30,統括,2,0,0,0,1,0,1,1,0,充足,3F-01
2026-10-15T03:00,1F,2,0,0,0,0,0,2,2,0,充足,1F-06・1F-07
2026-10-15T03:00,2F,3,0,0,0,1,0,2,2,0,充足,2F-03・2F-04
2026-10-15T03:00,3F,2,1,0,0,0,1,2,2,0,充足,1F-24・3F-08
2026-10-15T03:00,統括,2,1,0,0,0,0,1,1,0,充足,3F-01
2026-10-15T03:30,1F,2,0,0,0,0,0,2,2,0,充足,1F-06・1F-07
2026-10-15T03:30,2F,3,0,0,0,1,0,2,2,0,充足,2F-03・2F-04
2026-10-15T03:30,3F,2,1,0,0,0,1,2,2,0,充足,1F-24・3F-08
2026-10-15T03:30,統括,2,1,0,0,0,0,1,1,0,充足,3F-01
2026-10-15T04:00,1F,2,0,0,0,0,0,2,2,0,充足,1F-06・1F-07
2026-10-15T04:00,2F,2,0,0,0,0,0,2,2,0,充足,2F-03・2F-04
2026-10-15T04:00,3F,2,0,0,0,0,0,2,2,0,充足,3F-08・3F-09
2026-10-15T04:00,統括,2,1,0,0,0,0,1,1,0,充足,3F-01
2026-10-15T04:30,1F,2,0,0,0,0,0,2,2,0,充足,1F-06・1F-07
2026-10-15T04:30,2F,2,0,0,0,0,0,2,2,0,充足,2F-03・2F-04
2026-10-15T04:30,3F,2,0,0,0,0,0,2,2,0,充足,3F-08・3F-09
2026-10-15T04:30,統括,2,1,0,0,0,0,1,1,0,充足,3F-01
2026-10-15T05:00,1F,2,0,0,0,0,0,2,2,0,充足,1F-06・1F-07
2026-10-15T05:00,2F,2,0,0,0,0,0,2,2,0,充足,2F-03・2F-04
2026-10-15T05:00,3F,2,0,0,0,0,0,2,2,0,充足,3F-08・3F-09
2026-10-15T05:00,統括,2,1,0,0,0,0,1,1,0,充足,1F-01
2026-10-15T05:30,1F,2,0,0,0,0,0,2,2,0,充足,1F-06・1F-07
2026-10-15T05:30,2F,2,0,0,0,0,0,2,2,0,充足,2F-03・2F-04
2026-10-15T05:30,3F,2,0,0,0,0,0,2,2,0,充足,3F-08・3F-09
2026-10-15T05:30,統括,2,1,0,0,0,0,1,1,0,充足,1F-01
2026-10-15T06:00,1F,2,0,0,0,0,0,2,2,0,充足,1F-06・1F-07
2026-10-15T06:00,2F,2,0,0,0,0,0,2,2,0,充足,2F-03・2F-04
2026-10-15T06:00,3F,2,0,0,0,0,0,2,2,0,充足,3F-08・3F-09
2026-10-15T06:00,統括,2,1,0,0,0,0,1,1,0,充足,1F-01
2026-10-15T06:30,1F,2,0,0,0,0,0,2,2,0,充足,1F-06・1F-07
2026-10-15T06:30,2F,2,0,0,0,0,0,2,2,0,充足,2F-03・2F-04
2026-10-15T06:30,3F,2,0,0,0,0,0,2,2,0,充足,3F-08・3F-09
2026-10-15T06:30,統括,2,1,0,0,0,0,1,1,0,充足,1F-01
2026-10-15T07:00,1F,7,0,0,0,0,0,7,4,0,充足,1F-06・1F-07・1F-38・1F-39・1F-40・1F-41・1F-42
2026-10-15T07:00,2F,8,0,0,0,0,0,8,4,0,充足,2F-03・2F-04・2F-19・2F-26・2F-27・2F-28・2F-29・2F-30
2026-10-15T07:00,3F,7,0,0,0,0,0,7,4,0,充足,3F-08・3F-09・3F-26・3F-27・3F-28・3F-29・3F-30
2026-10-15T07:00,統括,2,0,0,0,0,0,2,0,0,充足,1F-01・3F-01
2026-10-15T07:30,1F,7,0,0,0,0,0,7,4,0,充足,1F-06・1F-07・1F-38・1F-39・1F-40・1F-41・1F-42
2026-10-15T07:30,2F,8,0,0,0,0,0,8,4,0,充足,2F-03・2F-04・2F-19・2F-26・2F-27・2F-28・2F-29・2F-30
2026-10-15T07:30,3F,7,0,0,0,0,0,7,4,0,充足,3F-08・3F-09・3F-26・3F-27・3F-28・3F-29・3F-30
2026-10-15T07:30,統括,2,0,0,0,0,0,2,0,0,充足,1F-01・3F-01
2026-10-15T08:00,1F,7,0,0,0,0,0,7,4,0,充足,1F-06・1F-07・1F-38・1F-39・1F-40・1F-41・1F-42
2026-10-15T08:00,2F,8,0,0,0,0,0,8,4,0,充足,2F-03・2F-04・2F-19・2F-26・2F-27・2F-28・2F-29・2F-30
2026-10-15T08:00,3F,7,0,0,0,0,0,7,4,0,充足,3F-08・3F-09・3F-26・3F-27・3F-28・3F-29・3F-30
2026-10-15T08:00,統括,2,0,0,0,0,0,2,0,0,充足,1F-01・3F-01
2026-10-15T08:30,1F,7,0,0,0,0,0,7,4,0,充足,1F-06・1F-07・1F-38・1F-39・1F-40・1F-41・1F-42
2026-10-15T08:30,2F,8,0,0,0,0,0,8,4,0,充足,2F-03・2F-04・2F-19・2F-26・2F-27・2F-28・2F-29・2F-30
2026-10-15T08:30,3F,7,0,0,0,0,0,7,4,0,充足,3F-08・3F-09・3F-26・3F-27・3F-28・3F-29・3F-30
2026-10-15T08:30,統括,2,0,0,0,0,0,2,0,0,充足,1F-01・3F-01
2026-10-15T09:00,1F,5,0,0,0,0,0,5,4,0,充足,1F-38・1F-39・1F-40・1F-41・1F-42
2026-10-15T09:00,2F,6,0,0,0,0,0,6,4,0,充足,2F-19・2F-26・2F-27・2F-28・2F-29・2F-30
2026-10-15T09:00,3F,5,0,0,0,0,0,5,4,0,充足,3F-26・3F-27・3F-28・3F-29・3F-30
2026-10-15T09:00,統括,0,0,0,0,0,0,0,0,0,充足,
2026-10-15T09:30,1F,5,0,0,0,0,0,5,4,0,充足,1F-38・1F-39・1F-40・1F-41・1F-42
2026-10-15T09:30,2F,6,0,0,0,0,0,6,4,0,充足,2F-19・2F-26・2F-27・2F-28・2F-29・2F-30
2026-10-15T09:30,3F,5,0,0,0,0,0,5,4,0,充足,3F-26・3F-27・3F-28・3F-29・3F-30
2026-10-15T09:30,統括,0,0,0,0,0,0,0,0,0,充足,
2026-10-15T10:00,1F,10,0,1,0,0,0,9,4,0,充足,1F-11・1F-12・1F-14・1F-15・1F-39・1F-40・1F-41・1F-42・1F-43
2026-10-15T10:00,2F,11,0,1,0,0,0,10,4,0,充足,2F-02・2F-05・2F-06・2F-09・2F-10・2F-19・2F-27・2F-28・2F-29・2F-30
2026-10-15T10:00,3F,10,0,1,0,0,0,9,4,0,充足,3F-27・3F-28・3F-29・3F-30・3F-31・3F-32・3F-33・3F-34・3F-35
2026-10-15T10:00,統括,0,0,0,0,0,0,0,0,0,充足,
2026-10-15T10:30,1F,10,0,1,0,0,0,9,4,0,充足,1F-11・1F-12・1F-14・1F-15・1F-39・1F-40・1F-41・1F-42・1F-43
2026-10-15T10:30,2F,11,0,1,0,0,0,10,4,0,充足,2F-02・2F-05・2F-06・2F-09・2F-10・2F-19・2F-27・2F-28・2F-29・2F-30
2026-10-15T10:30,3F,10,0,1,0,0,0,9,4,0,充足,3F-27・3F-28・3F-29・3F-30・3F-31・3F-32・3F-33・3F-34・3F-35
2026-10-15T10:30,統括,0,0,0,0,0,0,0,0,0,充足,
2026-10-15T11:00,1F,10,5,0,0,0,0,5,4,0,充足,1F-11・1F-12・1F-14・1F-15・1F-43
2026-10-15T11:00,2F,11,5,0,0,0,0,6,4,0,充足,2F-02・2F-05・2F-06・2F-09・2F-10・2F-19
2026-10-15T11:00,3F,10,5,0,0,0,0,5,4,0,充足,3F-31・3F-32・3F-33・3F-34・3F-35
2026-10-15T11:00,統括,0,0,0,0,0,0,0,0,0,充足,
2026-10-15T11:30,1F,10,5,0,0,0,0,5,4,0,充足,1F-11・1F-12・1F-14・1F-15・1F-43
2026-10-15T11:30,2F,11,5,0,0,0,0,6,4,0,充足,2F-02・2F-05・2F-06・2F-09・2F-10・2F-19
2026-10-15T11:30,3F,10,5,0,0,0,0,5,4,0,充足,3F-31・3F-32・3F-33・3F-34・3F-35
2026-10-15T11:30,統括,0,0,0,0,0,0,0,0,0,充足,
2026-10-15T12:00,1F,10,0,0,0,0,0,10,4,0,充足,1F-11・1F-12・1F-14・1F-15・1F-38・1F-39・1F-40・1F-41・1F-42・1F-43
2026-10-15T12:00,2F,10,0,0,0,0,0,10,4,0,充足,2F-02・2F-05・2F-06・2F-09・2F-10・2F-26・2F-27・2F-28・2F-29・2F-30
2026-10-15T12:00,3F,10,0,0,0,0,0,10,4,0,充足,3F-26・3F-27・3F-28・3F-29・3F-30・3F-31・3F-32・3F-33・3F-34・3F-35
2026-10-15T12:00,統括,0,0,0,0,0,0,0,0,0,充足,
2026-10-15T12:30,1F,10,0,0,0,0,0,10,4,0,充足,1F-11・1F-12・1F-14・1F-15・1F-38・1F-39・1F-40・1F-41・1F-42・1F-43
2026-10-15T12:30,2F,10,0,0,0,0,0,10,4,0,充足,2F-02・2F-05・2F-06・2F-09・2F-10・2F-26・2F-27・2F-28・2F-29・2F-30
2026-10-15T12:30,3F,10,0,0,0,0,0,10,4,0,充足,3F-26・3F-27・3F-28・3F-29・3F-30・3F-31・3F-32・3F-33・3F-34・3F-35
2026-10-15T12:30,統括,0,0,0,0,0,0,0,0,0,充足,
2026-10-15T13:00,1F,10,5,0,0,0,0,5,4,0,充足,1F-38・1F-39・1F-40・1F-41・1F-42
2026-10-15T13:00,2F,10,5,0,0,0,0,5,4,0,充足,2F-26・2F-27・2F-28・2F-29・2F-30
2026-10-15T13:00,3F,10,5,0,0,0,0,5,4,0,充足,3F-26・3F-27・3F-28・3F-29・3F-30
2026-10-15T13:00,統括,0,0,0,0,0,0,0,0,0,充足,
2026-10-15T13:30,1F,10,5,0,0,0,0,5,4,0,充足,1F-38・1F-39・1F-40・1F-41・1F-42
2026-10-15T13:30,2F,10,5,0,0,0,0,5,4,0,充足,2F-26・2F-27・2F-28・2F-29・2F-30
2026-10-15T13:30,3F,10,5,0,0,0,0,5,4,0,充足,3F-26・3F-27・3F-28・3F-29・3F-30
2026-10-15T13:30,統括,0,0,0,0,0,0,0,0,0,充足,
2026-10-15T14:00,1F,10,0,0,0,0,0,10,4,0,充足,1F-11・1F-12・1F-14・1F-15・1F-38・1F-39・1F-40・1F-41・1F-42・1F-43
2026-10-15T14:00,2F,10,0,0,0,0,0,10,4,0,充足,2F-02・2F-05・2F-06・2F-09・2F-10・2F-26・2F-27・2F-28・2F-29・2F-30
2026-10-15T14:00,3F,10,0,0,0,0,0,10,4,0,充足,3F-26・3F-27・3F-28・3F-29・3F-30・3F-31・3F-32・3F-33・3F-34・3F-35
2026-10-15T14:00,統括,0,0,0,0,0,0,0,0,0,充足,
2026-10-15T14:30,1F,10,0,0,0,0,0,10,4,0,充足,1F-11・1F-12・1F-14・1F-15・1F-38・1F-39・1F-40・1F-41・1F-42・1F-43
2026-10-15T14:30,2F,10,0,0,0,0,0,10,4,0,充足,2F-02・2F-05・2F-06・2F-09・2F-10・2F-26・2F-27・2F-28・2F-29・2F-30
2026-10-15T14:30,3F,10,0,0,0,0,0,10,4,0,充足,3F-26・3F-27・3F-28・3F-29・3F-30・3F-31・3F-32・3F-33・3F-34・3F-35
2026-10-15T14:30,統括,0,0,0,0,0,0,0,0,0,充足,
2026-10-15T15:00,1F,10,0,1,0,0,0,9,4,0,充足,1F-11・1F-12・1F-14・1F-15・1F-38・1F-39・1F-40・1F-41・1F-42
2026-10-15T15:00,2F,10,0,1,0,0,0,9,4,0,充足,2F-05・2F-06・2F-09・2F-10・2F-26・2F-27・2F-28・2F-29・2F-30
2026-10-15T15:00,3F,10,0,1,0,0,0,9,4,0,充足,3F-26・3F-27・3F-28・3F-29・3F-30・3F-32・3F-33・3F-34・3F-35
2026-10-15T15:00,統括,0,0,0,0,0,0,0,0,0,充足,
2026-10-15T15:30,1F,10,0,1,0,0,0,9,4,0,充足,1F-11・1F-12・1F-14・1F-15・1F-38・1F-39・1F-40・1F-41・1F-42
2026-10-15T15:30,2F,10,0,1,0,0,0,9,4,0,充足,2F-05・2F-06・2F-09・2F-10・2F-26・2F-27・2F-28・2F-29・2F-30
2026-10-15T15:30,3F,10,0,1,0,0,0,9,4,0,充足,3F-26・3F-27・3F-28・3F-29・3F-30・3F-32・3F-33・3F-34・3F-35
2026-10-15T15:30,統括,0,0,0,0,0,0,0,0,0,充足,
2026-10-15T16:00,1F,7,0,0,0,0,0,7,4,0,充足,1F-08・1F-11・1F-12・1F-13・1F-14・1F-15・1F-43
2026-10-15T16:00,2F,7,0,0,0,0,0,7,4,0,充足,2F-02・2F-05・2F-06・2F-07・2F-08・2F-09・2F-10
2026-10-15T16:00,3F,7,0,0,0,0,0,7,4,0,充足,3F-10・3F-11・3F-31・3F-32・3F-33・3F-34・3F-35
2026-10-15T16:00,統括,2,0,0,0,0,0,2,0,0,充足,1F-02・3F-04
2026-10-15T16:30,1F,7,2,0,0,0,0,5,4,0,充足,1F-11・1F-12・1F-14・1F-15・1F-43
2026-10-15T16:30,2F,7,2,0,0,0,0,5,4,0,充足,2F-02・2F-05・2F-06・2F-09・2F-10
2026-10-15T16:30,3F,7,0,0,0,0,0,7,4,0,充足,3F-10・3F-11・3F-31・3F-32・3F-33・3F-34・3F-35
2026-10-15T16:30,統括,2,0,0,0,0,0,2,0,0,充足,1F-02・3F-04
2026-10-15T17:00,1F,7,2,0,0,0,0,5,4,0,充足,1F-11・1F-12・1F-14・1F-15・1F-43
2026-10-15T17:00,2F,7,2,0,0,0,0,5,4,0,充足,2F-02・2F-05・2F-06・2F-09・2F-10
2026-10-15T17:00,3F,7,0,0,0,0,0,7,4,0,充足,3F-10・3F-11・3F-31・3F-32・3F-33・3F-34・3F-35
2026-10-15T17:00,統括,2,0,0,0,0,0,2,0,0,充足,1F-02・3F-04
2026-10-15T17:30,1F,7,0,0,0,0,0,7,4,0,充足,1F-08・1F-11・1F-12・1F-13・1F-14・1F-15・1F-43
2026-10-15T17:30,2F,7,0,0,0,0,0,7,4,0,充足,2F-02・2F-05・2F-06・2F-07・2F-08・2F-09・2F-10
2026-10-15T17:30,3F,7,2,0,0,0,0,5,4,0,充足,3F-31・3F-32・3F-33・3F-34・3F-35
2026-10-15T17:30,統括,2,2,0,0,0,0,0,0,0,充足,
2026-10-15T18:00,1F,7,0,0,0,0,0,7,4,0,充足,1F-08・1F-11・1F-12・1F-13・1F-14・1F-15・1F-43
2026-10-15T18:00,2F,7,0,0,0,0,0,7,4,0,充足,2F-02・2F-05・2F-06・2F-07・2F-08・2F-09・2F-10
2026-10-15T18:00,3F,7,2,0,0,0,0,5,4,0,充足,3F-31・3F-32・3F-33・3F-34・3F-35
2026-10-15T18:00,統括,2,2,0,0,0,0,0,0,0,充足,
2026-10-15T18:30,1F,7,0,0,0,0,0,7,4,0,充足,1F-08・1F-11・1F-12・1F-13・1F-14・1F-15・1F-43
2026-10-15T18:30,2F,7,0,0,0,0,0,7,4,0,充足,2F-02・2F-05・2F-06・2F-07・2F-08・2F-09・2F-10
2026-10-15T18:30,3F,7,0,0,0,0,0,7,4,0,充足,3F-10・3F-11・3F-31・3F-32・3F-33・3F-34・3F-35
2026-10-15T18:30,統括,2,0,0,0,0,0,2,0,0,充足,1F-02・3F-04
2026-10-15T19:00,1F,2,0,0,0,0,0,2,2,0,充足,1F-08・1F-13
2026-10-15T19:00,2F,2,0,0,0,0,0,2,2,0,充足,2F-07・2F-08
2026-10-15T19:00,3F,2,0,0,0,0,0,2,2,0,充足,3F-10・3F-11
2026-10-15T19:00,統括,2,0,0,0,0,0,2,1,0,充足,1F-02・3F-04
2026-10-15T19:30,1F,2,0,0,0,0,0,2,2,0,充足,1F-08・1F-13
2026-10-15T19:30,2F,2,0,0,0,0,0,2,2,0,充足,2F-07・2F-08
2026-10-15T19:30,3F,2,0,0,0,0,0,2,2,0,充足,3F-10・3F-11
2026-10-15T19:30,統括,2,0,0,0,0,0,2,1,0,充足,1F-02・3F-04
2026-10-15T20:00,1F,2,0,0,0,0,0,2,2,0,充足,1F-08・1F-13
2026-10-15T20:00,2F,2,0,0,0,0,0,2,2,0,充足,2F-07・2F-08
2026-10-15T20:00,3F,2,0,0,0,0,0,2,2,0,充足,3F-10・3F-11
2026-10-15T20:00,統括,2,0,0,0,0,0,2,1,0,充足,1F-02・3F-04
2026-10-15T20:30,1F,2,0,0,0,0,0,2,2,0,充足,1F-08・1F-13
2026-10-15T20:30,2F,2,0,0,0,0,0,2,2,0,充足,2F-07・2F-08
2026-10-15T20:30,3F,2,0,0,0,0,0,2,2,0,充足,3F-10・3F-11
2026-10-15T20:30,統括,2,0,0,0,0,0,2,1,0,充足,1F-02・3F-04
2026-10-15T21:00,1F,2,1,0,0,0,1,2,2,0,充足,1F-13・3F-04
2026-10-15T21:00,2F,2,0,0,0,0,0,2,2,0,充足,2F-07・2F-08
2026-10-15T21:00,3F,2,0,0,0,0,0,2,2,0,充足,3F-10・3F-11
2026-10-15T21:00,統括,2,0,0,0,1,0,1,1,0,充足,1F-02
2026-10-15T21:30,1F,2,1,0,0,0,1,2,2,0,充足,1F-13・3F-04
2026-10-15T21:30,2F,2,0,0,0,0,0,2,2,0,充足,2F-07・2F-08
2026-10-15T21:30,3F,2,0,0,0,0,0,2,2,0,充足,3F-10・3F-11
2026-10-15T21:30,統括,2,0,0,0,1,0,1,1,0,充足,1F-02
2026-10-15T22:00,1F,3,2,0,0,1,2,2,2,0,充足,1F-25・3F-04
2026-10-15T22:00,2F,2,0,0,0,0,0,2,2,0,充足,2F-07・2F-08
2026-10-15T22:00,3F,2,0,0,0,0,0,2,2,0,充足,3F-10・3F-11
2026-10-15T22:00,統括,2,0,0,0,1,0,1,1,0,充足,1F-02
2026-10-15T22:30,1F,3,2,0,0,1,2,2,2,0,充足,1F-25・3F-04
2026-10-15T22:30,2F,2,0,0,0,0,0,2,2,0,充足,2F-07・2F-08
2026-10-15T22:30,3F,2,0,0,0,0,0,2,2,0,充足,3F-10・3F-11
2026-10-15T22:30,統括,2,0,0,0,1,0,1,1,0,充足,1F-02
2026-10-15T23:00,1F,3,1,0,0,1,1,2,2,0,充足,1F-08・1F-25
2026-10-15T23:00,2F,2,1,0,0,0,1,2,2,0,充足,2F-08・3F-04
2026-10-15T23:00,3F,2,0,0,0,0,0,2,2,0,充足,3F-10・3F-11
2026-10-15T23:00,統括,2,0,0,0,1,0,1,1,0,充足,1F-02
2026-10-15T23:30,1F,3,1,0,0,1,1,2,2,0,充足,1F-08・1F-25
2026-10-15T23:30,2F,2,1,0,0,0,1,2,2,0,充足,2F-08・3F-04
2026-10-15T23:30,3F,2,0,0,0,0,0,2,2,0,充足,3F-10・3F-11
2026-10-15T23:30,統括,2,0,0,0,1,0,1,1,0,充足,1F-02
2026-10-16T00:00,1F,3,0,0,0,1,0,2,2,0,充足,1F-08・1F-13
2026-10-16T00:00,2F,2,2,0,0,0,2,2,2,0,充足,1F-25・3F-04
2026-10-16T00:00,3F,2,0,0,0,0,0,2,2,0,充足,3F-10・3F-11
2026-10-16T00:00,統括,2,0,0,0,1,0,1,1,0,充足,1F-02
2026-10-16T00:30,1F,3,0,0,0,1,0,2,2,0,充足,1F-08・1F-13
2026-10-16T00:30,2F,2,2,0,0,0,2,2,2,0,充足,1F-25・3F-04
2026-10-16T00:30,3F,2,0,0,0,0,0,2,2,0,充足,3F-10・3F-11
2026-10-16T00:30,統括,2,0,0,0,1,0,1,1,0,充足,1F-02
2026-10-16T01:00,1F,2,0,0,0,0,0,2,2,0,充足,1F-08・1F-13
2026-10-16T01:00,2F,3,1,0,0,1,1,2,2,0,充足,2F-07・3F-24
2026-10-16T01:00,3F,2,1,0,0,0,1,2,2,0,充足,3F-04・3F-11
2026-10-16T01:00,統括,2,0,0,0,1,0,1,1,0,充足,1F-02
2026-10-16T01:30,1F,2,0,0,0,0,0,2,2,0,充足,1F-08・1F-13
2026-10-16T01:30,2F,3,1,0,0,1,1,2,2,0,充足,2F-07・3F-24
2026-10-16T01:30,3F,2,1,0,0,0,1,2,2,0,充足,3F-04・3F-11
2026-10-16T01:30,統括,2,0,0,0,1,0,1,1,0,充足,1F-02
2026-10-16T02:00,1F,2,0,0,0,0,0,2,2,0,充足,1F-08・1F-13
2026-10-16T02:00,2F,3,0,0,0,1,0,2,2,0,充足,2F-07・2F-08
2026-10-16T02:00,3F,2,2,0,0,0,2,2,2,0,充足,3F-04・3F-24
2026-10-16T02:00,統括,2,0,0,0,1,0,1,1,0,充足,1F-02
2026-10-16T02:30,1F,2,0,0,0,0,0,2,2,0,充足,1F-08・1F-13
2026-10-16T02:30,2F,3,0,0,0,1,0,2,2,0,充足,2F-07・2F-08
2026-10-16T02:30,3F,2,2,0,0,0,2,2,2,0,充足,3F-04・3F-24
2026-10-16T02:30,統括,2,0,0,0,1,0,1,1,0,充足,1F-02
2026-10-16T03:00,1F,2,0,0,0,0,0,2,2,0,充足,1F-08・1F-13
2026-10-16T03:00,2F,3,0,0,0,1,0,2,2,0,充足,2F-07・2F-08
2026-10-16T03:00,3F,2,1,0,0,0,1,2,2,0,充足,3F-10・3F-24
2026-10-16T03:00,統括,2,1,0,0,0,0,1,1,0,充足,1F-02
2026-10-16T03:30,1F,2,0,0,0,0,0,2,2,0,充足,1F-08・1F-13
2026-10-16T03:30,2F,3,0,0,0,1,0,2,2,0,充足,2F-07・2F-08
2026-10-16T03:30,3F,2,1,0,0,0,1,2,2,0,充足,3F-10・3F-24
2026-10-16T03:30,統括,2,1,0,0,0,0,1,1,0,充足,1F-02
2026-10-16T04:00,1F,2,0,0,0,0,0,2,2,0,充足,1F-08・1F-13
2026-10-16T04:00,2F,2,0,0,0,0,0,2,2,0,充足,2F-07・2F-08
2026-10-16T04:00,3F,2,0,0,0,0,0,2,2,0,充足,3F-10・3F-11
2026-10-16T04:00,統括,2,1,0,0,0,0,1,1,0,充足,1F-02
2026-10-16T04:30,1F,2,0,0,0,0,0,2,2,0,充足,1F-08・1F-13
2026-10-16T04:30,2F,2,0,0,0,0,0,2,2,0,充足,2F-07・2F-08
2026-10-16T04:30,3F,2,0,0,0,0,0,2,2,0,充足,3F-10・3F-11
2026-10-16T04:30,統括,2,1,0,0,0,0,1,1,0,充足,1F-02
2026-10-16T05:00,1F,2,0,0,0,0,0,2,2,0,充足,1F-08・1F-13
2026-10-16T05:00,2F,2,0,0,0,0,0,2,2,0,充足,2F-07・2F-08
2026-10-16T05:00,3F,2,0,0,0,0,0,2,2,0,充足,3F-10・3F-11
2026-10-16T05:00,統括,2,1,0,0,0,0,1,1,0,充足,3F-04
2026-10-16T05:30,1F,2,0,0,0,0,0,2,2,0,充足,1F-08・1F-13
2026-10-16T05:30,2F,2,0,0,0,0,0,2,2,0,充足,2F-07・2F-08
2026-10-16T05:30,3F,2,0,0,0,0,0,2,2,0,充足,3F-10・3F-11
2026-10-16T05:30,統括,2,1,0,0,0,0,1,1,0,充足,3F-04
2026-10-16T06:00,1F,2,0,0,0,0,0,2,2,0,充足,1F-08・1F-13
2026-10-16T06:00,2F,2,0,0,0,0,0,2,2,0,充足,2F-07・2F-08
2026-10-16T06:00,3F,2,0,0,0,0,0,2,2,0,充足,3F-10・3F-11
2026-10-16T06:00,統括,2,1,0,0,0,0,1,1,0,充足,3F-04
2026-10-16T06:30,1F,2,0,0,0,0,0,2,2,0,充足,1F-08・1F-13
2026-10-16T06:30,2F,2,0,0,0,0,0,2,2,0,充足,2F-07・2F-08
2026-10-16T06:30,3F,2,0,0,0,0,0,2,2,0,充足,3F-10・3F-11
2026-10-16T06:30,統括,2,1,0,0,0,0,1,1,0,充足,3F-04
2026-10-16T07:00,1F,7,0,0,0,0,0,7,4,0,充足,1F-08・1F-13・1F-16・1F-27・1F-28・1F-29・1F-30
2026-10-16T07:00,2F,7,0,0,0,0,0,7,4,0,充足,2F-03・2F-04・2F-07・2F-08・2F-13・2F-14・2F-15
2026-10-16T07:00,3F,7,0,0,0,0,0,7,4,0,充足,3F-10・3F-11・3F-36・3F-37・3F-38・3F-39・3F-40
2026-10-16T07:00,統括,2,0,0,0,0,0,2,0,0,充足,1F-02・3F-04
2026-10-16T07:30,1F,7,0,0,0,0,0,7,4,0,充足,1F-08・1F-13・1F-16・1F-27・1F-28・1F-29・1F-30
2026-10-16T07:30,2F,7,0,0,0,0,0,7,4,0,充足,2F-03・2F-04・2F-07・2F-08・2F-13・2F-14・2F-15
2026-10-16T07:30,3F,7,0,0,0,0,0,7,4,0,充足,3F-10・3F-11・3F-36・3F-37・3F-38・3F-39・3F-40
2026-10-16T07:30,統括,2,0,0,0,0,0,2,0,0,充足,1F-02・3F-04
2026-10-16T08:00,1F,7,0,0,0,0,0,7,4,0,充足,1F-08・1F-13・1F-16・1F-27・1F-28・1F-29・1F-30
2026-10-16T08:00,2F,7,0,0,0,0,0,7,4,0,充足,2F-03・2F-04・2F-07・2F-08・2F-13・2F-14・2F-15
2026-10-16T08:00,3F,7,0,0,0,0,0,7,4,0,充足,3F-10・3F-11・3F-36・3F-37・3F-38・3F-39・3F-40
2026-10-16T08:00,統括,2,0,0,0,0,0,2,0,0,充足,1F-02・3F-04
2026-10-16T08:30,1F,8,0,0,0,0,0,8,4,0,充足,1F-08・1F-13・1F-16・1F-27・1F-28・1F-29・1F-30・1F-36
2026-10-16T08:30,2F,7,0,0,0,0,0,7,4,0,充足,2F-03・2F-04・2F-07・2F-08・2F-13・2F-14・2F-15
2026-10-16T08:30,3F,7,0,0,0,0,0,7,4,0,充足,3F-10・3F-11・3F-36・3F-37・3F-38・3F-39・3F-40
2026-10-16T08:30,統括,2,0,0,0,0,0,2,0,0,充足,1F-02・3F-04
2026-10-16T09:00,1F,6,0,0,0,0,0,6,4,0,充足,1F-16・1F-27・1F-28・1F-29・1F-30・1F-36
2026-10-16T09:00,2F,5,0,0,0,0,0,5,4,0,充足,2F-03・2F-04・2F-13・2F-14・2F-15
2026-10-16T09:00,3F,5,0,0,0,0,0,5,4,0,充足,3F-36・3F-37・3F-38・3F-39・3F-40
2026-10-16T09:00,統括,0,0,0,0,0,0,0,0,0,充足,
2026-10-16T09:30,1F,6,0,0,0,0,0,6,4,0,充足,1F-16・1F-27・1F-28・1F-29・1F-30・1F-36
2026-10-16T09:30,2F,5,0,0,0,0,0,5,4,0,充足,2F-03・2F-04・2F-13・2F-14・2F-15
2026-10-16T09:30,3F,5,0,0,0,0,0,5,4,0,充足,3F-36・3F-37・3F-38・3F-39・3F-40
2026-10-16T09:30,統括,0,0,0,0,0,0,0,0,0,充足,
2026-10-16T10:00,1F,11,0,1,0,0,0,10,4,0,充足,1F-27・1F-28・1F-29・1F-30・1F-31・1F-32・1F-33・1F-34・1F-35・1F-36
2026-10-16T10:00,2F,10,0,1,0,0,0,9,4,0,充足,2F-04・2F-13・2F-14・2F-15・2F-16・2F-25・2F-26・2F-27・2F-28
2026-10-16T10:00,3F,10,0,1,0,0,0,9,4,0,充足,3F-37・3F-38・3F-39・3F-40・3F-41・3F-42・3F-43・3F-44・3F-45
2026-10-16T10:00,統括,0,0,0,0,0,0,0,0,0,充足,
2026-10-16T10:30,1F,11,0,1,0,0,0,10,4,0,充足,1F-27・1F-28・1F-29・1F-30・1F-31・1F-32・1F-33・1F-34・1F-35・1F-36
2026-10-16T10:30,2F,10,0,1,0,0,0,9,4,0,充足,2F-04・2F-13・2F-14・2F-15・2F-16・2F-25・2F-26・2F-27・2F-28
2026-10-16T10:30,3F,10,0,1,0,0,0,9,4,0,充足,3F-37・3F-38・3F-39・3F-40・3F-41・3F-42・3F-43・3F-44・3F-45
2026-10-16T10:30,統括,0,0,0,0,0,0,0,0,0,充足,
2026-10-16T11:00,1F,11,5,0,0,0,0,6,4,0,充足,1F-31・1F-32・1F-33・1F-34・1F-35・1F-36
2026-10-16T11:00,2F,10,5,0,0,0,0,5,4,0,充足,2F-16・2F-25・2F-26・2F-27・2F-28
2026-10-16T11:00,3F,10,5,0,0,0,0,5,4,0,充足,3F-41・3F-42・3F-43・3F-44・3F-45
2026-10-16T11:00,統括,0,0,0,0,0,0,0,0,0,充足,
2026-10-16T11:30,1F,11,5,0,0,0,0,6,4,0,充足,1F-31・1F-32・1F-33・1F-34・1F-35・1F-36
2026-10-16T11:30,2F,10,5,0,0,0,0,5,4,0,充足,2F-16・2F-25・2F-26・2F-27・2F-28
2026-10-16T11:30,3F,10,5,0,0,0,0,5,4,0,充足,3F-41・3F-42・3F-43・3F-44・3F-45
2026-10-16T11:30,統括,0,0,0,0,0,0,0,0,0,充足,
2026-10-16T12:00,1F,11,1,0,0,0,0,10,4,0,充足,1F-16・1F-27・1F-28・1F-29・1F-30・1F-31・1F-32・1F-33・1F-34・1F-35
2026-10-16T12:00,2F,10,0,0,0,0,0,10,4,0,充足,2F-03・2F-04・2F-13・2F-14・2F-15・2F-16・2F-25・2F-26・2F-27・2F-28
2026-10-16T12:00,3F,10,0,0,0,0,0,10,4,0,充足,3F-36・3F-37・3F-38・3F-39・3F-40・3F-41・3F-42・3F-43・3F-44・3F-45
2026-10-16T12:00,統括,0,0,0,0,0,0,0,0,0,充足,
2026-10-16T12:30,1F,11,1,0,0,0,0,10,4,0,充足,1F-16・1F-27・1F-28・1F-29・1F-30・1F-31・1F-32・1F-33・1F-34・1F-35
2026-10-16T12:30,2F,10,0,0,0,0,0,10,4,0,充足,2F-03・2F-04・2F-13・2F-14・2F-15・2F-16・2F-25・2F-26・2F-27・2F-28
2026-10-16T12:30,3F,10,0,0,0,0,0,10,4,0,充足,3F-36・3F-37・3F-38・3F-39・3F-40・3F-41・3F-42・3F-43・3F-44・3F-45
2026-10-16T12:30,統括,0,0,0,0,0,0,0,0,0,充足,
2026-10-16T13:00,1F,11,5,0,0,0,0,6,4,0,充足,1F-16・1F-27・1F-28・1F-29・1F-30・1F-36
2026-10-16T13:00,2F,10,5,0,0,0,0,5,4,0,充足,2F-03・2F-04・2F-13・2F-14・2F-15
2026-10-16T13:00,3F,10,5,0,0,0,0,5,4,0,充足,3F-36・3F-37・3F-38・3F-39・3F-40
2026-10-16T13:00,統括,0,0,0,0,0,0,0,0,0,充足,
2026-10-16T13:30,1F,11,5,0,0,0,0,6,4,0,充足,1F-16・1F-27・1F-28・1F-29・1F-30・1F-36
2026-10-16T13:30,2F,10,5,0,0,0,0,5,4,0,充足,2F-03・2F-04・2F-13・2F-14・2F-15
2026-10-16T13:30,3F,10,5,0,0,0,0,5,4,0,充足,3F-36・3F-37・3F-38・3F-39・3F-40
2026-10-16T13:30,統括,0,0,0,0,0,0,0,0,0,充足,
2026-10-16T14:00,1F,11,0,0,0,0,0,11,4,0,充足,1F-16・1F-27・1F-28・1F-29・1F-30・1F-31・1F-32・1F-33・1F-34・1F-35・1F-36
2026-10-16T14:00,2F,10,0,0,0,0,0,10,4,0,充足,2F-03・2F-04・2F-13・2F-14・2F-15・2F-16・2F-25・2F-26・2F-27・2F-28
2026-10-16T14:00,3F,10,0,0,0,0,0,10,4,0,充足,3F-36・3F-37・3F-38・3F-39・3F-40・3F-41・3F-42・3F-43・3F-44・3F-45
2026-10-16T14:00,統括,0,0,0,0,0,0,0,0,0,充足,
2026-10-16T14:30,1F,11,0,0,0,0,0,11,4,0,充足,1F-16・1F-27・1F-28・1F-29・1F-30・1F-31・1F-32・1F-33・1F-34・1F-35・1F-36
2026-10-16T14:30,2F,10,0,0,0,0,0,10,4,0,充足,2F-03・2F-04・2F-13・2F-14・2F-15・2F-16・2F-25・2F-26・2F-27・2F-28
2026-10-16T14:30,3F,10,0,0,0,0,0,10,4,0,充足,3F-36・3F-37・3F-38・3F-39・3F-40・3F-41・3F-42・3F-43・3F-44・3F-45
2026-10-16T14:30,統括,0,0,0,0,0,0,0,0,0,充足,
2026-10-16T15:00,1F,11,0,1,0,0,0,10,4,0,充足,1F-16・1F-27・1F-28・1F-29・1F-30・1F-32・1F-33・1F-34・1F-35・1F-36
2026-10-16T15:00,2F,10,0,1,0,0,0,9,4,0,充足,2F-03・2F-04・2F-13・2F-14・2F-15・2F-25・2F-26・2F-27・2F-28
2026-10-16T15:00,3F,10,0,1,0,0,0,9,4,0,充足,3F-36・3F-37・3F-38・3F-39・3F-40・3F-42・3F-43・3F-44・3F-45
2026-10-16T15:00,統括,0,0,0,0,0,0,0,0,0,充足,
2026-10-16T15:30,1F,11,0,1,0,0,0,10,4,0,充足,1F-16・1F-27・1F-28・1F-29・1F-30・1F-32・1F-33・1F-34・1F-35・1F-36
2026-10-16T15:30,2F,10,0,1,0,0,0,9,4,0,充足,2F-03・2F-04・2F-13・2F-14・2F-15・2F-25・2F-26・2F-27・2F-28
2026-10-16T15:30,3F,10,0,1,0,0,0,9,4,0,充足,3F-36・3F-37・3F-38・3F-39・3F-40・3F-42・3F-43・3F-44・3F-45
2026-10-16T15:30,統括,0,0,0,0,0,0,0,0,0,充足,
2026-10-16T16:00,1F,8,0,0,0,0,0,8,4,0,充足,1F-09・1F-14・1F-31・1F-32・1F-33・1F-34・1F-35・1F-36
2026-10-16T16:00,2F,7,0,0,0,0,0,7,4,0,充足,2F-11・2F-12・2F-16・2F-25・2F-26・2F-27・2F-28
2026-10-16T16:00,3F,7,0,0,0,0,0,7,4,0,充足,3F-12・3F-13・3F-41・3F-42・3F-43・3F-44・3F-45
2026-10-16T16:00,統括,2,0,0,0,0,0,2,0,0,充足,1F-03・1F-04
2026-10-16T16:30,1F,8,2,0,0,0,0,6,4,0,充足,1F-31・1F-32・1F-33・1F-34・1F-35・1F-36
2026-10-16T16:30,2F,7,2,0,0,0,0,5,4,0,充足,2F-16・2F-25・2F-26・2F-27・2F-28
2026-10-16T16:30,3F,7,0,0,0,0,0,7,4,0,充足,3F-12・3F-13・3F-41・3F-42・3F-43・3F-44・3F-45
2026-10-16T16:30,統括,2,0,0,0,0,0,2,0,0,充足,1F-03・1F-04
2026-10-16T17:00,1F,8,2,0,0,0,0,6,4,0,充足,1F-31・1F-32・1F-33・1F-34・1F-35・1F-36
2026-10-16T17:00,2F,7,2,0,0,0,0,5,4,0,充足,2F-16・2F-25・2F-26・2F-27・2F-28
2026-10-16T17:00,3F,7,0,0,0,0,0,7,4,0,充足,3F-12・3F-13・3F-41・3F-42・3F-43・3F-44・3F-45
2026-10-16T17:00,統括,2,0,0,0,0,0,2,0,0,充足,1F-03・1F-04
2026-10-16T17:30,1F,7,0,0,0,0,0,7,4,0,充足,1F-09・1F-14・1F-31・1F-32・1F-33・1F-34・1F-35
2026-10-16T17:30,2F,7,0,0,0,0,0,7,4,0,充足,2F-11・2F-12・2F-16・2F-25・2F-26・2F-27・2F-28
2026-10-16T17:30,3F,7,2,0,0,0,0,5,4,0,充足,3F-41・3F-42・3F-43・3F-44・3F-45
2026-10-16T17:30,統括,2,2,0,0,0,0,0,0,0,充足,
2026-10-16T18:00,1F,7,0,0,0,0,0,7,4,0,充足,1F-09・1F-14・1F-31・1F-32・1F-33・1F-34・1F-35
2026-10-16T18:00,2F,7,0,0,0,0,0,7,4,0,充足,2F-11・2F-12・2F-16・2F-25・2F-26・2F-27・2F-28
2026-10-16T18:00,3F,7,2,0,0,0,0,5,4,0,充足,3F-41・3F-42・3F-43・3F-44・3F-45
2026-10-16T18:00,統括,2,2,0,0,0,0,0,0,0,充足,
2026-10-16T18:30,1F,7,0,0,0,0,0,7,4,0,充足,1F-09・1F-14・1F-31・1F-32・1F-33・1F-34・1F-35
2026-10-16T18:30,2F,7,0,0,0,0,0,7,4,0,充足,2F-11・2F-12・2F-16・2F-25・2F-26・2F-27・2F-28
2026-10-16T18:30,3F,7,0,0,0,0,0,7,4,0,充足,3F-12・3F-13・3F-41・3F-42・3F-43・3F-44・3F-45
2026-10-16T18:30,統括,2,0,0,0,0,0,2,0,0,充足,1F-03・1F-04
2026-10-16T19:00,1F,2,0,0,0,0,0,2,2,0,充足,1F-09・1F-14
2026-10-16T19:00,2F,2,0,0,0,0,0,2,2,0,充足,2F-11・2F-12
2026-10-16T19:00,3F,2,0,0,0,0,0,2,2,0,充足,3F-12・3F-13
2026-10-16T19:00,統括,2,0,0,0,0,0,2,1,0,充足,1F-03・1F-04
2026-10-16T19:30,1F,2,0,0,0,0,0,2,2,0,充足,1F-09・1F-14
2026-10-16T19:30,2F,2,0,0,0,0,0,2,2,0,充足,2F-11・2F-12
2026-10-16T19:30,3F,2,0,0,0,0,0,2,2,0,充足,3F-12・3F-13
2026-10-16T19:30,統括,2,0,0,0,0,0,2,1,0,充足,1F-03・1F-04
2026-10-16T20:00,1F,2,0,0,0,0,0,2,2,0,充足,1F-09・1F-14
2026-10-16T20:00,2F,2,0,0,0,0,0,2,2,0,充足,2F-11・2F-12
2026-10-16T20:00,3F,2,0,0,0,0,0,2,2,0,充足,3F-12・3F-13
2026-10-16T20:00,統括,2,0,0,0,0,0,2,1,0,充足,1F-03・1F-04
2026-10-16T20:30,1F,2,0,0,0,0,0,2,2,0,充足,1F-09・1F-14
2026-10-16T20:30,2F,2,0,0,0,0,0,2,2,0,充足,2F-11・2F-12
2026-10-16T20:30,3F,2,0,0,0,0,0,2,2,0,充足,3F-12・3F-13
2026-10-16T20:30,統括,2,0,0,0,0,0,2,1,0,充足,1F-03・1F-04
2026-10-16T21:00,1F,2,1,0,0,0,1,2,2,0,充足,1F-03・1F-09
2026-10-16T21:00,2F,2,0,0,0,0,0,2,2,0,充足,2F-11・2F-12
2026-10-16T21:00,3F,2,0,0,0,0,0,2,2,0,充足,3F-12・3F-13
2026-10-16T21:00,統括,2,0,0,0,1,0,1,1,0,充足,1F-04
2026-10-16T21:30,1F,2,1,0,0,0,1,2,2,0,充足,1F-03・1F-09
2026-10-16T21:30,2F,2,0,0,0,0,0,2,2,0,充足,2F-11・2F-12
2026-10-16T21:30,3F,2,0,0,0,0,0,2,2,0,充足,3F-12・3F-13
2026-10-16T21:30,統括,2,0,0,0,1,0,1,1,0,充足,1F-04
2026-10-16T22:00,1F,3,2,0,0,1,2,2,2,0,充足,1F-03・1F-23
2026-10-16T22:00,2F,2,0,0,0,0,0,2,2,0,充足,2F-11・2F-12
2026-10-16T22:00,3F,2,0,0,0,0,0,2,2,0,充足,3F-12・3F-13
2026-10-16T22:00,統括,2,0,0,0,1,0,1,1,0,充足,1F-04
2026-10-16T22:30,1F,3,2,0,0,1,2,2,2,0,充足,1F-03・1F-23
2026-10-16T22:30,2F,2,0,0,0,0,0,2,2,0,充足,2F-11・2F-12
2026-10-16T22:30,3F,2,0,0,0,0,0,2,2,0,充足,3F-12・3F-13
2026-10-16T22:30,統括,2,0,0,0,1,0,1,1,0,充足,1F-04
2026-10-16T23:00,1F,3,1,0,0,1,1,2,2,0,充足,1F-14・1F-23
2026-10-16T23:00,2F,2,1,0,0,0,1,2,2,0,充足,1F-03・2F-12
2026-10-16T23:00,3F,2,0,0,0,0,0,2,2,0,充足,3F-12・3F-13
2026-10-16T23:00,統括,2,0,0,0,1,0,1,1,0,充足,1F-04
2026-10-16T23:30,1F,3,1,0,0,1,1,2,2,0,充足,1F-14・1F-23
2026-10-16T23:30,2F,2,1,0,0,0,1,2,2,0,充足,1F-03・2F-12
2026-10-16T23:30,3F,2,0,0,0,0,0,2,2,0,充足,3F-12・3F-13
2026-10-16T23:30,統括,2,0,0,0,1,0,1,1,0,充足,1F-04
2026-10-17T00:00,1F,3,0,0,0,1,0,2,2,0,充足,1F-09・1F-14
2026-10-17T00:00,2F,2,2,0,0,0,2,2,2,0,充足,1F-03・1F-23
2026-10-17T00:00,3F,2,0,0,0,0,0,2,2,0,充足,3F-12・3F-13
2026-10-17T00:00,統括,2,0,0,0,1,0,1,1,0,充足,1F-04
2026-10-17T00:30,1F,3,0,0,0,1,0,2,2,0,充足,1F-09・1F-14
2026-10-17T00:30,2F,2,2,0,0,0,2,2,2,0,充足,1F-03・1F-23
2026-10-17T00:30,3F,2,0,0,0,0,0,2,2,0,充足,3F-12・3F-13
2026-10-17T00:30,統括,2,0,0,0,1,0,1,1,0,充足,1F-04
2026-10-17T01:00,1F,2,0,0,0,0,0,2,2,0,充足,1F-09・1F-14
2026-10-17T01:00,2F,3,1,0,0,1,1,2,2,0,充足,1F-24・2F-11
2026-10-17T01:00,3F,2,1,0,0,0,1,2,2,0,充足,1F-03・3F-13
2026-10-17T01:00,統括,2,0,0,0,1,0,1,1,0,充足,1F-04
2026-10-17T01:30,1F,2,0,0,0,0,0,2,2,0,充足,1F-09・1F-14
2026-10-17T01:30,2F,3,1,0,0,1,1,2,2,0,充足,1F-24・2F-11
2026-10-17T01:30,3F,2,1,0,0,0,1,2,2,0,充足,1F-03・3F-13
2026-10-17T01:30,統括,2,0,0,0,1,0,1,1,0,充足,1F-04
2026-10-17T02:00,1F,2,0,0,0,0,0,2,2,0,充足,1F-09・1F-14
2026-10-17T02:00,2F,3,0,0,0,1,0,2,2,0,充足,2F-11・2F-12
2026-10-17T02:00,3F,2,2,0,0,0,2,2,2,0,充足,1F-03・1F-24
2026-10-17T02:00,統括,2,0,0,0,1,0,1,1,0,充足,1F-04
2026-10-17T02:30,1F,2,0,0,0,0,0,2,2,0,充足,1F-09・1F-14
2026-10-17T02:30,2F,3,0,0,0,1,0,2,2,0,充足,2F-11・2F-12
2026-10-17T02:30,3F,2,2,0,0,0,2,2,2,0,充足,1F-03・1F-24
2026-10-17T02:30,統括,2,0,0,0,1,0,1,1,0,充足,1F-04
2026-10-17T03:00,1F,2,0,0,0,0,0,2,2,0,充足,1F-09・1F-14
2026-10-17T03:00,2F,3,0,0,0,1,0,2,2,0,充足,2F-11・2F-12
2026-10-17T03:00,3F,2,1,0,0,0,1,2,2,0,充足,1F-24・3F-12
2026-10-17T03:00,統括,2,1,0,0,0,0,1,1,0,充足,1F-04
2026-10-17T03:30,1F,2,0,0,0,0,0,2,2,0,充足,1F-09・1F-14
2026-10-17T03:30,2F,3,0,0,0,1,0,2,2,0,充足,2F-11・2F-12
2026-10-17T03:30,3F,2,1,0,0,0,1,2,2,0,充足,1F-24・3F-12
2026-10-17T03:30,統括,2,1,0,0,0,0,1,1,0,充足,1F-04
2026-10-17T04:00,1F,2,0,0,0,0,0,2,2,0,充足,1F-09・1F-14
2026-10-17T04:00,2F,2,0,0,0,0,0,2,2,0,充足,2F-11・2F-12
2026-10-17T04:00,3F,2,0,0,0,0,0,2,2,0,充足,3F-12・3F-13
2026-10-17T04:00,統括,2,1,0,0,0,0,1,1,0,充足,1F-04
2026-10-17T04:30,1F,2,0,0,0,0,0,2,2,0,充足,1F-09・1F-14
2026-10-17T04:30,2F,2,0,0,0,0,0,2,2,0,充足,2F-11・2F-12
2026-10-17T04:30,3F,2,0,0,0,0,0,2,2,0,充足,3F-12・3F-13
2026-10-17T04:30,統括,2,1,0,0,0,0,1,1,0,充足,1F-04
2026-10-17T05:00,1F,2,0,0,0,0,0,2,2,0,充足,1F-09・1F-14
2026-10-17T05:00,2F,2,0,0,0,0,0,2,2,0,充足,2F-11・2F-12
2026-10-17T05:00,3F,2,0,0,0,0,0,2,2,0,充足,3F-12・3F-13
2026-10-17T05:00,統括,2,1,0,0,0,0,1,1,0,充足,1F-03
2026-10-17T05:30,1F,2,0,0,0,0,0,2,2,0,充足,1F-09・1F-14
2026-10-17T05:30,2F,2,0,0,0,0,0,2,2,0,充足,2F-11・2F-12
2026-10-17T05:30,3F,2,0,0,0,0,0,2,2,0,充足,3F-12・3F-13
2026-10-17T05:30,統括,2,1,0,0,0,0,1,1,0,充足,1F-03
2026-10-17T06:00,1F,2,0,0,0,0,0,2,2,0,充足,1F-09・1F-14
2026-10-17T06:00,2F,2,0,0,0,0,0,2,2,0,充足,2F-11・2F-12
2026-10-17T06:00,3F,2,0,0,0,0,0,2,2,0,充足,3F-12・3F-13
2026-10-17T06:00,統括,2,1,0,0,0,0,1,1,0,充足,1F-03
2026-10-17T06:30,1F,2,0,0,0,0,0,2,2,0,充足,1F-09・1F-14
2026-10-17T06:30,2F,2,0,0,0,0,0,2,2,0,充足,2F-11・2F-12
2026-10-17T06:30,3F,2,0,0,0,0,0,2,2,0,充足,3F-12・3F-13
2026-10-17T06:30,統括,2,1,0,0,0,0,1,1,0,充足,1F-03
2026-10-17T07:00,1F,7,0,0,0,0,0,7,4,0,充足,1F-08・1F-09・1F-13・1F-14・1F-37・1F-38・1F-39
2026-10-17T07:00,2F,7,0,0,0,0,0,7,4,0,充足,2F-07・2F-08・2F-11・2F-12・2F-29・2F-30・3F-46
2026-10-17T07:00,3F,7,0,0,0,0,0,7,4,0,充足,3F-06・3F-07・3F-08・3F-09・3F-10・3F-12・3F-13
2026-10-17T07:00,統括,2,0,0,0,0,0,2,0,0,充足,1F-03・1F-04
2026-10-17T07:30,1F,7,0,0,0,0,0,7,4,0,充足,1F-08・1F-09・1F-13・1F-14・1F-37・1F-38・1F-39
2026-10-17T07:30,2F,7,0,0,0,0,0,7,4,0,充足,2F-07・2F-08・2F-11・2F-12・2F-29・2F-30・3F-46
2026-10-17T07:30,3F,7,0,0,0,0,0,7,4,0,充足,3F-06・3F-07・3F-08・3F-09・3F-10・3F-12・3F-13
2026-10-17T07:30,統括,2,0,0,0,0,0,2,0,0,充足,1F-03・1F-04
2026-10-17T08:00,1F,7,0,0,0,0,0,7,4,0,充足,1F-08・1F-09・1F-13・1F-14・1F-37・1F-38・1F-39
2026-10-17T08:00,2F,7,0,0,0,0,0,7,4,0,充足,2F-07・2F-08・2F-11・2F-12・2F-29・2F-30・3F-46
2026-10-17T08:00,3F,7,0,0,0,0,0,7,4,0,充足,3F-06・3F-07・3F-08・3F-09・3F-10・3F-12・3F-13
2026-10-17T08:00,統括,2,0,0,0,0,0,2,0,0,充足,1F-03・1F-04
2026-10-17T08:30,1F,7,0,0,0,0,0,7,4,0,充足,1F-08・1F-09・1F-13・1F-14・1F-37・1F-38・1F-39
2026-10-17T08:30,2F,7,0,0,0,0,0,7,4,0,充足,2F-07・2F-08・2F-11・2F-12・2F-29・2F-30・3F-46
2026-10-17T08:30,3F,7,0,0,0,0,0,7,4,0,充足,3F-06・3F-07・3F-08・3F-09・3F-10・3F-12・3F-13
2026-10-17T08:30,統括,2,0,0,0,0,0,2,0,0,充足,1F-03・1F-04
2026-10-17T09:00,1F,5,0,0,0,0,0,5,4,0,充足,1F-08・1F-13・1F-37・1F-38・1F-39
2026-10-17T09:00,2F,5,0,0,0,0,0,5,4,0,充足,2F-07・2F-08・2F-29・2F-30・3F-46
2026-10-17T09:00,3F,5,0,0,0,0,0,5,4,0,充足,3F-06・3F-07・3F-08・3F-09・3F-10
2026-10-17T09:00,統括,0,0,0,0,0,0,0,0,0,充足,
2026-10-17T09:30,1F,5,0,0,0,0,0,5,4,0,充足,1F-08・1F-13・1F-37・1F-38・1F-39
2026-10-17T09:30,2F,5,0,0,0,0,0,5,4,0,充足,2F-07・2F-08・2F-29・2F-30・3F-46
2026-10-17T09:30,3F,5,0,0,0,0,0,5,4,0,充足,3F-06・3F-07・3F-08・3F-09・3F-10
2026-10-17T09:30,統括,0,0,0,0,0,0,0,0,0,充足,
2026-10-17T10:00,1F,10,0,1,0,0,0,9,4,0,充足,1F-06・1F-13・1F-37・1F-38・1F-39・1F-40・1F-41・1F-42・1F-43
2026-10-17T10:00,2F,10,0,1,0,0,0,9,4,0,充足,2F-08・2F-29・2F-30・3F-25・3F-26・3F-46・3F-47・3F-48・3F-49
2026-10-17T10:00,3F,10,0,1,0,0,0,9,4,0,充足,3F-07・3F-08・3F-09・3F-10・3F-11・3F-15・3F-16・3F-27・3F-28
2026-10-17T10:00,統括,0,0,0,0,0,0,0,0,0,充足,
2026-10-17T10:30,1F,10,0,1,0,0,0,9,4,0,充足,1F-06・1F-13・1F-37・1F-38・1F-39・1F-40・1F-41・1F-42・1F-43
2026-10-17T10:30,2F,10,0,1,0,0,0,9,4,0,充足,2F-08・2F-29・2F-30・3F-25・3F-26・3F-46・3F-47・3F-48・3F-49
2026-10-17T10:30,3F,10,0,1,0,0,0,9,4,0,充足,3F-07・3F-08・3F-09・3F-10・3F-11・3F-15・3F-16・3F-27・3F-28
2026-10-17T10:30,統括,0,0,0,0,0,0,0,0,0,充足,
2026-10-17T11:00,1F,10,5,0,0,0,0,5,4,0,充足,1F-06・1F-40・1F-41・1F-42・1F-43
2026-10-17T11:00,2F,10,5,0,0,0,0,5,4,0,充足,3F-25・3F-26・3F-47・3F-48・3F-49
2026-10-17T11:00,3F,10,5,0,0,0,0,5,4,0,充足,3F-11・3F-15・3F-16・3F-27・3F-28
2026-10-17T11:00,統括,0,0,0,0,0,0,0,0,0,充足,
2026-10-17T11:30,1F,10,5,0,0,0,0,5,4,0,充足,1F-06・1F-40・1F-41・1F-42・1F-43
2026-10-17T11:30,2F,10,5,0,0,0,0,5,4,0,充足,3F-25・3F-26・3F-47・3F-48・3F-49
2026-10-17T11:30,3F,10,5,0,0,0,0,5,4,0,充足,3F-11・3F-15・3F-16・3F-27・3F-28
2026-10-17T11:30,統括,0,0,0,0,0,0,0,0,0,充足,
2026-10-17T12:00,1F,10,0,0,0,0,0,10,4,0,充足,1F-06・1F-08・1F-13・1F-37・1F-38・1F-39・1F-40・1F-41・1F-42・1F-43
2026-10-17T12:00,2F,10,0,0,0,0,0,10,4,0,充足,2F-07・2F-08・2F-29・2F-30・3F-25・3F-26・3F-46・3F-47・3F-48・3F-49
2026-10-17T12:00,3F,10,0,0,0,0,0,10,4,0,充足,3F-06・3F-07・3F-08・3F-09・3F-10・3F-11・3F-15・3F-16・3F-27・3F-28
2026-10-17T12:00,統括,0,0,0,0,0,0,0,0,0,充足,
2026-10-17T12:30,1F,10,0,0,0,0,0,10,4,0,充足,1F-06・1F-08・1F-13・1F-37・1F-38・1F-39・1F-40・1F-41・1F-42・1F-43
2026-10-17T12:30,2F,10,0,0,0,0,0,10,4,0,充足,2F-07・2F-08・2F-29・2F-30・3F-25・3F-26・3F-46・3F-47・3F-48・3F-49
2026-10-17T12:30,3F,10,0,0,0,0,0,10,4,0,充足,3F-06・3F-07・3F-08・3F-09・3F-10・3F-11・3F-15・3F-16・3F-27・3F-28
2026-10-17T12:30,統括,0,0,0,0,0,0,0,0,0,充足,
2026-10-17T13:00,1F,10,5,0,0,0,0,5,4,0,充足,1F-08・1F-13・1F-37・1F-38・1F-39
2026-10-17T13:00,2F,10,5,0,0,0,0,5,4,0,充足,2F-07・2F-08・2F-29・2F-30・3F-46
2026-10-17T13:00,3F,10,5,0,0,0,0,5,4,0,充足,3F-06・3F-07・3F-08・3F-09・3F-10
2026-10-17T13:00,統括,0,0,0,0,0,0,0,0,0,充足,
2026-10-17T13:30,1F,10,5,0,0,0,0,5,4,0,充足,1F-08・1F-13・1F-37・1F-38・1F-39
2026-10-17T13:30,2F,10,5,0,0,0,0,5,4,0,充足,2F-07・2F-08・2F-29・2F-30・3F-46
2026-10-17T13:30,3F,10,5,0,0,0,0,5,4,0,充足,3F-06・3F-07・3F-08・3F-09・3F-10
2026-10-17T13:30,統括,0,0,0,0,0,0,0,0,0,充足,
2026-10-17T14:00,1F,10,0,0,0,0,0,10,4,0,充足,1F-06・1F-08・1F-13・1F-37・1F-38・1F-39・1F-40・1F-41・1F-42・1F-43
2026-10-17T14:00,2F,10,0,0,0,0,0,10,4,0,充足,2F-07・2F-08・2F-29・2F-30・3F-25・3F-26・3F-46・3F-47・3F-48・3F-49
2026-10-17T14:00,3F,11,0,0,0,0,0,11,4,0,充足,3F-06・3F-07・3F-08・3F-09・3F-10・3F-11・3F-15・3F-16・3F-18・3F-27・3F-28
2026-10-17T14:00,統括,0,0,0,0,0,0,0,0,0,充足,
2026-10-17T14:30,1F,10,0,0,0,0,0,10,4,0,充足,1F-06・1F-08・1F-13・1F-37・1F-38・1F-39・1F-40・1F-41・1F-42・1F-43
2026-10-17T14:30,2F,10,0,0,0,0,0,10,4,0,充足,2F-07・2F-08・2F-29・2F-30・3F-25・3F-26・3F-46・3F-47・3F-48・3F-49
2026-10-17T14:30,3F,11,0,0,0,0,0,11,4,0,充足,3F-06・3F-07・3F-08・3F-09・3F-10・3F-11・3F-15・3F-16・3F-18・3F-27・3F-28
2026-10-17T14:30,統括,0,0,0,0,0,0,0,0,0,充足,
2026-10-17T15:00,1F,10,0,1,0,0,0,9,4,0,充足,1F-06・1F-08・1F-13・1F-37・1F-38・1F-39・1F-41・1F-42・1F-43
2026-10-17T15:00,2F,10,0,1,0,0,0,9,4,0,充足,2F-07・2F-08・2F-29・2F-30・3F-25・3F-26・3F-46・3F-48・3F-49
2026-10-17T15:00,3F,11,0,1,0,0,0,10,4,0,充足,3F-06・3F-07・3F-08・3F-09・3F-10・3F-15・3F-16・3F-18・3F-27・3F-28
2026-10-17T15:00,統括,0,0,0,0,0,0,0,0,0,充足,
2026-10-17T15:30,1F,10,0,1,0,0,0,9,4,0,充足,1F-06・1F-08・1F-13・1F-37・1F-38・1F-39・1F-41・1F-42・1F-43
2026-10-17T15:30,2F,10,0,1,0,0,0,9,4,0,充足,2F-07・2F-08・2F-29・2F-30・3F-25・3F-26・3F-46・3F-48・3F-49
2026-10-17T15:30,3F,11,0,1,0,0,0,10,4,0,充足,3F-06・3F-07・3F-08・3F-09・3F-10・3F-15・3F-16・3F-18・3F-27・3F-28
2026-10-17T15:30,統括,0,0,0,0,0,0,0,0,0,充足,
2026-10-17T16:00,1F,7,0,0,0,0,0,7,4,0,充足,1F-05・1F-06・1F-10・1F-40・1F-41・1F-42・1F-43
2026-10-17T16:00,2F,7,0,0,0,0,0,7,4,0,充足,2F-13・2F-14・3F-25・3F-26・3F-47・3F-48・3F-49
2026-10-17T16:00,3F,8,0,0,0,0,0,8,4,0,充足,3F-05・3F-11・3F-14・3F-15・3F-16・3F-18・3F-27・3F-28
2026-10-17T16:00,統括,2,0,0,0,0,0,2,0,0,充足,1F-26・2F-01
2026-10-17T16:30,1F,7,2,0,0,0,0,5,4,0,充足,1F-06・1F-40・1F-41・1F-42・1F-43
2026-10-17T16:30,2F,7,2,0,0,0,0,5,4,0,充足,3F-25・3F-26・3F-47・3F-48・3F-49
2026-10-17T16:30,3F,8,0,0,0,0,0,8,4,0,充足,3F-05・3F-11・3F-14・3F-15・3F-16・3F-18・3F-27・3F-28
2026-10-17T16:30,統括,2,0,0,0,0,0,2,0,0,充足,1F-26・2F-01
2026-10-17T17:00,1F,7,2,0,0,0,0,5,4,0,充足,1F-06・1F-40・1F-41・1F-42・1F-43
2026-10-17T17:00,2F,7,2,0,0,0,0,5,4,0,充足,3F-25・3F-26・3F-47・3F-48・3F-49
2026-10-17T17:00,3F,8,0,0,0,0,0,8,4,0,充足,3F-05・3F-11・3F-14・3F-15・3F-16・3F-18・3F-27・3F-28
2026-10-17T17:00,統括,2,0,0,0,0,0,2,0,0,充足,1F-26・2F-01
2026-10-17T17:30,1F,7,0,0,0,0,0,7,4,0,充足,1F-05・1F-06・1F-10・1F-40・1F-41・1F-42・1F-43
2026-10-17T17:30,2F,7,0,0,0,0,0,7,4,0,充足,2F-13・2F-14・3F-25・3F-26・3F-47・3F-48・3F-49
2026-10-17T17:30,3F,8,2,0,0,0,0,6,4,0,充足,3F-11・3F-15・3F-16・3F-18・3F-27・3F-28
2026-10-17T17:30,統括,2,2,0,0,0,0,0,0,0,充足,
2026-10-17T18:00,1F,7,0,0,0,0,0,7,4,0,充足,1F-05・1F-06・1F-10・1F-40・1F-41・1F-42・1F-43
2026-10-17T18:00,2F,7,0,0,0,0,0,7,4,0,充足,2F-13・2F-14・3F-25・3F-26・3F-47・3F-48・3F-49
2026-10-17T18:00,3F,8,2,0,0,0,0,6,4,0,充足,3F-11・3F-15・3F-16・3F-18・3F-27・3F-28
2026-10-17T18:00,統括,2,2,0,0,0,0,0,0,0,充足,
2026-10-17T18:30,1F,7,0,0,0,0,0,7,4,0,充足,1F-05・1F-06・1F-10・1F-40・1F-41・1F-42・1F-43
2026-10-17T18:30,2F,7,0,0,0,0,0,7,4,0,充足,2F-13・2F-14・3F-25・3F-26・3F-47・3F-48・3F-49
2026-10-17T18:30,3F,8,0,0,0,0,0,8,4,0,充足,3F-05・3F-11・3F-14・3F-15・3F-16・3F-18・3F-27・3F-28
2026-10-17T18:30,統括,2,0,0,0,0,0,2,0,0,充足,1F-26・2F-01
2026-10-17T19:00,1F,2,0,0,0,0,0,2,2,0,充足,1F-05・1F-10
2026-10-17T19:00,2F,2,0,0,0,0,0,2,2,0,充足,2F-13・2F-14
2026-10-17T19:00,3F,2,0,0,0,0,0,2,2,0,充足,3F-05・3F-14
2026-10-17T19:00,統括,2,0,0,0,0,0,2,1,0,充足,1F-26・2F-01
2026-10-17T19:30,1F,2,0,0,0,0,0,2,2,0,充足,1F-05・1F-10
2026-10-17T19:30,2F,2,0,0,0,0,0,2,2,0,充足,2F-13・2F-14
2026-10-17T19:30,3F,2,0,0,0,0,0,2,2,0,充足,3F-05・3F-14
2026-10-17T19:30,統括,2,0,0,0,0,0,2,1,0,充足,1F-26・2F-01
2026-10-17T20:00,1F,2,0,0,0,0,0,2,2,0,充足,1F-05・1F-10
2026-10-17T20:00,2F,2,0,0,0,0,0,2,2,0,充足,2F-13・2F-14
2026-10-17T20:00,3F,2,0,0,0,0,0,2,2,0,充足,3F-05・3F-14
2026-10-17T20:00,統括,2,0,0,0,0,0,2,1,0,充足,1F-26・2F-01
2026-10-17T20:30,1F,2,0,0,0,0,0,2,2,0,充足,1F-05・1F-10
2026-10-17T20:30,2F,2,0,0,0,0,0,2,2,0,充足,2F-13・2F-14
2026-10-17T20:30,3F,2,0,0,0,0,0,2,2,0,充足,3F-05・3F-14
2026-10-17T20:30,統括,2,0,0,0,0,0,2,1,0,充足,1F-26・2F-01
2026-10-17T21:00,1F,2,1,0,0,0,1,2,2,0,充足,1F-05・1F-26
2026-10-17T21:00,2F,2,0,0,0,0,0,2,2,0,充足,2F-13・2F-14
2026-10-17T21:00,3F,2,0,0,0,0,0,2,2,0,充足,3F-05・3F-14
2026-10-17T21:00,統括,2,0,0,0,1,0,1,1,0,充足,2F-01
2026-10-17T21:30,1F,2,1,0,0,0,1,2,2,0,充足,1F-05・1F-26
2026-10-17T21:30,2F,2,0,0,0,0,0,2,2,0,充足,2F-13・2F-14
2026-10-17T21:30,3F,2,0,0,0,0,0,2,2,0,充足,3F-05・3F-14
2026-10-17T21:30,統括,2,0,0,0,1,0,1,1,0,充足,2F-01
2026-10-17T22:00,1F,3,2,0,0,1,2,2,2,0,充足,1F-25・1F-26
2026-10-17T22:00,2F,2,0,0,0,0,0,2,2,0,充足,2F-13・2F-14
2026-10-17T22:00,3F,2,0,0,0,0,0,2,2,0,充足,3F-05・3F-14
2026-10-17T22:00,統括,2,0,0,0,1,0,1,1,0,充足,2F-01
2026-10-17T22:30,1F,3,2,0,0,1,2,2,2,0,充足,1F-25・1F-26
2026-10-17T22:30,2F,2,0,0,0,0,0,2,2,0,充足,2F-13・2F-14
2026-10-17T22:30,3F,2,0,0,0,0,0,2,2,0,充足,3F-05・3F-14
2026-10-17T22:30,統括,2,0,0,0,1,0,1,1,0,充足,2F-01
2026-10-17T23:00,1F,3,1,0,0,1,1,2,2,0,充足,1F-10・1F-25
2026-10-17T23:00,2F,2,1,0,0,0,1,2,2,0,充足,1F-26・2F-14
2026-10-17T23:00,3F,2,0,0,0,0,0,2,2,0,充足,3F-05・3F-14
2026-10-17T23:00,統括,2,0,0,0,1,0,1,1,0,充足,2F-01
2026-10-17T23:30,1F,3,1,0,0,1,1,2,2,0,充足,1F-10・1F-25
2026-10-17T23:30,2F,2,1,0,0,0,1,2,2,0,充足,1F-26・2F-14
2026-10-17T23:30,3F,2,0,0,0,0,0,2,2,0,充足,3F-05・3F-14
2026-10-17T23:30,統括,2,0,0,0,1,0,1,1,0,充足,2F-01
2026-10-18T00:00,1F,3,0,0,0,1,0,2,2,0,充足,1F-05・1F-10
2026-10-18T00:00,2F,2,2,0,0,0,2,2,2,0,充足,1F-25・1F-26
2026-10-18T00:00,3F,2,0,0,0,0,0,2,2,0,充足,3F-05・3F-14
2026-10-18T00:00,統括,2,0,0,0,1,0,1,1,0,充足,2F-01
2026-10-18T00:30,1F,3,0,0,0,1,0,2,2,0,充足,1F-05・1F-10
2026-10-18T00:30,2F,2,2,0,0,0,2,2,2,0,充足,1F-25・1F-26
2026-10-18T00:30,3F,2,0,0,0,0,0,2,2,0,充足,3F-05・3F-14
2026-10-18T00:30,統括,2,0,0,0,1,0,1,1,0,充足,2F-01
2026-10-18T01:00,1F,2,0,0,0,0,0,2,2,0,充足,1F-05・1F-10
2026-10-18T01:00,2F,3,1,0,0,1,1,2,2,0,充足,2F-13・3F-24
2026-10-18T01:00,3F,2,1,0,0,0,1,2,2,0,充足,1F-26・3F-05
2026-10-18T01:00,統括,2,0,0,0,1,0,1,1,0,充足,2F-01
2026-10-18T01:30,1F,2,0,0,0,0,0,2,2,0,充足,1F-05・1F-10
2026-10-18T01:30,2F,3,1,0,0,1,1,2,2,0,充足,2F-13・3F-24
2026-10-18T01:30,3F,2,1,0,0,0,1,2,2,0,充足,1F-26・3F-05
2026-10-18T01:30,統括,2,0,0,0,1,0,1,1,0,充足,2F-01
2026-10-18T02:00,1F,2,0,0,0,0,0,2,2,0,充足,1F-05・1F-10
2026-10-18T02:00,2F,3,0,0,0,1,0,2,2,0,充足,2F-13・2F-14
2026-10-18T02:00,3F,2,2,0,0,0,2,2,2,0,充足,1F-26・3F-24
2026-10-18T02:00,統括,2,0,0,0,1,0,1,1,0,充足,2F-01
2026-10-18T02:30,1F,2,0,0,0,0,0,2,2,0,充足,1F-05・1F-10
2026-10-18T02:30,2F,3,0,0,0,1,0,2,2,0,充足,2F-13・2F-14
2026-10-18T02:30,3F,2,2,0,0,0,2,2,2,0,充足,1F-26・3F-24
2026-10-18T02:30,統括,2,0,0,0,1,0,1,1,0,充足,2F-01
2026-10-18T03:00,1F,2,0,0,0,0,0,2,2,0,充足,1F-05・1F-10
2026-10-18T03:00,2F,3,0,0,0,1,0,2,2,0,充足,2F-13・2F-14
2026-10-18T03:00,3F,2,1,0,0,0,1,2,2,0,充足,3F-14・3F-24
2026-10-18T03:00,統括,2,1,0,0,0,0,1,1,0,充足,2F-01
2026-10-18T03:30,1F,2,0,0,0,0,0,2,2,0,充足,1F-05・1F-10
2026-10-18T03:30,2F,3,0,0,0,1,0,2,2,0,充足,2F-13・2F-14
2026-10-18T03:30,3F,2,1,0,0,0,1,2,2,0,充足,3F-14・3F-24
2026-10-18T03:30,統括,2,1,0,0,0,0,1,1,0,充足,2F-01
2026-10-18T04:00,1F,2,0,0,0,0,0,2,2,0,充足,1F-05・1F-10
2026-10-18T04:00,2F,2,0,0,0,0,0,2,2,0,充足,2F-13・2F-14
2026-10-18T04:00,3F,2,0,0,0,0,0,2,2,0,充足,3F-05・3F-14
2026-10-18T04:00,統括,2,1,0,0,0,0,1,1,0,充足,2F-01
2026-10-18T04:30,1F,2,0,0,0,0,0,2,2,0,充足,1F-05・1F-10
2026-10-18T04:30,2F,2,0,0,0,0,0,2,2,0,充足,2F-13・2F-14
2026-10-18T04:30,3F,2,0,0,0,0,0,2,2,0,充足,3F-05・3F-14
2026-10-18T04:30,統括,2,1,0,0,0,0,1,1,0,充足,2F-01
2026-10-18T05:00,1F,2,0,0,0,0,0,2,2,0,充足,1F-05・1F-10
2026-10-18T05:00,2F,2,0,0,0,0,0,2,2,0,充足,2F-13・2F-14
2026-10-18T05:00,3F,2,0,0,0,0,0,2,2,0,充足,3F-05・3F-14
2026-10-18T05:00,統括,2,1,0,0,0,0,1,1,0,充足,1F-26
2026-10-18T05:30,1F,2,0,0,0,0,0,2,2,0,充足,1F-05・1F-10
2026-10-18T05:30,2F,2,0,0,0,0,0,2,2,0,充足,2F-13・2F-14
2026-10-18T05:30,3F,2,0,0,0,0,0,2,2,0,充足,3F-05・3F-14
2026-10-18T05:30,統括,2,1,0,0,0,0,1,1,0,充足,1F-26
2026-10-18T06:00,1F,2,0,0,0,0,0,2,2,0,充足,1F-05・1F-10
2026-10-18T06:00,2F,2,0,0,0,0,0,2,2,0,充足,2F-13・2F-14
2026-10-18T06:00,3F,2,0,0,0,0,0,2,2,0,充足,3F-05・3F-14
2026-10-18T06:00,統括,2,1,0,0,0,0,1,1,0,充足,1F-26
2026-10-18T06:30,1F,2,0,0,0,0,0,2,2,0,充足,1F-05・1F-10
2026-10-18T06:30,2F,2,0,0,0,0,0,2,2,0,充足,2F-13・2F-14
2026-10-18T06:30,3F,2,0,0,0,0,0,2,2,0,充足,3F-05・3F-14
2026-10-18T06:30,統括,2,1,0,0,0,0,1,1,0,充足,1F-26
2026-10-18T07:00,1F,7,0,0,0,0,0,7,4,0,充足,1F-01・1F-05・1F-08・1F-09・1F-10・1F-11・1F-12
2026-10-18T07:00,2F,7,0,0,0,0,0,7,4,0,充足,2F-11・2F-12・2F-13・2F-14・3F-29・3F-30・3F-31
2026-10-18T07:00,3F,7,0,0,0,0,0,7,4,0,充足,3F-05・3F-12・3F-13・3F-14・3F-37・3F-38・3F-39
2026-10-18T07:00,統括,2,0,0,0,0,0,2,0,0,充足,1F-26・2F-01
2026-10-18T07:30,1F,7,0,0,0,0,0,7,4,0,充足,1F-01・1F-05・1F-08・1F-09・1F-10・1F-11・1F-12
2026-10-18T07:30,2F,7,0,0,0,0,0,7,4,0,充足,2F-11・2F-12・2F-13・2F-14・3F-29・3F-30・3F-31
2026-10-18T07:30,3F,7,0,0,0,0,0,7,4,0,充足,3F-05・3F-12・3F-13・3F-14・3F-37・3F-38・3F-39
2026-10-18T07:30,統括,2,0,0,0,0,0,2,0,0,充足,1F-26・2F-01
2026-10-18T08:00,1F,7,0,0,0,0,0,7,4,0,充足,1F-01・1F-05・1F-08・1F-09・1F-10・1F-11・1F-12
2026-10-18T08:00,2F,7,0,0,0,0,0,7,4,0,充足,2F-11・2F-12・2F-13・2F-14・3F-29・3F-30・3F-31
2026-10-18T08:00,3F,7,0,0,0,0,0,7,4,0,充足,3F-05・3F-12・3F-13・3F-14・3F-37・3F-38・3F-39
2026-10-18T08:00,統括,2,0,0,0,0,0,2,0,0,充足,1F-26・2F-01
2026-10-18T08:30,1F,7,0,0,0,0,0,7,4,0,充足,1F-01・1F-05・1F-08・1F-09・1F-10・1F-11・1F-12
2026-10-18T08:30,2F,7,0,0,0,0,0,7,4,0,充足,2F-11・2F-12・2F-13・2F-14・3F-29・3F-30・3F-31
2026-10-18T08:30,3F,7,0,0,0,0,0,7,4,0,充足,3F-05・3F-12・3F-13・3F-14・3F-37・3F-38・3F-39
2026-10-18T08:30,統括,2,0,0,0,0,0,2,0,0,充足,1F-26・2F-01
2026-10-18T09:00,1F,5,0,0,0,0,0,5,4,0,充足,1F-01・1F-08・1F-09・1F-11・1F-12
2026-10-18T09:00,2F,5,0,0,0,0,0,5,4,0,充足,2F-11・2F-12・3F-29・3F-30・3F-31
2026-10-18T09:00,3F,5,0,0,0,0,0,5,4,0,充足,3F-12・3F-13・3F-37・3F-38・3F-39
2026-10-18T09:00,統括,0,0,0,0,0,0,0,0,0,充足,
2026-10-18T09:30,1F,5,0,0,0,0,0,5,4,0,充足,1F-01・1F-08・1F-09・1F-11・1F-12
2026-10-18T09:30,2F,5,0,0,0,0,0,5,4,0,充足,2F-11・2F-12・3F-29・3F-30・3F-31
2026-10-18T09:30,3F,5,0,0,0,0,0,5,4,0,充足,3F-12・3F-13・3F-37・3F-38・3F-39
2026-10-18T09:30,統括,0,0,0,0,0,0,0,0,0,充足,
2026-10-18T10:00,1F,10,0,1,0,0,0,9,4,0,充足,1F-08・1F-09・1F-11・1F-12・1F-13・1F-14・1F-15・1F-16・1F-27
2026-10-18T10:00,2F,10,0,1,0,0,0,9,4,0,充足,2F-12・3F-29・3F-30・3F-31・3F-32・3F-33・3F-34・3F-35・3F-36
2026-10-18T10:00,3F,10,0,1,0,0,0,9,4,0,充足,3F-13・3F-37・3F-38・3F-39・3F-40・3F-41・3F-42・3F-43・3F-44
2026-10-18T10:00,統括,0,0,0,0,0,0,0,0,0,充足,
2026-10-18T10:30,1F,10,0,1,0,0,0,9,4,0,充足,1F-08・1F-09・1F-11・1F-12・1F-13・1F-14・1F-15・1F-16・1F-27
2026-10-18T10:30,2F,10,0,1,0,0,0,9,4,0,充足,2F-12・3F-29・3F-30・3F-31・3F-32・3F-33・3F-34・3F-35・3F-36
2026-10-18T10:30,3F,10,0,1,0,0,0,9,4,0,充足,3F-13・3F-37・3F-38・3F-39・3F-40・3F-41・3F-42・3F-43・3F-44
2026-10-18T10:30,統括,0,0,0,0,0,0,0,0,0,充足,
2026-10-18T11:00,1F,10,5,0,0,0,0,5,4,0,充足,1F-13・1F-14・1F-15・1F-16・1F-27
2026-10-18T11:00,2F,10,5,0,0,0,0,5,4,0,充足,3F-32・3F-33・3F-34・3F-35・3F-36
2026-10-18T11:00,3F,10,5,0,0,0,0,5,4,0,充足,3F-40・3F-41・3F-42・3F-43・3F-44
2026-10-18T11:00,統括,0,0,0,0,0,0,0,0,0,充足,
2026-10-18T11:30,1F,10,5,0,0,0,0,5,4,0,充足,1F-13・1F-14・1F-15・1F-16・1F-27
2026-10-18T11:30,2F,10,5,0,0,0,0,5,4,0,充足,3F-32・3F-33・3F-34・3F-35・3F-36
2026-10-18T11:30,3F,10,5,0,0,0,0,5,4,0,充足,3F-40・3F-41・3F-42・3F-43・3F-44
2026-10-18T11:30,統括,0,0,0,0,0,0,0,0,0,充足,
2026-10-18T12:00,1F,10,0,0,0,0,0,10,4,0,充足,1F-01・1F-08・1F-09・1F-11・1F-12・1F-13・1F-14・1F-15・1F-16・1F-27
2026-10-18T12:00,2F,10,0,0,0,0,0,10,4,0,充足,2F-11・2F-12・3F-29・3F-30・3F-31・3F-32・3F-33・3F-34・3F-35・3F-36
2026-10-18T12:00,3F,10,0,0,0,0,0,10,4,0,充足,3F-12・3F-13・3F-37・3F-38・3F-39・3F-40・3F-41・3F-42・3F-43・3F-44
2026-10-18T12:00,統括,0,0,0,0,0,0,0,0,0,充足,
2026-10-18T12:30,1F,10,0,0,0,0,0,10,4,0,充足,1F-01・1F-08・1F-09・1F-11・1F-12・1F-13・1F-14・1F-15・1F-16・1F-27
2026-10-18T12:30,2F,10,0,0,0,0,0,10,4,0,充足,2F-11・2F-12・3F-29・3F-30・3F-31・3F-32・3F-33・3F-34・3F-35・3F-36
2026-10-18T12:30,3F,10,0,0,0,0,0,10,4,0,充足,3F-12・3F-13・3F-37・3F-38・3F-39・3F-40・3F-41・3F-42・3F-43・3F-44
2026-10-18T12:30,統括,0,0,0,0,0,0,0,0,0,充足,
2026-10-18T13:00,1F,10,5,0,0,0,0,5,4,0,充足,1F-01・1F-08・1F-09・1F-11・1F-12
2026-10-18T13:00,2F,10,5,0,0,0,0,5,4,0,充足,2F-11・2F-12・3F-29・3F-30・3F-31
2026-10-18T13:00,3F,10,5,0,0,0,0,5,4,0,充足,3F-12・3F-13・3F-37・3F-38・3F-39
2026-10-18T13:00,統括,0,0,0,0,0,0,0,0,0,充足,
2026-10-18T13:30,1F,10,5,0,0,0,0,5,4,0,充足,1F-01・1F-08・1F-09・1F-11・1F-12
2026-10-18T13:30,2F,10,5,0,0,0,0,5,4,0,充足,2F-11・2F-12・3F-29・3F-30・3F-31
2026-10-18T13:30,3F,10,5,0,0,0,0,5,4,0,充足,3F-12・3F-13・3F-37・3F-38・3F-39
2026-10-18T13:30,統括,0,0,0,0,0,0,0,0,0,充足,
2026-10-18T14:00,1F,10,0,0,0,0,0,10,4,0,充足,1F-01・1F-08・1F-09・1F-11・1F-12・1F-13・1F-14・1F-15・1F-16・1F-27
2026-10-18T14:00,2F,10,0,0,0,0,0,10,4,0,充足,2F-11・2F-12・3F-29・3F-30・3F-31・3F-32・3F-33・3F-34・3F-35・3F-36
2026-10-18T14:00,3F,11,0,0,0,0,0,11,4,0,充足,3F-12・3F-13・3F-20・3F-37・3F-38・3F-39・3F-40・3F-41・3F-42・3F-43・3F-44
2026-10-18T14:00,統括,0,0,0,0,0,0,0,0,0,充足,
2026-10-18T14:30,1F,10,0,0,0,0,0,10,4,0,充足,1F-01・1F-08・1F-09・1F-11・1F-12・1F-13・1F-14・1F-15・1F-16・1F-27
2026-10-18T14:30,2F,10,0,0,0,0,0,10,4,0,充足,2F-11・2F-12・3F-29・3F-30・3F-31・3F-32・3F-33・3F-34・3F-35・3F-36
2026-10-18T14:30,3F,11,0,0,0,0,0,11,4,0,充足,3F-12・3F-13・3F-20・3F-37・3F-38・3F-39・3F-40・3F-41・3F-42・3F-43・3F-44
2026-10-18T14:30,統括,0,0,0,0,0,0,0,0,0,充足,
2026-10-18T15:00,1F,10,0,1,0,0,0,9,4,0,充足,1F-01・1F-08・1F-09・1F-11・1F-12・1F-14・1F-15・1F-16・1F-27
2026-10-18T15:00,2F,10,0,1,0,0,0,9,4,0,充足,2F-11・2F-12・3F-29・3F-30・3F-31・3F-33・3F-34・3F-35・3F-36
2026-10-18T15:00,3F,11,0,1,0,0,0,10,4,0,充足,3F-12・3F-13・3F-20・3F-37・3F-38・3F-39・3F-41・3F-42・3F-43・3F-44
2026-10-18T15:00,統括,0,0,0,0,0,0,0,0,0,充足,
2026-10-18T15:30,1F,10,0,1,0,0,0,9,4,0,充足,1F-01・1F-08・1F-09・1F-11・1F-12・1F-14・1F-15・1F-16・1F-27
2026-10-18T15:30,2F,10,0,1,0,0,0,9,4,0,充足,2F-11・2F-12・3F-29・3F-30・3F-31・3F-33・3F-34・3F-35・3F-36
2026-10-18T15:30,3F,11,0,1,0,0,0,10,4,0,充足,3F-12・3F-13・3F-20・3F-37・3F-38・3F-39・3F-41・3F-42・3F-43・3F-44
2026-10-18T15:30,統括,0,0,0,0,0,0,0,0,0,充足,
2026-10-18T16:00,1F,7,0,0,0,0,0,7,4,0,充足,1F-06・1F-07・1F-13・1F-14・1F-15・1F-16・1F-27
2026-10-18T16:00,2F,7,0,0,0,0,0,7,4,0,充足,2F-05・2F-06・3F-32・3F-33・3F-34・3F-35・3F-36
2026-10-18T16:00,3F,8,0,0,0,0,0,8,4,0,充足,3F-02・3F-03・3F-20・3F-40・3F-41・3F-42・3F-43・3F-44
2026-10-18T16:00,統括,2,0,0,0,0,0,2,0,0,充足,2F-02・2F-03
2026-10-18T16:30,1F,7,2,0,0,0,0,5,4,0,充足,1F-13・1F-14・1F-15・1F-16・1F-27
2026-10-18T16:30,2F,7,2,0,0,0,0,5,4,0,充足,3F-32・3F-33・3F-34・3F-35・3F-36
2026-10-18T16:30,3F,8,0,0,0,0,0,8,4,0,充足,3F-02・3F-03・3F-20・3F-40・3F-41・3F-42・3F-43・3F-44
2026-10-18T16:30,統括,2,0,0,0,0,0,2,0,0,充足,2F-02・2F-03
2026-10-18T17:00,1F,7,2,0,0,0,0,5,4,0,充足,1F-13・1F-14・1F-15・1F-16・1F-27
2026-10-18T17:00,2F,7,2,0,0,0,0,5,4,0,充足,3F-32・3F-33・3F-34・3F-35・3F-36
2026-10-18T17:00,3F,8,0,0,0,0,0,8,4,0,充足,3F-02・3F-03・3F-20・3F-40・3F-41・3F-42・3F-43・3F-44
2026-10-18T17:00,統括,2,0,0,0,0,0,2,0,0,充足,2F-02・2F-03
2026-10-18T17:30,1F,7,0,0,0,0,0,7,4,0,充足,1F-06・1F-07・1F-13・1F-14・1F-15・1F-16・1F-27
2026-10-18T17:30,2F,7,0,0,0,0,0,7,4,0,充足,2F-05・2F-06・3F-32・3F-33・3F-34・3F-35・3F-36
2026-10-18T17:30,3F,8,2,0,0,0,0,6,4,0,充足,3F-20・3F-40・3F-41・3F-42・3F-43・3F-44
2026-10-18T17:30,統括,2,2,0,0,0,0,0,0,0,充足,
2026-10-18T18:00,1F,7,0,0,0,0,0,7,4,0,充足,1F-06・1F-07・1F-13・1F-14・1F-15・1F-16・1F-27
2026-10-18T18:00,2F,7,0,0,0,0,0,7,4,0,充足,2F-05・2F-06・3F-32・3F-33・3F-34・3F-35・3F-36
2026-10-18T18:00,3F,8,2,0,0,0,0,6,4,0,充足,3F-20・3F-40・3F-41・3F-42・3F-43・3F-44
2026-10-18T18:00,統括,2,2,0,0,0,0,0,0,0,充足,
2026-10-18T18:30,1F,7,0,0,0,0,0,7,4,0,充足,1F-06・1F-07・1F-13・1F-14・1F-15・1F-16・1F-27
2026-10-18T18:30,2F,7,0,0,0,0,0,7,4,0,充足,2F-05・2F-06・3F-32・3F-33・3F-34・3F-35・3F-36
2026-10-18T18:30,3F,8,0,0,0,0,0,8,4,0,充足,3F-02・3F-03・3F-20・3F-40・3F-41・3F-42・3F-43・3F-44
2026-10-18T18:30,統括,2,0,0,0,0,0,2,0,0,充足,2F-02・2F-03
2026-10-18T19:00,1F,2,0,0,0,0,0,2,2,0,充足,1F-06・1F-07
2026-10-18T19:00,2F,2,0,0,0,0,0,2,2,0,充足,2F-05・2F-06
2026-10-18T19:00,3F,2,0,0,0,0,0,2,2,0,充足,3F-02・3F-03
2026-10-18T19:00,統括,2,0,0,0,0,0,2,1,0,充足,2F-02・2F-03
2026-10-18T19:30,1F,2,0,0,0,0,0,2,2,0,充足,1F-06・1F-07
2026-10-18T19:30,2F,2,0,0,0,0,0,2,2,0,充足,2F-05・2F-06
2026-10-18T19:30,3F,2,0,0,0,0,0,2,2,0,充足,3F-02・3F-03
2026-10-18T19:30,統括,2,0,0,0,0,0,2,1,0,充足,2F-02・2F-03
2026-10-18T20:00,1F,2,0,0,0,0,0,2,2,0,充足,1F-06・1F-07
2026-10-18T20:00,2F,2,0,0,0,0,0,2,2,0,充足,2F-05・2F-06
2026-10-18T20:00,3F,2,0,0,0,0,0,2,2,0,充足,3F-02・3F-03
2026-10-18T20:00,統括,2,0,0,0,0,0,2,1,0,充足,2F-02・2F-03
2026-10-18T20:30,1F,2,0,0,0,0,0,2,2,0,充足,1F-06・1F-07
2026-10-18T20:30,2F,2,0,0,0,0,0,2,2,0,充足,2F-05・2F-06
2026-10-18T20:30,3F,2,0,0,0,0,0,2,2,0,充足,3F-02・3F-03
2026-10-18T20:30,統括,2,0,0,0,0,0,2,1,0,充足,2F-02・2F-03
2026-10-18T21:00,1F,2,1,0,0,0,1,2,2,0,充足,1F-07・2F-02
2026-10-18T21:00,2F,2,0,0,0,0,0,2,2,0,充足,2F-05・2F-06
2026-10-18T21:00,3F,2,0,0,0,0,0,2,2,0,充足,3F-02・3F-03
2026-10-18T21:00,統括,2,0,0,0,1,0,1,1,0,充足,2F-03
2026-10-18T21:30,1F,2,1,0,0,0,1,2,2,0,充足,1F-07・2F-02
2026-10-18T21:30,2F,2,0,0,0,0,0,2,2,0,充足,2F-05・2F-06
2026-10-18T21:30,3F,2,0,0,0,0,0,2,2,0,充足,3F-02・3F-03
2026-10-18T21:30,統括,2,0,0,0,1,0,1,1,0,充足,2F-03
2026-10-18T22:00,1F,3,2,0,0,1,2,2,2,0,充足,2F-02・3F-23
2026-10-18T22:00,2F,2,0,0,0,0,0,2,2,0,充足,2F-05・2F-06
2026-10-18T22:00,3F,2,0,0,0,0,0,2,2,0,充足,3F-02・3F-03
2026-10-18T22:00,統括,2,0,0,0,1,0,1,1,0,充足,2F-03
2026-10-18T22:30,1F,3,2,0,0,1,2,2,2,0,充足,2F-02・3F-23
2026-10-18T22:30,2F,2,0,0,0,0,0,2,2,0,充足,2F-05・2F-06
2026-10-18T22:30,3F,2,0,0,0,0,0,2,2,0,充足,3F-02・3F-03
2026-10-18T22:30,統括,2,0,0,0,1,0,1,1,0,充足,2F-03
2026-10-18T23:00,1F,3,1,0,0,1,1,2,2,0,充足,1F-06・3F-23
2026-10-18T23:00,2F,2,1,0,0,0,1,2,2,0,充足,2F-02・2F-06
2026-10-18T23:00,3F,2,0,0,0,0,0,2,2,0,充足,3F-02・3F-03
2026-10-18T23:00,統括,2,0,0,0,1,0,1,1,0,充足,2F-03
2026-10-18T23:30,1F,3,1,0,0,1,1,2,2,0,充足,1F-06・3F-23
2026-10-18T23:30,2F,2,1,0,0,0,1,2,2,0,充足,2F-02・2F-06
2026-10-18T23:30,3F,2,0,0,0,0,0,2,2,0,充足,3F-02・3F-03
2026-10-18T23:30,統括,2,0,0,0,1,0,1,1,0,充足,2F-03
2026-10-19T00:00,1F,3,0,0,0,1,0,2,2,0,充足,1F-06・1F-07
2026-10-19T00:00,2F,2,2,0,0,0,2,2,2,0,充足,2F-02・3F-23
2026-10-19T00:00,3F,2,0,0,0,0,0,2,2,0,充足,3F-02・3F-03
2026-10-19T00:00,統括,2,0,0,0,1,0,1,1,0,充足,2F-03
2026-10-19T00:30,1F,3,0,0,0,1,0,2,2,0,充足,1F-06・1F-07
2026-10-19T00:30,2F,2,2,0,0,0,2,2,2,0,充足,2F-02・3F-23
2026-10-19T00:30,3F,2,0,0,0,0,0,2,2,0,充足,3F-02・3F-03
2026-10-19T00:30,統括,2,0,0,0,1,0,1,1,0,充足,2F-03
2026-10-19T01:00,1F,2,0,0,0,0,0,2,2,0,充足,1F-06・1F-07
2026-10-19T01:00,2F,3,1,0,0,1,1,2,2,0,充足,2F-05・2F-24
2026-10-19T01:00,3F,2,1,0,0,0,1,2,2,0,充足,2F-02・3F-03
2026-10-19T01:00,統括,2,0,0,0,1,0,1,1,0,充足,2F-03
2026-10-19T01:30,1F,2,0,0,0,0,0,2,2,0,充足,1F-06・1F-07
2026-10-19T01:30,2F,3,1,0,0,1,1,2,2,0,充足,2F-05・2F-24
2026-10-19T01:30,3F,2,1,0,0,0,1,2,2,0,充足,2F-02・3F-03
2026-10-19T01:30,統括,2,0,0,0,1,0,1,1,0,充足,2F-03
2026-10-19T02:00,1F,2,0,0,0,0,0,2,2,0,充足,1F-06・1F-07
2026-10-19T02:00,2F,3,0,0,0,1,0,2,2,0,充足,2F-05・2F-06
2026-10-19T02:00,3F,2,2,0,0,0,2,2,2,0,充足,2F-02・2F-24
2026-10-19T02:00,統括,2,0,0,0,1,0,1,1,0,充足,2F-03
2026-10-19T02:30,1F,2,0,0,0,0,0,2,2,0,充足,1F-06・1F-07
2026-10-19T02:30,2F,3,0,0,0,1,0,2,2,0,充足,2F-05・2F-06
2026-10-19T02:30,3F,2,2,0,0,0,2,2,2,0,充足,2F-02・2F-24
2026-10-19T02:30,統括,2,0,0,0,1,0,1,1,0,充足,2F-03
2026-10-19T03:00,1F,2,0,0,0,0,0,2,2,0,充足,1F-06・1F-07
2026-10-19T03:00,2F,3,0,0,0,1,0,2,2,0,充足,2F-05・2F-06
2026-10-19T03:00,3F,2,1,0,0,0,1,2,2,0,充足,2F-24・3F-02
2026-10-19T03:00,統括,2,1,0,0,0,0,1,1,0,充足,2F-03
2026-10-19T03:30,1F,2,0,0,0,0,0,2,2,0,充足,1F-06・1F-07
2026-10-19T03:30,2F,3,0,0,0,1,0,2,2,0,充足,2F-05・2F-06
2026-10-19T03:30,3F,2,1,0,0,0,1,2,2,0,充足,2F-24・3F-02
2026-10-19T03:30,統括,2,1,0,0,0,0,1,1,0,充足,2F-03
2026-10-19T04:00,1F,2,0,0,0,0,0,2,2,0,充足,1F-06・1F-07
2026-10-19T04:00,2F,2,0,0,0,0,0,2,2,0,充足,2F-05・2F-06
2026-10-19T04:00,3F,2,0,0,0,0,0,2,2,0,充足,3F-02・3F-03
2026-10-19T04:00,統括,2,1,0,0,0,0,1,1,0,充足,2F-03
2026-10-19T04:30,1F,2,0,0,0,0,0,2,2,0,充足,1F-06・1F-07
2026-10-19T04:30,2F,2,0,0,0,0,0,2,2,0,充足,2F-05・2F-06
2026-10-19T04:30,3F,2,0,0,0,0,0,2,2,0,充足,3F-02・3F-03
2026-10-19T04:30,統括,2,1,0,0,0,0,1,1,0,充足,2F-03
2026-10-19T05:00,1F,2,0,0,0,0,0,2,2,0,充足,1F-06・1F-07
2026-10-19T05:00,2F,2,0,0,0,0,0,2,2,0,充足,2F-05・2F-06
2026-10-19T05:00,3F,2,0,0,0,0,0,2,2,0,充足,3F-02・3F-03
2026-10-19T05:00,統括,2,1,0,0,0,0,1,1,0,充足,2F-02
2026-10-19T05:30,1F,2,0,0,0,0,0,2,2,0,充足,1F-06・1F-07
2026-10-19T05:30,2F,2,0,0,0,0,0,2,2,0,充足,2F-05・2F-06
2026-10-19T05:30,3F,2,0,0,0,0,0,2,2,0,充足,3F-02・3F-03
2026-10-19T05:30,統括,2,1,0,0,0,0,1,1,0,充足,2F-02
2026-10-19T06:00,1F,2,0,0,0,0,0,2,2,0,充足,1F-06・1F-07
2026-10-19T06:00,2F,2,0,0,0,0,0,2,2,0,充足,2F-05・2F-06
2026-10-19T06:00,3F,2,0,0,0,0,0,2,2,0,充足,3F-02・3F-03
2026-10-19T06:00,統括,2,1,0,0,0,0,1,1,0,充足,2F-02
2026-10-19T06:30,1F,2,0,0,0,0,0,2,2,0,充足,1F-06・1F-07
2026-10-19T06:30,2F,2,0,0,0,0,0,2,2,0,充足,2F-05・2F-06
2026-10-19T06:30,3F,2,0,0,0,0,0,2,2,0,充足,3F-02・3F-03
2026-10-19T06:30,統括,2,1,0,0,0,0,1,1,0,充足,2F-02
2026-10-19T07:00,1F,7,0,0,0,0,0,7,4,0,充足,1F-01・1F-02・1F-03・1F-04・1F-06・1F-07・1F-15
2026-10-19T07:00,2F,7,0,0,0,0,0,7,4,0,充足,2F-01・2F-05・2F-06・2F-15・2F-16・2F-25・2F-26
2026-10-19T07:00,3F,7,0,0,0,0,0,7,4,0,充足,3F-01・3F-02・3F-03・3F-15・3F-16・3F-25・3F-26
2026-10-19T07:00,統括,2,0,0,0,0,0,2,0,0,充足,2F-02・2F-03
2026-10-19T07:30,1F,7,0,0,0,0,0,7,4,0,充足,1F-01・1F-02・1F-03・1F-04・1F-06・1F-07・1F-15
2026-10-19T07:30,2F,7,0,0,0,0,0,7,4,0,充足,2F-01・2F-05・2F-06・2F-15・2F-16・2F-25・2F-26
2026-10-19T07:30,3F,7,0,0,0,0,0,7,4,0,充足,3F-01・3F-02・3F-03・3F-15・3F-16・3F-25・3F-26
2026-10-19T07:30,統括,2,0,0,0,0,0,2,0,0,充足,2F-02・2F-03
2026-10-19T08:00,1F,7,0,0,0,0,0,7,4,0,充足,1F-01・1F-02・1F-03・1F-04・1F-06・1F-07・1F-15
2026-10-19T08:00,2F,7,0,0,0,0,0,7,4,0,充足,2F-01・2F-05・2F-06・2F-15・2F-16・2F-25・2F-26
2026-10-19T08:00,3F,7,0,0,0,0,0,7,4,0,充足,3F-01・3F-02・3F-03・3F-15・3F-16・3F-25・3F-26
2026-10-19T08:00,統括,2,0,0,0,0,0,2,0,0,充足,2F-02・2F-03
2026-10-19T08:30,1F,8,0,0,0,0,0,8,4,0,充足,1F-01・1F-02・1F-03・1F-04・1F-06・1F-07・1F-15・1F-38
2026-10-19T08:30,2F,7,0,0,0,0,0,7,4,0,充足,2F-01・2F-05・2F-06・2F-15・2F-16・2F-25・2F-26
2026-10-19T08:30,3F,7,0,0,0,0,0,7,4,0,充足,3F-01・3F-02・3F-03・3F-15・3F-16・3F-25・3F-26
2026-10-19T08:30,統括,2,0,0,0,0,0,2,0,0,充足,2F-02・2F-03
2026-10-19T09:00,1F,6,0,0,0,0,0,6,4,0,充足,1F-01・1F-02・1F-03・1F-04・1F-15・1F-38
2026-10-19T09:00,2F,5,0,0,0,0,0,5,4,0,充足,2F-01・2F-15・2F-16・2F-25・2F-26
2026-10-19T09:00,3F,5,0,0,0,0,0,5,4,0,充足,3F-01・3F-15・3F-16・3F-25・3F-26
2026-10-19T09:00,統括,0,0,0,0,0,0,0,0,0,充足,
2026-10-19T09:30,1F,6,0,0,0,0,0,6,4,0,充足,1F-01・1F-02・1F-03・1F-04・1F-15・1F-38
2026-10-19T09:30,2F,5,0,0,0,0,0,5,4,0,充足,2F-01・2F-15・2F-16・2F-25・2F-26
2026-10-19T09:30,3F,5,0,0,0,0,0,5,4,0,充足,3F-01・3F-15・3F-16・3F-25・3F-26
2026-10-19T09:30,統括,0,0,0,0,0,0,0,0,0,充足,
2026-10-19T10:00,1F,11,0,1,0,0,0,10,4,0,充足,1F-02・1F-03・1F-04・1F-15・1F-16・1F-34・1F-35・1F-36・1F-37・1F-38
2026-10-19T10:00,2F,10,0,1,0,0,0,9,4,0,充足,2F-08・2F-15・2F-16・2F-25・2F-26・2F-27・2F-28・2F-29・2F-30
2026-10-19T10:00,3F,10,0,1,0,0,0,9,4,0,充足,3F-15・3F-16・3F-25・3F-26・3F-27・3F-28・3F-29・3F-30・3F-31
2026-10-19T10:00,統括,0,0,0,0,0,0,0,0,0,充足,
2026-10-19T10:30,1F,11,0,1,0,0,0,10,4,0,充足,1F-02・1F-03・1F-04・1F-15・1F-16・1F-34・1F-35・1F-36・1F-37・1F-38
2026-10-19T10:30,2F,10,0,1,0,0,0,9,4,0,充足,2F-08・2F-15・2F-16・2F-25・2F-26・2F-27・2F-28・2F-29・2F-30
2026-10-19T10:30,3F,10,0,1,0,0,0,9,4,0,充足,3F-15・3F-16・3F-25・3F-26・3F-27・3F-28・3F-29・3F-30・3F-31
2026-10-19T10:30,統括,0,0,0,0,0,0,0,0,0,充足,
2026-10-19T11:00,1F,11,5,0,0,0,0,6,4,0,充足,1F-16・1F-34・1F-35・1F-36・1F-37・1F-38
2026-10-19T11:00,2F,10,5,0,0,0,0,5,4,0,充足,2F-08・2F-27・2F-28・2F-29・2F-30
2026-10-19T11:00,3F,10,5,0,0,0,0,5,4,0,充足,3F-27・3F-28・3F-29・3F-30・3F-31
2026-10-19T11:00,統括,0,0,0,0,0,0,0,0,0,充足,
2026-10-19T11:30,1F,11,5,0,0,0,0,6,4,0,充足,1F-16・1F-34・1F-35・1F-36・1F-37・1F-38
2026-10-19T11:30,2F,10,5,0,0,0,0,5,4,0,充足,2F-08・2F-27・2F-28・2F-29・2F-30
2026-10-19T11:30,3F,10,5,0,0,0,0,5,4,0,充足,3F-27・3F-28・3F-29・3F-30・3F-31
2026-10-19T11:30,統括,0,0,0,0,0,0,0,0,0,充足,
2026-10-19T12:00,1F,11,1,0,0,0,0,10,4,0,充足,1F-01・1F-02・1F-03・1F-04・1F-15・1F-16・1F-34・1F-35・1F-36・1F-37
2026-10-19T12:00,2F,10,0,0,0,0,0,10,4,0,充足,2F-01・2F-08・2F-15・2F-16・2F-25・2F-26・2F-27・2F-28・2F-29・2F-30
2026-10-19T12:00,3F,10,0,0,0,0,0,10,4,0,充足,3F-01・3F-15・3F-16・3F-25・3F-26・3F-27・3F-28・3F-29・3F-30・3F-31
2026-10-19T12:00,統括,0,0,0,0,0,0,0,0,0,充足,
2026-10-19T12:30,1F,11,1,0,0,0,0,10,4,0,充足,1F-01・1F-02・1F-03・1F-04・1F-15・1F-16・1F-34・1F-35・1F-36・1F-37
2026-10-19T12:30,2F,10,0,0,0,0,0,10,4,0,充足,2F-01・2F-08・2F-15・2F-16・2F-25・2F-26・2F-27・2F-28・2F-29・2F-30
2026-10-19T12:30,3F,10,0,0,0,0,0,10,4,0,充足,3F-01・3F-15・3F-16・3F-25・3F-26・3F-27・3F-28・3F-29・3F-30・3F-31
2026-10-19T12:30,統括,0,0,0,0,0,0,0,0,0,充足,
2026-10-19T13:00,1F,11,5,0,0,0,0,6,4,0,充足,1F-01・1F-02・1F-03・1F-04・1F-15・1F-38
2026-10-19T13:00,2F,10,5,0,0,0,0,5,4,0,充足,2F-01・2F-15・2F-16・2F-25・2F-26
2026-10-19T13:00,3F,10,5,0,0,0,0,5,4,0,充足,3F-01・3F-15・3F-16・3F-25・3F-26
2026-10-19T13:00,統括,0,0,0,0,0,0,0,0,0,充足,
2026-10-19T13:30,1F,11,5,0,0,0,0,6,4,0,充足,1F-01・1F-02・1F-03・1F-04・1F-15・1F-38
2026-10-19T13:30,2F,10,5,0,0,0,0,5,4,0,充足,2F-01・2F-15・2F-16・2F-25・2F-26
2026-10-19T13:30,3F,10,5,0,0,0,0,5,4,0,充足,3F-01・3F-15・3F-16・3F-25・3F-26
2026-10-19T13:30,統括,0,0,0,0,0,0,0,0,0,充足,
2026-10-19T14:00,1F,11,0,0,0,0,0,11,4,0,充足,1F-01・1F-02・1F-03・1F-04・1F-15・1F-16・1F-34・1F-35・1F-36・1F-37・1F-38
2026-10-19T14:00,2F,10,0,0,0,0,0,10,4,0,充足,2F-01・2F-08・2F-15・2F-16・2F-25・2F-26・2F-27・2F-28・2F-29・2F-30
2026-10-19T14:00,3F,10,0,0,0,0,0,10,4,0,充足,3F-01・3F-15・3F-16・3F-25・3F-26・3F-27・3F-28・3F-29・3F-30・3F-31
2026-10-19T14:00,統括,0,0,0,0,0,0,0,0,0,充足,
2026-10-19T14:30,1F,11,0,0,0,0,0,11,4,0,充足,1F-01・1F-02・1F-03・1F-04・1F-15・1F-16・1F-34・1F-35・1F-36・1F-37・1F-38
2026-10-19T14:30,2F,10,0,0,0,0,0,10,4,0,充足,2F-01・2F-08・2F-15・2F-16・2F-25・2F-26・2F-27・2F-28・2F-29・2F-30
2026-10-19T14:30,3F,10,0,0,0,0,0,10,4,0,充足,3F-01・3F-15・3F-16・3F-25・3F-26・3F-27・3F-28・3F-29・3F-30・3F-31
2026-10-19T14:30,統括,0,0,0,0,0,0,0,0,0,充足,
2026-10-19T15:00,1F,11,0,1,0,0,0,10,4,0,充足,1F-01・1F-02・1F-03・1F-04・1F-15・1F-34・1F-35・1F-36・1F-37・1F-38
2026-10-19T15:00,2F,10,0,1,0,0,0,9,4,0,充足,2F-01・2F-08・2F-15・2F-16・2F-25・2F-26・2F-28・2F-29・2F-30
2026-10-19T15:00,3F,10,0,1,0,0,0,9,4,0,充足,3F-01・3F-15・3F-16・3F-25・3F-26・3F-28・3F-29・3F-30・3F-31
2026-10-19T15:00,統括,0,0,0,0,0,0,0,0,0,充足,
2026-10-19T15:30,1F,11,0,1,0,0,0,10,4,0,充足,1F-01・1F-02・1F-03・1F-04・1F-15・1F-34・1F-35・1F-36・1F-37・1F-38
2026-10-19T15:30,2F,10,0,1,0,0,0,9,4,0,充足,2F-01・2F-08・2F-15・2F-16・2F-25・2F-26・2F-28・2F-29・2F-30
2026-10-19T15:30,3F,10,0,1,0,0,0,9,4,0,充足,3F-01・3F-15・3F-16・3F-25・3F-26・3F-28・3F-29・3F-30・3F-31
2026-10-19T15:30,統括,0,0,0,0,0,0,0,0,0,充足,
2026-10-19T16:00,1F,8,0,0,0,0,0,8,4,0,充足,1F-05・1F-08・1F-16・1F-34・1F-35・1F-36・1F-37・1F-38
2026-10-19T16:00,2F,7,0,0,0,0,0,7,4,0,充足,2F-04・2F-07・2F-08・2F-27・2F-28・2F-29・2F-30
2026-10-19T16:00,3F,7,0,0,0,0,0,7,4,0,充足,3F-04・3F-05・3F-27・3F-28・3F-29・3F-30・3F-31
2026-10-19T16:00,統括,2,0,0,0,0,0,2,0,0,充足,1F-25・1F-27
2026-10-19T16:30,1F,8,2,0,0,0,0,6,4,0,充足,1F-16・1F-34・1F-35・1F-36・1F-37・1F-38
2026-10-19T16:30,2F,7,2,0,0,0,0,5,4,0,充足,2F-08・2F-27・2F-28・2F-29・2F-30
2026-10-19T16:30,3F,7,0,0,0,0,0,7,4,0,充足,3F-04・3F-05・3F-27・3F-28・3F-29・3F-30・3F-31
2026-10-19T16:30,統括,2,0,0,0,0,0,2,0,0,充足,1F-25・1F-27
2026-10-19T17:00,1F,8,2,0,0,0,0,6,4,0,充足,1F-16・1F-34・1F-35・1F-36・1F-37・1F-38
2026-10-19T17:00,2F,7,2,0,0,0,0,5,4,0,充足,2F-08・2F-27・2F-28・2F-29・2F-30
2026-10-19T17:00,3F,7,0,0,0,0,0,7,4,0,充足,3F-04・3F-05・3F-27・3F-28・3F-29・3F-30・3F-31
2026-10-19T17:00,統括,2,0,0,0,0,0,2,0,0,充足,1F-25・1F-27
2026-10-19T17:30,1F,7,0,0,0,0,0,7,4,0,充足,1F-05・1F-08・1F-16・1F-34・1F-35・1F-36・1F-37
2026-10-19T17:30,2F,7,0,0,0,0,0,7,4,0,充足,2F-04・2F-07・2F-08・2F-27・2F-28・2F-29・2F-30
2026-10-19T17:30,3F,7,2,0,0,0,0,5,4,0,充足,3F-27・3F-28・3F-29・3F-30・3F-31
2026-10-19T17:30,統括,2,2,0,0,0,0,0,0,0,充足,
2026-10-19T18:00,1F,7,0,0,0,0,0,7,4,0,充足,1F-05・1F-08・1F-16・1F-34・1F-35・1F-36・1F-37
2026-10-19T18:00,2F,7,0,0,0,0,0,7,4,0,充足,2F-04・2F-07・2F-08・2F-27・2F-28・2F-29・2F-30
2026-10-19T18:00,3F,7,2,0,0,0,0,5,4,0,充足,3F-27・3F-28・3F-29・3F-30・3F-31
2026-10-19T18:00,統括,2,2,0,0,0,0,0,0,0,充足,
2026-10-19T18:30,1F,7,0,0,0,0,0,7,4,0,充足,1F-05・1F-08・1F-16・1F-34・1F-35・1F-36・1F-37
2026-10-19T18:30,2F,7,0,0,0,0,0,7,4,0,充足,2F-04・2F-07・2F-08・2F-27・2F-28・2F-29・2F-30
2026-10-19T18:30,3F,7,0,0,0,0,0,7,4,0,充足,3F-04・3F-05・3F-27・3F-28・3F-29・3F-30・3F-31
2026-10-19T18:30,統括,2,0,0,0,0,0,2,0,0,充足,1F-25・1F-27
2026-10-19T19:00,1F,2,0,0,0,0,0,2,2,0,充足,1F-05・1F-08
2026-10-19T19:00,2F,2,0,0,0,0,0,2,2,0,充足,2F-04・2F-07
2026-10-19T19:00,3F,2,0,0,0,0,0,2,2,0,充足,3F-04・3F-05
2026-10-19T19:00,統括,2,0,0,0,0,0,2,1,0,充足,1F-25・1F-27
2026-10-19T19:30,1F,2,0,0,0,0,0,2,2,0,充足,1F-05・1F-08
2026-10-19T19:30,2F,2,0,0,0,0,0,2,2,0,充足,2F-04・2F-07
2026-10-19T19:30,3F,2,0,0,0,0,0,2,2,0,充足,3F-04・3F-05
2026-10-19T19:30,統括,2,0,0,0,0,0,2,1,0,充足,1F-25・1F-27
2026-10-19T20:00,1F,2,0,0,0,0,0,2,2,0,充足,1F-05・1F-08
2026-10-19T20:00,2F,2,0,0,0,0,0,2,2,0,充足,2F-04・2F-07
2026-10-19T20:00,3F,2,0,0,0,0,0,2,2,0,充足,3F-04・3F-05
2026-10-19T20:00,統括,2,0,0,0,0,0,2,1,0,充足,1F-25・1F-27
2026-10-19T20:30,1F,2,0,0,0,0,0,2,2,0,充足,1F-05・1F-08
2026-10-19T20:30,2F,2,0,0,0,0,0,2,2,0,充足,2F-04・2F-07
2026-10-19T20:30,3F,2,0,0,0,0,0,2,2,0,充足,3F-04・3F-05
2026-10-19T20:30,統括,2,0,0,0,0,0,2,1,0,充足,1F-25・1F-27
2026-10-19T21:00,1F,2,1,0,0,0,1,2,2,0,充足,1F-08・1F-25
2026-10-19T21:00,2F,2,0,0,0,0,0,2,2,0,充足,2F-04・2F-07
2026-10-19T21:00,3F,2,0,0,0,0,0,2,2,0,充足,3F-04・3F-05
2026-10-19T21:00,統括,2,0,0,0,1,0,1,1,0,充足,1F-27
2026-10-19T21:30,1F,2,1,0,0,0,1,2,2,0,充足,1F-08・1F-25
2026-10-19T21:30,2F,2,0,0,0,0,0,2,2,0,充足,2F-04・2F-07
2026-10-19T21:30,3F,2,0,0,0,0,0,2,2,0,充足,3F-04・3F-05
2026-10-19T21:30,統括,2,0,0,0,1,0,1,1,0,充足,1F-27
2026-10-19T22:00,1F,3,2,0,0,1,2,2,2,0,充足,1F-23・1F-25
2026-10-19T22:00,2F,2,0,0,0,0,0,2,2,0,充足,2F-04・2F-07
2026-10-19T22:00,3F,2,0,0,0,0,0,2,2,0,充足,3F-04・3F-05
2026-10-19T22:00,統括,2,0,0,0,1,0,1,1,0,充足,1F-27
2026-10-19T22:30,1F,3,2,0,0,1,2,2,2,0,充足,1F-23・1F-25
2026-10-19T22:30,2F,2,0,0,0,0,0,2,2,0,充足,2F-04・2F-07
2026-10-19T22:30,3F,2,0,0,0,0,0,2,2,0,充足,3F-04・3F-05
2026-10-19T22:30,統括,2,0,0,0,1,0,1,1,0,充足,1F-27
2026-10-19T23:00,1F,3,1,0,0,1,1,2,2,0,充足,1F-05・1F-23
2026-10-19T23:00,2F,2,1,0,0,0,1,2,2,0,充足,1F-25・2F-07
2026-10-19T23:00,3F,2,0,0,0,0,0,2,2,0,充足,3F-04・3F-05
2026-10-19T23:00,統括,2,0,0,0,1,0,1,1,0,充足,1F-27
2026-10-19T23:30,1F,3,1,0,0,1,1,2,2,0,充足,1F-05・1F-23
2026-10-19T23:30,2F,2,1,0,0,0,1,2,2,0,充足,1F-25・2F-07
2026-10-19T23:30,3F,2,0,0,0,0,0,2,2,0,充足,3F-04・3F-05
2026-10-19T23:30,統括,2,0,0,0,1,0,1,1,0,充足,1F-27
2026-10-20T00:00,1F,3,0,0,0,1,0,2,2,0,充足,1F-05・1F-08
2026-10-20T00:00,2F,2,2,0,0,0,2,2,2,0,充足,1F-23・1F-25
2026-10-20T00:00,3F,2,0,0,0,0,0,2,2,0,充足,3F-04・3F-05
2026-10-20T00:00,統括,2,0,0,0,1,0,1,1,0,充足,1F-27
2026-10-20T00:30,1F,3,0,0,0,1,0,2,2,0,充足,1F-05・1F-08
2026-10-20T00:30,2F,2,2,0,0,0,2,2,2,0,充足,1F-23・1F-25
2026-10-20T00:30,3F,2,0,0,0,0,0,2,2,0,充足,3F-04・3F-05
2026-10-20T00:30,統括,2,0,0,0,1,0,1,1,0,充足,1F-27
2026-10-20T01:00,1F,2,0,0,0,0,0,2,2,0,充足,1F-05・1F-08
2026-10-20T01:00,2F,3,1,0,0,1,1,2,2,0,充足,2F-04・2F-24
2026-10-20T01:00,3F,2,1,0,0,0,1,2,2,0,充足,1F-25・3F-05
2026-10-20T01:00,統括,2,0,0,0,1,0,1,1,0,充足,1F-27
2026-10-20T01:30,1F,2,0,0,0,0,0,2,2,0,充足,1F-05・1F-08
2026-10-20T01:30,2F,3,1,0,0,1,1,2,2,0,充足,2F-04・2F-24
2026-10-20T01:30,3F,2,1,0,0,0,1,2,2,0,充足,1F-25・3F-05
2026-10-20T01:30,統括,2,0,0,0,1,0,1,1,0,充足,1F-27
2026-10-20T02:00,1F,2,0,0,0,0,0,2,2,0,充足,1F-05・1F-08
2026-10-20T02:00,2F,3,0,0,0,1,0,2,2,0,充足,2F-04・2F-07
2026-10-20T02:00,3F,2,2,0,0,0,2,2,2,0,充足,1F-25・2F-24
2026-10-20T02:00,統括,2,0,0,0,1,0,1,1,0,充足,1F-27
2026-10-20T02:30,1F,2,0,0,0,0,0,2,2,0,充足,1F-05・1F-08
2026-10-20T02:30,2F,3,0,0,0,1,0,2,2,0,充足,2F-04・2F-07
2026-10-20T02:30,3F,2,2,0,0,0,2,2,2,0,充足,1F-25・2F-24
2026-10-20T02:30,統括,2,0,0,0,1,0,1,1,0,充足,1F-27
2026-10-20T03:00,1F,2,0,0,0,0,0,2,2,0,充足,1F-05・1F-08
2026-10-20T03:00,2F,3,0,0,0,1,0,2,2,0,充足,2F-04・2F-07
2026-10-20T03:00,3F,2,1,0,0,0,1,2,2,0,充足,2F-24・3F-04
2026-10-20T03:00,統括,2,1,0,0,0,0,1,1,0,充足,1F-27
2026-10-20T03:30,1F,2,0,0,0,0,0,2,2,0,充足,1F-05・1F-08
2026-10-20T03:30,2F,3,0,0,0,1,0,2,2,0,充足,2F-04・2F-07
2026-10-20T03:30,3F,2,1,0,0,0,1,2,2,0,充足,2F-24・3F-04
2026-10-20T03:30,統括,2,1,0,0,0,0,1,1,0,充足,1F-27
2026-10-20T04:00,1F,2,0,0,0,0,0,2,2,0,充足,1F-05・1F-08
2026-10-20T04:00,2F,2,0,0,0,0,0,2,2,0,充足,2F-04・2F-07
2026-10-20T04:00,3F,2,0,0,0,0,0,2,2,0,充足,3F-04・3F-05
2026-10-20T04:00,統括,2,1,0,0,0,0,1,1,0,充足,1F-27
2026-10-20T04:30,1F,2,0,0,0,0,0,2,2,0,充足,1F-05・1F-08
2026-10-20T04:30,2F,2,0,0,0,0,0,2,2,0,充足,2F-04・2F-07
2026-10-20T04:30,3F,2,0,0,0,0,0,2,2,0,充足,3F-04・3F-05
2026-10-20T04:30,統括,2,1,0,0,0,0,1,1,0,充足,1F-27
2026-10-20T05:00,1F,2,0,0,0,0,0,2,2,0,充足,1F-05・1F-08
2026-10-20T05:00,2F,2,0,0,0,0,0,2,2,0,充足,2F-04・2F-07
2026-10-20T05:00,3F,2,0,0,0,0,0,2,2,0,充足,3F-04・3F-05
2026-10-20T05:00,統括,2,1,0,0,0,0,1,1,0,充足,1F-25
2026-10-20T05:30,1F,2,0,0,0,0,0,2,2,0,充足,1F-05・1F-08
2026-10-20T05:30,2F,2,0,0,0,0,0,2,2,0,充足,2F-04・2F-07
2026-10-20T05:30,3F,2,0,0,0,0,0,2,2,0,充足,3F-04・3F-05
2026-10-20T05:30,統括,2,1,0,0,0,0,1,1,0,充足,1F-25
2026-10-20T06:00,1F,2,0,0,0,0,0,2,2,0,充足,1F-05・1F-08
2026-10-20T06:00,2F,2,0,0,0,0,0,2,2,0,充足,2F-04・2F-07
2026-10-20T06:00,3F,2,0,0,0,0,0,2,2,0,充足,3F-04・3F-05
2026-10-20T06:00,統括,2,1,0,0,0,0,1,1,0,充足,1F-25
2026-10-20T06:30,1F,2,0,0,0,0,0,2,2,0,充足,1F-05・1F-08
2026-10-20T06:30,2F,2,0,0,0,0,0,2,2,0,充足,2F-04・2F-07
2026-10-20T06:30,3F,2,0,0,0,0,0,2,2,0,充足,3F-04・3F-05
2026-10-20T06:30,統括,2,1,0,0,0,0,1,1,0,充足,1F-25
2026-10-20T07:00,1F,7,0,0,0,0,0,7,4,0,充足,1F-05・1F-08・1F-39・1F-40・1F-41・1F-42・1F-43
2026-10-20T07:00,2F,8,0,0,0,0,0,8,4,0,充足,2F-01・2F-02・2F-03・2F-04・2F-07・2F-15・2F-16・2F-17
2026-10-20T07:00,3F,7,0,0,0,0,0,7,4,0,充足,3F-04・3F-05・3F-32・3F-33・3F-34・3F-35・3F-36
2026-10-20T07:00,統括,2,0,0,0,0,0,2,0,0,充足,1F-25・1F-27
2026-10-20T07:30,1F,7,0,0,0,0,0,7,4,0,充足,1F-05・1F-08・1F-39・1F-40・1F-41・1F-42・1F-43
2026-10-20T07:30,2F,8,0,0,0,0,0,8,4,0,充足,2F-01・2F-02・2F-03・2F-04・2F-07・2F-15・2F-16・2F-17
2026-10-20T07:30,3F,7,0,0,0,0,0,7,4,0,充足,3F-04・3F-05・3F-32・3F-33・3F-34・3F-35・3F-36
2026-10-20T07:30,統括,2,0,0,0,0,0,2,0,0,充足,1F-25・1F-27
2026-10-20T08:00,1F,7,0,0,0,0,0,7,4,0,充足,1F-05・1F-08・1F-39・1F-40・1F-41・1F-42・1F-43
2026-10-20T08:00,2F,8,0,0,0,0,0,8,4,0,充足,2F-01・2F-02・2F-03・2F-04・2F-07・2F-15・2F-16・2F-17
2026-10-20T08:00,3F,7,0,0,0,0,0,7,4,0,充足,3F-04・3F-05・3F-32・3F-33・3F-34・3F-35・3F-36
2026-10-20T08:00,統括,2,0,0,0,0,0,2,0,0,充足,1F-25・1F-27
2026-10-20T08:30,1F,7,0,0,0,0,0,7,4,0,充足,1F-05・1F-08・1F-39・1F-40・1F-41・1F-42・1F-43
2026-10-20T08:30,2F,8,0,0,0,0,0,8,4,0,充足,2F-01・2F-02・2F-03・2F-04・2F-07・2F-15・2F-16・2F-17
2026-10-20T08:30,3F,7,0,0,0,0,0,7,4,0,充足,3F-04・3F-05・3F-32・3F-33・3F-34・3F-35・3F-36
2026-10-20T08:30,統括,2,0,0,0,0,0,2,0,0,充足,1F-25・1F-27
2026-10-20T09:00,1F,5,0,0,0,0,0,5,4,0,充足,1F-39・1F-40・1F-41・1F-42・1F-43
2026-10-20T09:00,2F,6,0,0,0,0,0,6,4,0,充足,2F-01・2F-02・2F-03・2F-15・2F-16・2F-17
2026-10-20T09:00,3F,5,0,0,0,0,0,5,4,0,充足,3F-32・3F-33・3F-34・3F-35・3F-36
2026-10-20T09:00,統括,0,0,0,0,0,0,0,0,0,充足,
2026-10-20T09:30,1F,5,0,0,0,0,0,5,4,0,充足,1F-39・1F-40・1F-41・1F-42・1F-43
2026-10-20T09:30,2F,6,0,0,0,0,0,6,4,0,充足,2F-01・2F-02・2F-03・2F-15・2F-16・2F-17
2026-10-20T09:30,3F,5,0,0,0,0,0,5,4,0,充足,3F-32・3F-33・3F-34・3F-35・3F-36
2026-10-20T09:30,統括,0,0,0,0,0,0,0,0,0,充足,
2026-10-20T10:00,1F,10,0,1,0,0,0,9,4,0,充足,1F-01・1F-02・1F-03・1F-04・1F-33・1F-40・1F-41・1F-42・1F-43
2026-10-20T10:00,2F,11,0,1,0,0,0,10,4,0,充足,2F-02・2F-03・2F-15・2F-16・2F-17・2F-25・2F-26・2F-27・2F-28・2F-29
2026-10-20T10:00,3F,10,0,1,0,0,0,9,4,0,充足,3F-33・3F-34・3F-35・3F-36・3F-37・3F-38・3F-39・3F-40・3F-41
2026-10-20T10:00,統括,0,0,0,0,0,0,0,0,0,充足,
2026-10-20T10:30,1F,10,0,1,0,0,0,9,4,0,充足,1F-01・1F-02・1F-03・1F-04・1F-33・1F-40・1F-41・1F-42・1F-43
2026-10-20T10:30,2F,11,0,1,0,0,0,10,4,0,充足,2F-02・2F-03・2F-15・2F-16・2F-17・2F-25・2F-26・2F-27・2F-28・2F-29
2026-10-20T10:30,3F,10,0,1,0,0,0,9,4,0,充足,3F-33・3F-34・3F-35・3F-36・3F-37・3F-38・3F-39・3F-40・3F-41
2026-10-20T10:30,統括,0,0,0,0,0,0,0,0,0,充足,
2026-10-20T11:00,1F,10,5,0,0,0,0,5,4,0,充足,1F-01・1F-02・1F-03・1F-04・1F-33
2026-10-20T11:00,2F,11,5,0,0,0,0,6,4,0,充足,2F-17・2F-25・2F-26・2F-27・2F-28・2F-29
2026-10-20T11:00,3F,10,5,0,0,0,0,5,4,0,充足,3F-37・3F-38・3F-39・3F-40・3F-41
2026-10-20T11:00,統括,0,0,0,0,0,0,0,0,0,充足,
2026-10-20T11:30,1F,10,5,0,0,0,0,5,4,0,充足,1F-01・1F-02・1F-03・1F-04・1F-33
2026-10-20T11:30,2F,11,5,0,0,0,0,6,4,0,充足,2F-17・2F-25・2F-26・2F-27・2F-28・2F-29
2026-10-20T11:30,3F,10,5,0,0,0,0,5,4,0,充足,3F-37・3F-38・3F-39・3F-40・3F-41
2026-10-20T11:30,統括,0,0,0,0,0,0,0,0,0,充足,
2026-10-20T12:00,1F,10,0,0,0,0,0,10,4,0,充足,1F-01・1F-02・1F-03・1F-04・1F-33・1F-39・1F-40・1F-41・1F-42・1F-43
2026-10-20T12:00,2F,10,0,0,0,0,0,10,4,0,充足,2F-01・2F-02・2F-03・2F-15・2F-16・2F-25・2F-26・2F-27・2F-28・2F-29
2026-10-20T12:00,3F,10,0,0,0,0,0,10,4,0,充足,3F-32・3F-33・3F-34・3F-35・3F-36・3F-37・3F-38・3F-39・3F-40・3F-41
2026-10-20T12:00,統括,0,0,0,0,0,0,0,0,0,充足,
2026-10-20T12:30,1F,10,0,0,0,0,0,10,4,0,充足,1F-01・1F-02・1F-03・1F-04・1F-33・1F-39・1F-40・1F-41・1F-42・1F-43
2026-10-20T12:30,2F,10,0,0,0,0,0,10,4,0,充足,2F-01・2F-02・2F-03・2F-15・2F-16・2F-25・2F-26・2F-27・2F-28・2F-29
2026-10-20T12:30,3F,10,0,0,0,0,0,10,4,0,充足,3F-32・3F-33・3F-34・3F-35・3F-36・3F-37・3F-38・3F-39・3F-40・3F-41
2026-10-20T12:30,統括,0,0,0,0,0,0,0,0,0,充足,
2026-10-20T13:00,1F,10,5,0,0,0,0,5,4,0,充足,1F-39・1F-40・1F-41・1F-42・1F-43
2026-10-20T13:00,2F,10,5,0,0,0,0,5,4,0,充足,2F-01・2F-02・2F-03・2F-15・2F-16
2026-10-20T13:00,3F,10,5,0,0,0,0,5,4,0,充足,3F-32・3F-33・3F-34・3F-35・3F-36
2026-10-20T13:00,統括,0,0,0,0,0,0,0,0,0,充足,
2026-10-20T13:30,1F,10,5,0,0,0,0,5,4,0,充足,1F-39・1F-40・1F-41・1F-42・1F-43
2026-10-20T13:30,2F,10,5,0,0,0,0,5,4,0,充足,2F-01・2F-02・2F-03・2F-15・2F-16
2026-10-20T13:30,3F,10,5,0,0,0,0,5,4,0,充足,3F-32・3F-33・3F-34・3F-35・3F-36
2026-10-20T13:30,統括,0,0,0,0,0,0,0,0,0,充足,
2026-10-20T14:00,1F,10,0,0,0,0,0,10,4,0,充足,1F-01・1F-02・1F-03・1F-04・1F-33・1F-39・1F-40・1F-41・1F-42・1F-43
2026-10-20T14:00,2F,10,0,0,0,0,0,10,4,0,充足,2F-01・2F-02・2F-03・2F-15・2F-16・2F-25・2F-26・2F-27・2F-28・2F-29
2026-10-20T14:00,3F,10,0,0,0,0,0,10,4,0,充足,3F-32・3F-33・3F-34・3F-35・3F-36・3F-37・3F-38・3F-39・3F-40・3F-41
2026-10-20T14:00,統括,0,0,0,0,0,0,0,0,0,充足,
2026-10-20T14:30,1F,10,0,0,0,0,0,10,4,0,充足,1F-01・1F-02・1F-03・1F-04・1F-33・1F-39・1F-40・1F-41・1F-42・1F-43
2026-10-20T14:30,2F,10,0,0,0,0,0,10,4,0,充足,2F-01・2F-02・2F-03・2F-15・2F-16・2F-25・2F-26・2F-27・2F-28・2F-29
2026-10-20T14:30,3F,10,0,0,0,0,0,10,4,0,充足,3F-32・3F-33・3F-34・3F-35・3F-36・3F-37・3F-38・3F-39・3F-40・3F-41
2026-10-20T14:30,統括,0,0,0,0,0,0,0,0,0,充足,
2026-10-20T15:00,1F,10,0,1,0,0,0,9,4,0,充足,1F-01・1F-02・1F-03・1F-04・1F-39・1F-40・1F-41・1F-42・1F-43
2026-10-20T15:00,2F,10,0,1,0,0,0,9,4,0,充足,2F-01・2F-02・2F-03・2F-15・2F-16・2F-26・2F-27・2F-28・2F-29
2026-10-20T15:00,3F,10,0,1,0,0,0,9,4,0,充足,3F-32・3F-33・3F-34・3F-35・3F-36・3F-38・3F-39・3F-40・3F-41
2026-10-20T15:00,統括,0,0,0,0,0,0,0,0,0,充足,
2026-10-20T15:30,1F,10,0,1,0,0,0,9,4,0,充足,1F-01・1F-02・1F-03・1F-04・1F-39・1F-40・1F-41・1F-42・1F-43
2026-10-20T15:30,2F,10,0,1,0,0,0,9,4,0,充足,2F-01・2F-02・2F-03・2F-15・2F-16・2F-26・2F-27・2F-28・2F-29
2026-10-20T15:30,3F,10,0,1,0,0,0,9,4,0,充足,3F-32・3F-33・3F-34・3F-35・3F-36・3F-38・3F-39・3F-40・3F-41
2026-10-20T15:30,統括,0,0,0,0,0,0,0,0,0,充足,
2026-10-20T16:00,1F,7,0,0,0,0,0,7,4,0,充足,1F-01・1F-02・1F-03・1F-04・1F-09・1F-10・1F-33
2026-10-20T16:00,2F,7,0,0,0,0,0,7,4,0,充足,2F-08・2F-09・2F-25・2F-26・2F-27・2F-28・2F-29
2026-10-20T16:00,3F,7,0,0,0,0,0,7,4,0,充足,3F-06・3F-07・3F-37・3F-38・3F-39・3F-40・3F-41
2026-10-20T16:00,統括,2,0,0,0,0,0,2,0,0,充足,1F-28・3F-03
2026-10-20T16:30,1F,7,2,0,0,0,0,5,4,0,充足,1F-01・1F-02・1F-03・1F-04・1F-33
2026-10-20T16:30,2F,7,2,0,0,0,0,5,4,0,充足,2F-25・2F-26・2F-27・2F-28・2F-29
2026-10-20T16:30,3F,7,0,0,0,0,0,7,4,0,充足,3F-06・3F-07・3F-37・3F-38・3F-39・3F-40・3F-41
2026-10-20T16:30,統括,2,0,0,0,0,0,2,0,0,充足,1F-28・3F-03
2026-10-20T17:00,1F,7,2,0,0,0,0,5,4,0,充足,1F-01・1F-02・1F-03・1F-04・1F-33
2026-10-20T17:00,2F,7,2,0,0,0,0,5,4,0,充足,2F-25・2F-26・2F-27・2F-28・2F-29
2026-10-20T17:00,3F,7,0,0,0,0,0,7,4,0,充足,3F-06・3F-07・3F-37・3F-38・3F-39・3F-40・3F-41
2026-10-20T17:00,統括,2,0,0,0,0,0,2,0,0,充足,1F-28・3F-03
2026-10-20T17:30,1F,7,0,0,0,0,0,7,4,0,充足,1F-01・1F-02・1F-03・1F-04・1F-09・1F-10・1F-33
2026-10-20T17:30,2F,7,0,0,0,0,0,7,4,0,充足,2F-08・2F-09・2F-25・2F-26・2F-27・2F-28・2F-29
2026-10-20T17:30,3F,7,2,0,0,0,0,5,4,0,充足,3F-37・3F-38・3F-39・3F-40・3F-41
2026-10-20T17:30,統括,2,2,0,0,0,0,0,0,0,充足,
2026-10-20T18:00,1F,7,0,0,0,0,0,7,4,0,充足,1F-01・1F-02・1F-03・1F-04・1F-09・1F-10・1F-33
2026-10-20T18:00,2F,7,0,0,0,0,0,7,4,0,充足,2F-08・2F-09・2F-25・2F-26・2F-27・2F-28・2F-29
2026-10-20T18:00,3F,7,2,0,0,0,0,5,4,0,充足,3F-37・3F-38・3F-39・3F-40・3F-41
2026-10-20T18:00,統括,2,2,0,0,0,0,0,0,0,充足,
2026-10-20T18:30,1F,7,0,0,0,0,0,7,4,0,充足,1F-01・1F-02・1F-03・1F-04・1F-09・1F-10・1F-33
2026-10-20T18:30,2F,7,0,0,0,0,0,7,4,0,充足,2F-08・2F-09・2F-25・2F-26・2F-27・2F-28・2F-29
2026-10-20T18:30,3F,7,0,0,0,0,0,7,4,0,充足,3F-06・3F-07・3F-37・3F-38・3F-39・3F-40・3F-41
2026-10-20T18:30,統括,2,0,0,0,0,0,2,0,0,充足,1F-28・3F-03
2026-10-20T19:00,1F,2,0,0,0,0,0,2,2,0,充足,1F-09・1F-10
2026-10-20T19:00,2F,2,0,0,0,0,0,2,2,0,充足,2F-08・2F-09
2026-10-20T19:00,3F,2,0,0,0,0,0,2,2,0,充足,3F-06・3F-07
2026-10-20T19:00,統括,2,0,0,0,0,0,2,1,0,充足,1F-28・3F-03
2026-10-20T19:30,1F,2,0,0,0,0,0,2,2,0,充足,1F-09・1F-10
2026-10-20T19:30,2F,2,0,0,0,0,0,2,2,0,充足,2F-08・2F-09
2026-10-20T19:30,3F,2,0,0,0,0,0,2,2,0,充足,3F-06・3F-07
2026-10-20T19:30,統括,2,0,0,0,0,0,2,1,0,充足,1F-28・3F-03
2026-10-20T20:00,1F,2,0,0,0,0,0,2,2,0,充足,1F-09・1F-10
2026-10-20T20:00,2F,2,0,0,0,0,0,2,2,0,充足,2F-08・2F-09
2026-10-20T20:00,3F,2,0,0,0,0,0,2,2,0,充足,3F-06・3F-07
2026-10-20T20:00,統括,2,0,0,0,0,0,2,1,0,充足,1F-28・3F-03
2026-10-20T20:30,1F,2,0,0,0,0,0,2,2,0,充足,1F-09・1F-10
2026-10-20T20:30,2F,2,0,0,0,0,0,2,2,0,充足,2F-08・2F-09
2026-10-20T20:30,3F,2,0,0,0,0,0,2,2,0,充足,3F-06・3F-07
2026-10-20T20:30,統括,2,0,0,0,0,0,2,1,0,充足,1F-28・3F-03
2026-10-20T21:00,1F,2,1,0,0,0,1,2,2,0,充足,1F-10・3F-03
2026-10-20T21:00,2F,2,0,0,0,0,0,2,2,0,充足,2F-08・2F-09
2026-10-20T21:00,3F,2,0,0,0,0,0,2,2,0,充足,3F-06・3F-07
2026-10-20T21:00,統括,2,0,0,0,1,0,1,1,0,充足,1F-28
2026-10-20T21:30,1F,2,1,0,0,0,1,2,2,0,充足,1F-10・3F-03
2026-10-20T21:30,2F,2,0,0,0,0,0,2,2,0,充足,2F-08・2F-09
2026-10-20T21:30,3F,2,0,0,0,0,0,2,2,0,充足,3F-06・3F-07
2026-10-20T21:30,統括,2,0,0,0,1,0,1,1,0,充足,1F-28
2026-10-20T22:00,1F,3,2,0,0,1,2,2,2,0,充足,1F-26・3F-03
2026-10-20T22:00,2F,2,0,0,0,0,0,2,2,0,充足,2F-08・2F-09
2026-10-20T22:00,3F,2,0,0,0,0,0,2,2,0,充足,3F-06・3F-07
2026-10-20T22:00,統括,2,0,0,0,1,0,1,1,0,充足,1F-28
2026-10-20T22:30,1F,3,2,0,0,1,2,2,2,0,充足,1F-26・3F-03
2026-10-20T22:30,2F,2,0,0,0,0,0,2,2,0,充足,2F-08・2F-09
2026-10-20T22:30,3F,2,0,0,0,0,0,2,2,0,充足,3F-06・3F-07
2026-10-20T22:30,統括,2,0,0,0,1,0,1,1,0,充足,1F-28
2026-10-20T23:00,1F,3,1,0,0,1,1,2,2,0,充足,1F-09・1F-26
2026-10-20T23:00,2F,2,1,0,0,0,1,2,2,0,充足,2F-09・3F-03
2026-10-20T23:00,3F,2,0,0,0,0,0,2,2,0,充足,3F-06・3F-07
2026-10-20T23:00,統括,2,0,0,0,1,0,1,1,0,充足,1F-28
2026-10-20T23:30,1F,3,1,0,0,1,1,2,2,0,充足,1F-09・1F-26
2026-10-20T23:30,2F,2,1,0,0,0,1,2,2,0,充足,2F-09・3F-03
2026-10-20T23:30,3F,2,0,0,0,0,0,2,2,0,充足,3F-06・3F-07
2026-10-20T23:30,統括,2,0,0,0,1,0,1,1,0,充足,1F-28
2026-10-21T00:00,1F,3,0,0,0,1,0,2,2,0,充足,1F-09・1F-10
2026-10-21T00:00,2F,2,2,0,0,0,2,2,2,0,充足,1F-26・3F-03
2026-10-21T00:00,3F,2,0,0,0,0,0,2,2,0,充足,3F-06・3F-07
2026-10-21T00:00,統括,2,0,0,0,1,0,1,1,0,充足,1F-28
2026-10-21T00:30,1F,3,0,0,0,1,0,2,2,0,充足,1F-09・1F-10
2026-10-21T00:30,2F,2,2,0,0,0,2,2,2,0,充足,1F-26・3F-03
2026-10-21T00:30,3F,2,0,0,0,0,0,2,2,0,充足,3F-06・3F-07
2026-10-21T00:30,統括,2,0,0,0,1,0,1,1,0,充足,1F-28
2026-10-21T01:00,1F,2,0,0,0,0,0,2,2,0,充足,1F-09・1F-10
2026-10-21T01:00,2F,3,1,0,0,1,1,2,2,0,充足,2F-08・2F-24
2026-10-21T01:00,3F,2,1,0,0,0,1,2,2,0,充足,3F-03・3F-07
2026-10-21T01:00,統括,2,0,0,0,1,0,1,1,0,充足,1F-28
2026-10-21T01:30,1F,2,0,0,0,0,0,2,2,0,充足,1F-09・1F-10
2026-10-21T01:30,2F,3,1,0,0,1,1,2,2,0,充足,2F-08・2F-24
2026-10-21T01:30,3F,2,1,0,0,0,1,2,2,0,充足,3F-03・3F-07
2026-10-21T01:30,統括,2,0,0,0,1,0,1,1,0,充足,1F-28
2026-10-21T02:00,1F,2,0,0,0,0,0,2,2,0,充足,1F-09・1F-10
2026-10-21T02:00,2F,3,0,0,0,1,0,2,2,0,充足,2F-08・2F-09
2026-10-21T02:00,3F,2,2,0,0,0,2,2,2,0,充足,2F-24・3F-03
2026-10-21T02:00,統括,2,0,0,0,1,0,1,1,0,充足,1F-28
2026-10-21T02:30,1F,2,0,0,0,0,0,2,2,0,充足,1F-09・1F-10
2026-10-21T02:30,2F,3,0,0,0,1,0,2,2,0,充足,2F-08・2F-09
2026-10-21T02:30,3F,2,2,0,0,0,2,2,2,0,充足,2F-24・3F-03
2026-10-21T02:30,統括,2,0,0,0,1,0,1,1,0,充足,1F-28
2026-10-21T03:00,1F,2,0,0,0,0,0,2,2,0,充足,1F-09・1F-10
2026-10-21T03:00,2F,3,0,0,0,1,0,2,2,0,充足,2F-08・2F-09
2026-10-21T03:00,3F,2,1,0,0,0,1,2,2,0,充足,2F-24・3F-06
2026-10-21T03:00,統括,2,1,0,0,0,0,1,1,0,充足,1F-28
2026-10-21T03:30,1F,2,0,0,0,0,0,2,2,0,充足,1F-09・1F-10
2026-10-21T03:30,2F,3,0,0,0,1,0,2,2,0,充足,2F-08・2F-09
2026-10-21T03:30,3F,2,1,0,0,0,1,2,2,0,充足,2F-24・3F-06
2026-10-21T03:30,統括,2,1,0,0,0,0,1,1,0,充足,1F-28
2026-10-21T04:00,1F,2,0,0,0,0,0,2,2,0,充足,1F-09・1F-10
2026-10-21T04:00,2F,2,0,0,0,0,0,2,2,0,充足,2F-08・2F-09
2026-10-21T04:00,3F,2,0,0,0,0,0,2,2,0,充足,3F-06・3F-07
2026-10-21T04:00,統括,2,1,0,0,0,0,1,1,0,充足,1F-28
2026-10-21T04:30,1F,2,0,0,0,0,0,2,2,0,充足,1F-09・1F-10
2026-10-21T04:30,2F,2,0,0,0,0,0,2,2,0,充足,2F-08・2F-09
2026-10-21T04:30,3F,2,0,0,0,0,0,2,2,0,充足,3F-06・3F-07
2026-10-21T04:30,統括,2,1,0,0,0,0,1,1,0,充足,1F-28
2026-10-21T05:00,1F,2,0,0,0,0,0,2,2,0,充足,1F-09・1F-10
2026-10-21T05:00,2F,2,0,0,0,0,0,2,2,0,充足,2F-08・2F-09
2026-10-21T05:00,3F,2,0,0,0,0,0,2,2,0,充足,3F-06・3F-07
2026-10-21T05:00,統括,2,1,0,0,0,0,1,1,0,充足,3F-03
2026-10-21T05:30,1F,2,0,0,0,0,0,2,2,0,充足,1F-09・1F-10
2026-10-21T05:30,2F,2,0,0,0,0,0,2,2,0,充足,2F-08・2F-09
2026-10-21T05:30,3F,2,0,0,0,0,0,2,2,0,充足,3F-06・3F-07
2026-10-21T05:30,統括,2,1,0,0,0,0,1,1,0,充足,3F-03
2026-10-21T06:00,1F,2,0,0,0,0,0,2,2,0,充足,1F-09・1F-10
2026-10-21T06:00,2F,2,0,0,0,0,0,2,2,0,充足,2F-08・2F-09
2026-10-21T06:00,3F,2,0,0,0,0,0,2,2,0,充足,3F-06・3F-07
2026-10-21T06:00,統括,2,1,0,0,0,0,1,1,0,充足,3F-03
2026-10-21T06:30,1F,2,0,0,0,0,0,2,2,0,充足,1F-09・1F-10
2026-10-21T06:30,2F,2,0,0,0,0,0,2,2,0,充足,2F-08・2F-09
2026-10-21T06:30,3F,2,0,0,0,0,0,2,2,0,充足,3F-06・3F-07
2026-10-21T06:30,統括,2,1,0,0,0,0,1,1,0,充足,3F-03
2026-10-21T07:00,1F,7,0,0,0,0,0,7,4,0,充足,1F-07・1F-09・1F-10・1F-15・1F-16・1F-34・1F-35
2026-10-21T07:00,2F,7,0,0,0,0,0,7,4,0,充足,2F-04・2F-07・2F-08・2F-09・2F-12・2F-13・2F-30
2026-10-21T07:00,3F,7,0,0,0,0,0,7,4,0,充足,3F-06・3F-07・3F-42・3F-43・3F-44・3F-45・3F-46
2026-10-21T07:00,統括,2,0,0,0,0,0,2,0,0,充足,1F-28・3F-03
2026-10-21T07:30,1F,7,0,0,0,0,0,7,4,0,充足,1F-07・1F-09・1F-10・1F-15・1F-16・1F-34・1F-35
2026-10-21T07:30,2F,7,0,0,0,0,0,7,4,0,充足,2F-04・2F-07・2F-08・2F-09・2F-12・2F-13・2F-30
2026-10-21T07:30,3F,7,0,0,0,0,0,7,4,0,充足,3F-06・3F-07・3F-42・3F-43・3F-44・3F-45・3F-46
2026-10-21T07:30,統括,2,0,0,0,0,0,2,0,0,充足,1F-28・3F-03
2026-10-21T08:00,1F,7,0,0,0,0,0,7,4,0,充足,1F-07・1F-09・1F-10・1F-15・1F-16・1F-34・1F-35
2026-10-21T08:00,2F,7,0,0,0,0,0,7,4,0,充足,2F-04・2F-07・2F-08・2F-09・2F-12・2F-13・2F-30
2026-10-21T08:00,3F,7,0,0,0,0,0,7,4,0,充足,3F-06・3F-07・3F-42・3F-43・3F-44・3F-45・3F-46
2026-10-21T08:00,統括,2,0,0,0,0,0,2,0,0,充足,1F-28・3F-03
2026-10-21T08:30,1F,8,0,0,0,0,0,8,4,0,充足,1F-07・1F-09・1F-10・1F-15・1F-16・1F-34・1F-35・1F-41
2026-10-21T08:30,2F,7,0,0,0,0,0,7,4,0,充足,2F-04・2F-07・2F-08・2F-09・2F-12・2F-13・2F-30
2026-10-21T08:30,3F,7,0,0,0,0,0,7,4,0,充足,3F-06・3F-07・3F-42・3F-43・3F-44・3F-45・3F-46
2026-10-21T08:30,統括,2,0,0,0,0,0,2,0,0,充足,1F-28・3F-03
2026-10-21T09:00,1F,6,0,0,0,0,0,6,4,0,充足,1F-07・1F-15・1F-16・1F-34・1F-35・1F-41
2026-10-21T09:00,2F,5,0,0,0,0,0,5,4,0,充足,2F-04・2F-07・2F-12・2F-13・2F-30
2026-10-21T09:00,3F,5,0,0,0,0,0,5,4,0,充足,3F-42・3F-43・3F-44・3F-45・3F-46
2026-10-21T09:00,統括,0,0,0,0,0,0,0,0,0,充足,
2026-10-21T09:30,1F,6,0,0,0,0,0,6,4,0,充足,1F-07・1F-15・1F-16・1F-34・1F-35・1F-41
2026-10-21T09:30,2F,5,0,0,0,0,0,5,4,0,充足,2F-04・2F-07・2F-12・2F-13・2F-30
2026-10-21T09:30,3F,5,0,0,0,0,0,5,4,0,充足,3F-42・3F-43・3F-44・3F-45・3F-46
2026-10-21T09:30,統括,0,0,0,0,0,0,0,0,0,充足,
2026-10-21T10:00,1F,11,0,1,0,0,0,10,4,0,充足,1F-15・1F-16・1F-34・1F-35・1F-36・1F-37・1F-38・1F-39・1F-40・1F-41
2026-10-21T10:00,2F,10,0,1,0,0,0,9,4,0,充足,2F-01・2F-02・2F-03・2F-04・2F-07・2F-12・2F-13・2F-14・2F-15
2026-10-21T10:00,3F,10,0,1,0,0,0,9,4,0,充足,3F-01・3F-02・3F-43・3F-44・3F-45・3F-46・3F-47・3F-48・3F-49
2026-10-21T10:00,統括,0,0,0,0,0,0,0,0,0,充足,
2026-10-21T10:30,1F,11,0,1,0,0,0,10,4,0,充足,1F-15・1F-16・1F-34・1F-35・1F-36・1F-37・1F-38・1F-39・1F-40・1F-41
2026-10-21T10:30,2F,10,0,1,0,0,0,9,4,0,充足,2F-01・2F-02・2F-03・2F-04・2F-07・2F-12・2F-13・2F-14・2F-15
2026-10-21T10:30,3F,10,0,1,0,0,0,9,4,0,充足,3F-01・3F-02・3F-43・3F-44・3F-45・3F-46・3F-47・3F-48・3F-49
2026-10-21T10:30,統括,0,0,0,0,0,0,0,0,0,充足,
2026-10-21T11:00,1F,11,5,0,0,0,0,6,4,0,充足,1F-36・1F-37・1F-38・1F-39・1F-40・1F-41
2026-10-21T11:00,2F,10,5,0,0,0,0,5,4,0,充足,2F-01・2F-02・2F-03・2F-14・2F-15
2026-10-21T11:00,3F,10,5,0,0,0,0,5,4,0,充足,3F-01・3F-02・3F-47・3F-48・3F-49
2026-10-21T11:00,統括,0,0,0,0,0,0,0,0,0,充足,
2026-10-21T11:30,1F,11,5,0,0,0,0,6,4,0,充足,1F-36・1F-37・1F-38・1F-39・1F-40・1F-41
2026-10-21T11:30,2F,10,5,0,0,0,0,5,4,0,充足,2F-01・2F-02・2F-03・2F-14・2F-15
2026-10-21T11:30,3F,10,5,0,0,0,0,5,4,0,充足,3F-01・3F-02・3F-47・3F-48・3F-49
2026-10-21T11:30,統括,0,0,0,0,0,0,0,0,0,充足,
2026-10-21T12:00,1F,11,1,0,0,0,0,10,4,0,充足,1F-07・1F-15・1F-16・1F-34・1F-35・1F-36・1F-37・1F-38・1F-39・1F-40
2026-10-21T12:00,2F,10,0,0,0,0,0,10,4,0,充足,2F-01・2F-02・2F-03・2F-04・2F-07・2F-12・2F-13・2F-14・2F-15・2F-30
2026-10-21T12:00,3F,10,0,0,0,0,0,10,4,0,充足,3F-01・3F-02・3F-42・3F-43・3F-44・3F-45・3F-46・3F-47・3F-48・3F-49
2026-10-21T12:00,統括,0,0,0,0,0,0,0,0,0,充足,
2026-10-21T12:30,1F,11,1,0,0,0,0,10,4,0,充足,1F-07・1F-15・1F-16・1F-34・1F-35・1F-36・1F-37・1F-38・1F-39・1F-40
2026-10-21T12:30,2F,10,0,0,0,0,0,10,4,0,充足,2F-01・2F-02・2F-03・2F-04・2F-07・2F-12・2F-13・2F-14・2F-15・2F-30
2026-10-21T12:30,3F,10,0,0,0,0,0,10,4,0,充足,3F-01・3F-02・3F-42・3F-43・3F-44・3F-45・3F-46・3F-47・3F-48・3F-49
2026-10-21T12:30,統括,0,0,0,0,0,0,0,0,0,充足,
2026-10-21T13:00,1F,11,5,0,0,0,0,6,4,0,充足,1F-07・1F-15・1F-16・1F-34・1F-35・1F-41
2026-10-21T13:00,2F,10,5,0,0,0,0,5,4,0,充足,2F-04・2F-07・2F-12・2F-13・2F-30
2026-10-21T13:00,3F,10,5,0,0,0,0,5,4,0,充足,3F-42・3F-43・3F-44・3F-45・3F-46
2026-10-21T13:00,統括,0,0,0,0,0,0,0,0,0,充足,
2026-10-21T13:30,1F,11,5,0,0,0,0,6,4,0,充足,1F-07・1F-15・1F-16・1F-34・1F-35・1F-41
2026-10-21T13:30,2F,10,5,0,0,0,0,5,4,0,充足,2F-04・2F-07・2F-12・2F-13・2F-30
2026-10-21T13:30,3F,10,5,0,0,0,0,5,4,0,充足,3F-42・3F-43・3F-44・3F-45・3F-46
2026-10-21T13:30,統括,0,0,0,0,0,0,0,0,0,充足,
2026-10-21T14:00,1F,11,0,0,0,0,0,11,4,0,充足,1F-07・1F-15・1F-16・1F-34・1F-35・1F-36・1F-37・1F-38・1F-39・1F-40・1F-41
2026-10-21T14:00,2F,10,0,0,0,0,0,10,4,0,充足,2F-01・2F-02・2F-03・2F-04・2F-07・2F-12・2F-13・2F-14・2F-15・2F-30
2026-10-21T14:00,3F,10,0,0,0,0,0,10,4,0,充足,3F-01・3F-02・3F-42・3F-43・3F-44・3F-45・3F-46・3F-47・3F-48・3F-49
2026-10-21T14:00,統括,0,0,0,0,0,0,0,0,0,充足,
2026-10-21T14:30,1F,11,0,0,0,0,0,11,4,0,充足,1F-07・1F-15・1F-16・1F-34・1F-35・1F-36・1F-37・1F-38・1F-39・1F-40・1F-41
2026-10-21T14:30,2F,10,0,0,0,0,0,10,4,0,充足,2F-01・2F-02・2F-03・2F-04・2F-07・2F-12・2F-13・2F-14・2F-15・2F-30
2026-10-21T14:30,3F,10,0,0,0,0,0,10,4,0,充足,3F-01・3F-02・3F-42・3F-43・3F-44・3F-45・3F-46・3F-47・3F-48・3F-49
2026-10-21T14:30,統括,0,0,0,0,0,0,0,0,0,充足,
2026-10-21T15:00,1F,11,0,1,0,0,0,10,4,0,充足,1F-07・1F-15・1F-16・1F-34・1F-35・1F-37・1F-38・1F-39・1F-40・1F-41
2026-10-21T15:00,2F,10,0,1,0,0,0,9,4,0,充足,2F-01・2F-02・2F-03・2F-04・2F-07・2F-12・2F-13・2F-15・2F-30
2026-10-21T15:00,3F,10,0,1,0,0,0,9,4,0,充足,3F-01・3F-02・3F-42・3F-43・3F-44・3F-45・3F-46・3F-48・3F-49
2026-10-21T15:00,統括,0,0,0,0,0,0,0,0,0,充足,
2026-10-21T15:30,1F,11,0,1,0,0,0,10,4,0,充足,1F-07・1F-15・1F-16・1F-34・1F-35・1F-37・1F-38・1F-39・1F-40・1F-41
2026-10-21T15:30,2F,10,0,1,0,0,0,9,4,0,充足,2F-01・2F-02・2F-03・2F-04・2F-07・2F-12・2F-13・2F-15・2F-30
2026-10-21T15:30,3F,10,0,1,0,0,0,9,4,0,充足,3F-01・3F-02・3F-42・3F-43・3F-44・3F-45・3F-46・3F-48・3F-49
2026-10-21T15:30,統括,0,0,0,0,0,0,0,0,0,充足,
2026-10-21T16:00,1F,8,0,0,0,0,0,8,4,0,充足,1F-11・1F-12・1F-36・1F-37・1F-38・1F-39・1F-40・1F-41
2026-10-21T16:00,2F,7,0,0,0,0,0,7,4,0,充足,2F-01・2F-02・2F-03・2F-10・2F-11・2F-14・2F-15
2026-10-21T16:00,3F,7,0,0,0,0,0,7,4,0,充足,3F-01・3F-02・3F-08・3F-09・3F-47・3F-48・3F-49
2026-10-21T16:00,統括,2,0,0,0,0,0,2,0,0,充足,1F-25・1F-27
2026-10-21T16:30,1F,8,2,0,0,0,0,6,4,0,充足,1F-36・1F-37・1F-38・1F-39・1F-40・1F-41
2026-10-21T16:30,2F,7,2,0,0,0,0,5,4,0,充足,2F-01・2F-02・2F-03・2F-14・2F-15
2026-10-21T16:30,3F,7,0,0,0,0,0,7,4,0,充足,3F-01・3F-02・3F-08・3F-09・3F-47・3F-48・3F-49
2026-10-21T16:30,統括,2,0,0,0,0,0,2,0,0,充足,1F-25・1F-27
2026-10-21T17:00,1F,8,2,0,0,0,0,6,4,0,充足,1F-36・1F-37・1F-38・1F-39・1F-40・1F-41
2026-10-21T17:00,2F,7,2,0,0,0,0,5,4,0,充足,2F-01・2F-02・2F-03・2F-14・2F-15
2026-10-21T17:00,3F,7,0,0,0,0,0,7,4,0,充足,3F-01・3F-02・3F-08・3F-09・3F-47・3F-48・3F-49
2026-10-21T17:00,統括,2,0,0,0,0,0,2,0,0,充足,1F-25・1F-27
2026-10-21T17:30,1F,7,0,0,0,0,0,7,4,0,充足,1F-11・1F-12・1F-36・1F-37・1F-38・1F-39・1F-40
2026-10-21T17:30,2F,7,0,0,0,0,0,7,4,0,充足,2F-01・2F-02・2F-03・2F-10・2F-11・2F-14・2F-15
2026-10-21T17:30,3F,7,2,0,0,0,0,5,4,0,充足,3F-01・3F-02・3F-47・3F-48・3F-49
2026-10-21T17:30,統括,2,2,0,0,0,0,0,0,0,充足,
2026-10-21T18:00,1F,7,0,0,0,0,0,7,4,0,充足,1F-11・1F-12・1F-36・1F-37・1F-38・1F-39・1F-40
2026-10-21T18:00,2F,7,0,0,0,0,0,7,4,0,充足,2F-01・2F-02・2F-03・2F-10・2F-11・2F-14・2F-15
2026-10-21T18:00,3F,7,2,0,0,0,0,5,4,0,充足,3F-01・3F-02・3F-47・3F-48・3F-49
2026-10-21T18:00,統括,2,2,0,0,0,0,0,0,0,充足,
2026-10-21T18:30,1F,7,0,0,0,0,0,7,4,0,充足,1F-11・1F-12・1F-36・1F-37・1F-38・1F-39・1F-40
2026-10-21T18:30,2F,7,0,0,0,0,0,7,4,0,充足,2F-01・2F-02・2F-03・2F-10・2F-11・2F-14・2F-15
2026-10-21T18:30,3F,7,0,0,0,0,0,7,4,0,充足,3F-01・3F-02・3F-08・3F-09・3F-47・3F-48・3F-49
2026-10-21T18:30,統括,2,0,0,0,0,0,2,0,0,充足,1F-25・1F-27
2026-10-21T19:00,1F,2,0,0,0,0,0,2,2,0,充足,1F-11・1F-12
2026-10-21T19:00,2F,2,0,0,0,0,0,2,2,0,充足,2F-10・2F-11
2026-10-21T19:00,3F,2,0,0,0,0,0,2,2,0,充足,3F-08・3F-09
2026-10-21T19:00,統括,2,0,0,0,0,0,2,1,0,充足,1F-25・1F-27
2026-10-21T19:30,1F,2,0,0,0,0,0,2,2,0,充足,1F-11・1F-12
2026-10-21T19:30,2F,2,0,0,0,0,0,2,2,0,充足,2F-10・2F-11
2026-10-21T19:30,3F,2,0,0,0,0,0,2,2,0,充足,3F-08・3F-09
2026-10-21T19:30,統括,2,0,0,0,0,0,2,1,0,充足,1F-25・1F-27
2026-10-21T20:00,1F,2,0,0,0,0,0,2,2,0,充足,1F-11・1F-12
2026-10-21T20:00,2F,2,0,0,0,0,0,2,2,0,充足,2F-10・2F-11
2026-10-21T20:00,3F,2,0,0,0,0,0,2,2,0,充足,3F-08・3F-09
2026-10-21T20:00,統括,2,0,0,0,0,0,2,1,0,充足,1F-25・1F-27
2026-10-21T20:30,1F,2,0,0,0,0,0,2,2,0,充足,1F-11・1F-12
2026-10-21T20:30,2F,2,0,0,0,0,0,2,2,0,充足,2F-10・2F-11
2026-10-21T20:30,3F,2,0,0,0,0,0,2,2,0,充足,3F-08・3F-09
2026-10-21T20:30,統括,2,0,0,0,0,0,2,1,0,充足,1F-25・1F-27
2026-10-21T21:00,1F,2,1,0,0,0,1,2,2,0,充足,1F-12・1F-25
2026-10-21T21:00,2F,2,0,0,0,0,0,2,2,0,充足,2F-10・2F-11
2026-10-21T21:00,3F,2,0,0,0,0,0,2,2,0,充足,3F-08・3F-09
2026-10-21T21:00,統括,2,0,0,0,1,0,1,1,0,充足,1F-27
2026-10-21T21:30,1F,2,1,0,0,0,1,2,2,0,充足,1F-12・1F-25
2026-10-21T21:30,2F,2,0,0,0,0,0,2,2,0,充足,2F-10・2F-11
2026-10-21T21:30,3F,2,0,0,0,0,0,2,2,0,充足,3F-08・3F-09
2026-10-21T21:30,統括,2,0,0,0,1,0,1,1,0,充足,1F-27
2026-10-21T22:00,1F,3,2,0,0,1,2,2,2,0,充足,1F-23・1F-25
2026-10-21T22:00,2F,2,0,0,0,0,0,2,2,0,充足,2F-10・2F-11
2026-10-21T22:00,3F,2,0,0,0,0,0,2,2,0,充足,3F-08・3F-09
2026-10-21T22:00,統括,2,0,0,0,1,0,1,1,0,充足,1F-27
2026-10-21T22:30,1F,3,2,0,0,1,2,2,2,0,充足,1F-23・1F-25
2026-10-21T22:30,2F,2,0,0,0,0,0,2,2,0,充足,2F-10・2F-11
2026-10-21T22:30,3F,2,0,0,0,0,0,2,2,0,充足,3F-08・3F-09
2026-10-21T22:30,統括,2,0,0,0,1,0,1,1,0,充足,1F-27
2026-10-21T23:00,1F,3,1,0,0,1,1,2,2,0,充足,1F-11・1F-23
2026-10-21T23:00,2F,2,1,0,0,0,1,2,2,0,充足,1F-25・2F-11
2026-10-21T23:00,3F,2,0,0,0,0,0,2,2,0,充足,3F-08・3F-09
2026-10-21T23:00,統括,2,0,0,0,1,0,1,1,0,充足,1F-27
2026-10-21T23:30,1F,3,1,0,0,1,1,2,2,0,充足,1F-11・1F-23
2026-10-21T23:30,2F,2,1,0,0,0,1,2,2,0,充足,1F-25・2F-11
2026-10-21T23:30,3F,2,0,0,0,0,0,2,2,0,充足,3F-08・3F-09
2026-10-21T23:30,統括,2,0,0,0,1,0,1,1,0,充足,1F-27
2026-10-22T00:00,1F,3,0,0,0,1,0,2,2,0,充足,1F-11・1F-12
2026-10-22T00:00,2F,2,2,0,0,0,2,2,2,0,充足,1F-23・1F-25
2026-10-22T00:00,3F,2,0,0,0,0,0,2,2,0,充足,3F-08・3F-09
2026-10-22T00:00,統括,2,0,0,0,1,0,1,1,0,充足,1F-27
2026-10-22T00:30,1F,3,0,0,0,1,0,2,2,0,充足,1F-11・1F-12
2026-10-22T00:30,2F,2,2,0,0,0,2,2,2,0,充足,1F-23・1F-25
2026-10-22T00:30,3F,2,0,0,0,0,0,2,2,0,充足,3F-08・3F-09
2026-10-22T00:30,統括,2,0,0,0,1,0,1,1,0,充足,1F-27
2026-10-22T01:00,1F,2,0,0,0,0,0,2,2,0,充足,1F-11・1F-12
2026-10-22T01:00,2F,3,1,0,0,1,1,2,2,0,充足,1F-24・2F-10
2026-10-22T01:00,3F,2,1,0,0,0,1,2,2,0,充足,1F-25・3F-09
2026-10-22T01:00,統括,2,0,0,0,1,0,1,1,0,充足,1F-27
2026-10-22T01:30,1F,2,0,0,0,0,0,2,2,0,充足,1F-11・1F-12
2026-10-22T01:30,2F,3,1,0,0,1,1,2,2,0,充足,1F-24・2F-10
2026-10-22T01:30,3F,2,1,0,0,0,1,2,2,0,充足,1F-25・3F-09
2026-10-22T01:30,統括,2,0,0,0,1,0,1,1,0,充足,1F-27
2026-10-22T02:00,1F,2,0,0,0,0,0,2,2,0,充足,1F-11・1F-12
2026-10-22T02:00,2F,3,0,0,0,1,0,2,2,0,充足,2F-10・2F-11
2026-10-22T02:00,3F,2,2,0,0,0,2,2,2,0,充足,1F-24・1F-25
2026-10-22T02:00,統括,2,0,0,0,1,0,1,1,0,充足,1F-27
2026-10-22T02:30,1F,2,0,0,0,0,0,2,2,0,充足,1F-11・1F-12
2026-10-22T02:30,2F,3,0,0,0,1,0,2,2,0,充足,2F-10・2F-11
2026-10-22T02:30,3F,2,2,0,0,0,2,2,2,0,充足,1F-24・1F-25
2026-10-22T02:30,統括,2,0,0,0,1,0,1,1,0,充足,1F-27
2026-10-22T03:00,1F,2,0,0,0,0,0,2,2,0,充足,1F-11・1F-12
2026-10-22T03:00,2F,3,0,0,0,1,0,2,2,0,充足,2F-10・2F-11
2026-10-22T03:00,3F,2,1,0,0,0,1,2,2,0,充足,1F-24・3F-08
2026-10-22T03:00,統括,2,1,0,0,0,0,1,1,0,充足,1F-27
2026-10-22T03:30,1F,2,0,0,0,0,0,2,2,0,充足,1F-11・1F-12
2026-10-22T03:30,2F,3,0,0,0,1,0,2,2,0,充足,2F-10・2F-11
2026-10-22T03:30,3F,2,1,0,0,0,1,2,2,0,充足,1F-24・3F-08
2026-10-22T03:30,統括,2,1,0,0,0,0,1,1,0,充足,1F-27
2026-10-22T04:00,1F,2,0,0,0,0,0,2,2,0,充足,1F-11・1F-12
2026-10-22T04:00,2F,2,0,0,0,0,0,2,2,0,充足,2F-10・2F-11
2026-10-22T04:00,3F,2,0,0,0,0,0,2,2,0,充足,3F-08・3F-09
2026-10-22T04:00,統括,2,1,0,0,0,0,1,1,0,充足,1F-27
2026-10-22T04:30,1F,2,0,0,0,0,0,2,2,0,充足,1F-11・1F-12
2026-10-22T04:30,2F,2,0,0,0,0,0,2,2,0,充足,2F-10・2F-11
2026-10-22T04:30,3F,2,0,0,0,0,0,2,2,0,充足,3F-08・3F-09
2026-10-22T04:30,統括,2,1,0,0,0,0,1,1,0,充足,1F-27
2026-10-22T05:00,1F,2,0,0,0,0,0,2,2,0,充足,1F-11・1F-12
2026-10-22T05:00,2F,2,0,0,0,0,0,2,2,0,充足,2F-10・2F-11
2026-10-22T05:00,3F,2,0,0,0,0,0,2,2,0,充足,3F-08・3F-09
2026-10-22T05:00,統括,2,1,0,0,0,0,1,1,0,充足,1F-25
2026-10-22T05:30,1F,2,0,0,0,0,0,2,2,0,充足,1F-11・1F-12
2026-10-22T05:30,2F,2,0,0,0,0,0,2,2,0,充足,2F-10・2F-11
2026-10-22T05:30,3F,2,0,0,0,0,0,2,2,0,充足,3F-08・3F-09
2026-10-22T05:30,統括,2,1,0,0,0,0,1,1,0,充足,1F-25
2026-10-22T06:00,1F,2,0,0,0,0,0,2,2,0,充足,1F-11・1F-12
2026-10-22T06:00,2F,2,0,0,0,0,0,2,2,0,充足,2F-10・2F-11
2026-10-22T06:00,3F,2,0,0,0,0,0,2,2,0,充足,3F-08・3F-09
2026-10-22T06:00,統括,2,1,0,0,0,0,1,1,0,充足,1F-25
2026-10-22T06:30,1F,2,0,0,0,0,0,2,2,0,充足,1F-11・1F-12
2026-10-22T06:30,2F,2,0,0,0,0,0,2,2,0,充足,2F-10・2F-11
2026-10-22T06:30,3F,2,0,0,0,0,0,2,2,0,充足,3F-08・3F-09
2026-10-22T06:30,統括,2,1,0,0,0,0,1,1,0,充足,1F-25
2026-10-22T07:00,1F,7,0,0,0,0,0,7,4,0,充足,1F-05・1F-08・1F-09・1F-11・1F-12・1F-42・1F-43
2026-10-22T07:00,2F,8,0,0,0,0,0,8,4,0,充足,2F-10・2F-11・2F-16・2F-19・2F-25・2F-26・2F-27・2F-28
2026-10-22T07:00,3F,7,0,0,0,0,0,7,4,0,充足,3F-08・3F-09・3F-15・3F-16・3F-25・3F-26・3F-27
2026-10-22T07:00,統括,2,0,0,0,0,0,2,0,0,充足,1F-25・1F-27
2026-10-22T07:30,1F,7,0,0,0,0,0,7,4,0,充足,1F-05・1F-08・1F-09・1F-11・1F-12・1F-42・1F-43
2026-10-22T07:30,2F,8,0,0,0,0,0,8,4,0,充足,2F-10・2F-11・2F-16・2F-19・2F-25・2F-26・2F-27・2F-28
2026-10-22T07:30,3F,7,0,0,0,0,0,7,4,0,充足,3F-08・3F-09・3F-15・3F-16・3F-25・3F-26・3F-27
2026-10-22T07:30,統括,2,0,0,0,0,0,2,0,0,充足,1F-25・1F-27
2026-10-22T08:00,1F,7,0,0,0,0,0,7,4,0,充足,1F-05・1F-08・1F-09・1F-11・1F-12・1F-42・1F-43
2026-10-22T08:00,2F,8,0,0,0,0,0,8,4,0,充足,2F-10・2F-11・2F-16・2F-19・2F-25・2F-26・2F-27・2F-28
2026-10-22T08:00,3F,7,0,0,0,0,0,7,4,0,充足,3F-08・3F-09・3F-15・3F-16・3F-25・3F-26・3F-27
2026-10-22T08:00,統括,2,0,0,0,0,0,2,0,0,充足,1F-25・1F-27
2026-10-22T08:30,1F,7,0,0,0,0,0,7,4,0,充足,1F-05・1F-08・1F-09・1F-11・1F-12・1F-42・1F-43
2026-10-22T08:30,2F,8,0,0,0,0,0,8,4,0,充足,2F-10・2F-11・2F-16・2F-19・2F-25・2F-26・2F-27・2F-28
2026-10-22T08:30,3F,7,0,0,0,0,0,7,4,0,充足,3F-08・3F-09・3F-15・3F-16・3F-25・3F-26・3F-27
2026-10-22T08:30,統括,2,0,0,0,0,0,2,0,0,充足,1F-25・1F-27
2026-10-22T09:00,1F,5,0,0,0,0,0,5,4,0,充足,1F-05・1F-08・1F-09・1F-42・1F-43
2026-10-22T09:00,2F,6,0,0,0,0,0,6,4,0,充足,2F-16・2F-19・2F-25・2F-26・2F-27・2F-28
2026-10-22T09:00,3F,5,0,0,0,0,0,5,4,0,充足,3F-15・3F-16・3F-25・3F-26・3F-27
2026-10-22T09:00,統括,0,0,0,0,0,0,0,0,0,充足,
2026-10-22T09:30,1F,5,0,0,0,0,0,5,4,0,充足,1F-05・1F-08・1F-09・1F-42・1F-43
2026-10-22T09:30,2F,6,0,0,0,0,0,6,4,0,充足,2F-16・2F-19・2F-25・2F-26・2F-27・2F-28
2026-10-22T09:30,3F,5,0,0,0,0,0,5,4,0,充足,3F-15・3F-16・3F-25・3F-26・3F-27
2026-10-22T09:30,統括,0,0,0,0,0,0,0,0,0,充足,
2026-10-22T10:00,1F,10,0,1,0,0,0,9,4,0,充足,1F-01・1F-02・1F-05・1F-08・1F-09・1F-10・1F-32・1F-33・1F-43
2026-10-22T10:00,2F,11,0,1,0,0,0,10,4,0,充足,2F-04・2F-05・2F-06・2F-19・2F-25・2F-26・2F-27・2F-28・2F-29・2F-30
2026-10-22T10:00,3F,10,0,1,0,0,0,9,4,0,充足,3F-16・3F-25・3F-26・3F-27・3F-28・3F-29・3F-30・3F-31・3F-32
2026-10-22T10:00,統括,0,0,0,0,0,0,0,0,0,充足,
2026-10-22T10:30,1F,10,0,1,0,0,0,9,4,0,充足,1F-01・1F-02・1F-05・1F-08・1F-09・1F-10・1F-32・1F-33・1F-43
2026-10-22T10:30,2F,11,0,1,0,0,0,10,4,0,充足,2F-04・2F-05・2F-06・2F-19・2F-25・2F-26・2F-27・2F-28・2F-29・2F-30
2026-10-22T10:30,3F,10,0,1,0,0,0,9,4,0,充足,3F-16・3F-25・3F-26・3F-27・3F-28・3F-29・3F-30・3F-31・3F-32
2026-10-22T10:30,統括,0,0,0,0,0,0,0,0,0,充足,
2026-10-22T11:00,1F,10,5,0,0,0,0,5,4,0,充足,1F-01・1F-02・1F-10・1F-32・1F-33
2026-10-22T11:00,2F,11,5,0,0,0,0,6,4,0,充足,2F-04・2F-05・2F-06・2F-19・2F-29・2F-30
2026-10-22T11:00,3F,10,5,0,0,0,0,5,4,0,充足,3F-28・3F-29・3F-30・3F-31・3F-32
2026-10-22T11:00,統括,0,0,0,0,0,0,0,0,0,充足,
2026-10-22T11:30,1F,10,5,0,0,0,0,5,4,0,充足,1F-01・1F-02・1F-10・1F-32・1F-33
2026-10-22T11:30,2F,11,5,0,0,0,0,6,4,0,充足,2F-04・2F-05・2F-06・2F-19・2F-29・2F-30
2026-10-22T11:30,3F,10,5,0,0,0,0,5,4,0,充足,3F-28・3F-29・3F-30・3F-31・3F-32
2026-10-22T11:30,統括,0,0,0,0,0,0,0,0,0,充足,
2026-10-22T12:00,1F,10,0,0,0,0,0,10,4,0,充足,1F-01・1F-02・1F-05・1F-08・1F-09・1F-10・1F-32・1F-33・1F-42・1F-43
2026-10-22T12:00,2F,10,0,0,0,0,0,10,4,0,充足,2F-04・2F-05・2F-06・2F-16・2F-25・2F-26・2F-27・2F-28・2F-29・2F-30
2026-10-22T12:00,3F,10,0,0,0,0,0,10,4,0,充足,3F-15・3F-16・3F-25・3F-26・3F-27・3F-28・3F-29・3F-30・3F-31・3F-32
2026-10-22T12:00,統括,0,0,0,0,0,0,0,0,0,充足,
2026-10-22T12:30,1F,10,0,0,0,0,0,10,4,0,充足,1F-01・1F-02・1F-05・1F-08・1F-09・1F-10・1F-32・1F-33・1F-42・1F-43
2026-10-22T12:30,2F,10,0,0,0,0,0,10,4,0,充足,2F-04・2F-05・2F-06・2F-16・2F-25・2F-26・2F-27・2F-28・2F-29・2F-30
2026-10-22T12:30,3F,10,0,0,0,0,0,10,4,0,充足,3F-15・3F-16・3F-25・3F-26・3F-27・3F-28・3F-29・3F-30・3F-31・3F-32
2026-10-22T12:30,統括,0,0,0,0,0,0,0,0,0,充足,
2026-10-22T13:00,1F,10,5,0,0,0,0,5,4,0,充足,1F-05・1F-08・1F-09・1F-42・1F-43
2026-10-22T13:00,2F,10,5,0,0,0,0,5,4,0,充足,2F-16・2F-25・2F-26・2F-27・2F-28
2026-10-22T13:00,3F,10,5,0,0,0,0,5,4,0,充足,3F-15・3F-16・3F-25・3F-26・3F-27
2026-10-22T13:00,統括,0,0,0,0,0,0,0,0,0,充足,
2026-10-22T13:30,1F,10,5,0,0,0,0,5,4,0,充足,1F-05・1F-08・1F-09・1F-42・1F-43
2026-10-22T13:30,2F,10,5,0,0,0,0,5,4,0,充足,2F-16・2F-25・2F-26・2F-27・2F-28
2026-10-22T13:30,3F,10,5,0,0,0,0,5,4,0,充足,3F-15・3F-16・3F-25・3F-26・3F-27
2026-10-22T13:30,統括,0,0,0,0,0,0,0,0,0,充足,
2026-10-22T14:00,1F,10,0,0,0,0,0,10,4,0,充足,1F-01・1F-02・1F-05・1F-08・1F-09・1F-10・1F-32・1F-33・1F-42・1F-43
2026-10-22T14:00,2F,10,0,0,0,0,0,10,4,0,充足,2F-04・2F-05・2F-06・2F-16・2F-25・2F-26・2F-27・2F-28・2F-29・2F-30
2026-10-22T14:00,3F,10,0,0,0,0,0,10,4,0,充足,3F-15・3F-16・3F-25・3F-26・3F-27・3F-28・3F-29・3F-30・3F-31・3F-32
2026-10-22T14:00,統括,0,0,0,0,0,0,0,0,0,充足,
2026-10-22T14:30,1F,10,0,0,0,0,0,10,4,0,充足,1F-01・1F-02・1F-05・1F-08・1F-09・1F-10・1F-32・1F-33・1F-42・1F-43
2026-10-22T14:30,2F,10,0,0,0,0,0,10,4,0,充足,2F-04・2F-05・2F-06・2F-16・2F-25・2F-26・2F-27・2F-28・2F-29・2F-30
2026-10-22T14:30,3F,10,0,0,0,0,0,10,4,0,充足,3F-15・3F-16・3F-25・3F-26・3F-27・3F-28・3F-29・3F-30・3F-31・3F-32
2026-10-22T14:30,統括,0,0,0,0,0,0,0,0,0,充足,
2026-10-22T15:00,1F,10,0,1,0,0,0,9,4,0,充足,1F-01・1F-02・1F-05・1F-08・1F-09・1F-32・1F-33・1F-42・1F-43
2026-10-22T15:00,2F,10,0,1,0,0,0,9,4,0,充足,2F-04・2F-05・2F-06・2F-16・2F-25・2F-26・2F-27・2F-28・2F-30
2026-10-22T15:00,3F,10,0,1,0,0,0,9,4,0,充足,3F-15・3F-16・3F-25・3F-26・3F-27・3F-29・3F-30・3F-31・3F-32
2026-10-22T15:00,統括,0,0,0,0,0,0,0,0,0,充足,
2026-10-22T15:30,1F,10,0,1,0,0,0,9,4,0,充足,1F-01・1F-02・1F-05・1F-08・1F-09・1F-32・1F-33・1F-42・1F-43
2026-10-22T15:30,2F,10,0,1,0,0,0,9,4,0,充足,2F-04・2F-05・2F-06・2F-16・2F-25・2F-26・2F-27・2F-28・2F-30
2026-10-22T15:30,3F,10,0,1,0,0,0,9,4,0,充足,3F-15・3F-16・3F-25・3F-26・3F-27・3F-29・3F-30・3F-31・3F-32
2026-10-22T15:30,統括,0,0,0,0,0,0,0,0,0,充足,
2026-10-22T16:00,1F,7,0,0,0,0,0,7,4,0,充足,1F-01・1F-02・1F-10・1F-13・1F-14・1F-32・1F-33
2026-10-22T16:00,2F,7,0,0,0,0,0,7,4,0,充足,2F-04・2F-05・2F-06・2F-12・2F-13・2F-29・2F-30
2026-10-22T16:00,3F,7,0,0,0,0,0,7,4,0,充足,3F-10・3F-11・3F-28・3F-29・3F-30・3F-31・3F-32
2026-10-22T16:00,統括,2,0,0,0,0,0,2,0,0,充足,1F-28・1F-29
2026-10-22T16:30,1F,7,2,0,0,0,0,5,4,0,充足,1F-01・1F-02・1F-10・1F-32・1F-33
2026-10-22T16:30,2F,7,2,0,0,0,0,5,4,0,充足,2F-04・2F-05・2F-06・2F-29・2F-30
2026-10-22T16:30,3F,7,0,0,0,0,0,7,4,0,充足,3F-10・3F-11・3F-28・3F-29・3F-30・3F-31・3F-32
2026-10-22T16:30,統括,2,0,0,0,0,0,2,0,0,充足,1F-28・1F-29
2026-10-22T17:00,1F,7,2,0,0,0,0,5,4,0,充足,1F-01・1F-02・1F-10・1F-32・1F-33
2026-10-22T17:00,2F,7,2,0,0,0,0,5,4,0,充足,2F-04・2F-05・2F-06・2F-29・2F-30
2026-10-22T17:00,3F,7,0,0,0,0,0,7,4,0,充足,3F-10・3F-11・3F-28・3F-29・3F-30・3F-31・3F-32
2026-10-22T17:00,統括,2,0,0,0,0,0,2,0,0,充足,1F-28・1F-29
2026-10-22T17:30,1F,7,0,0,0,0,0,7,4,0,充足,1F-01・1F-02・1F-10・1F-13・1F-14・1F-32・1F-33
2026-10-22T17:30,2F,7,0,0,0,0,0,7,4,0,充足,2F-04・2F-05・2F-06・2F-12・2F-13・2F-29・2F-30
2026-10-22T17:30,3F,7,2,0,0,0,0,5,4,0,充足,3F-28・3F-29・3F-30・3F-31・3F-32
2026-10-22T17:30,統括,2,2,0,0,0,0,0,0,0,充足,
2026-10-22T18:00,1F,7,0,0,0,0,0,7,4,0,充足,1F-01・1F-02・1F-10・1F-13・1F-14・1F-32・1F-33
2026-10-22T18:00,2F,7,0,0,0,0,0,7,4,0,充足,2F-04・2F-05・2F-06・2F-12・2F-13・2F-29・2F-30
2026-10-22T18:00,3F,7,2,0,0,0,0,5,4,0,充足,3F-28・3F-29・3F-30・3F-31・3F-32
2026-10-22T18:00,統括,2,2,0,0,0,0,0,0,0,充足,
2026-10-22T18:30,1F,7,0,0,0,0,0,7,4,0,充足,1F-01・1F-02・1F-10・1F-13・1F-14・1F-32・1F-33
2026-10-22T18:30,2F,7,0,0,0,0,0,7,4,0,充足,2F-04・2F-05・2F-06・2F-12・2F-13・2F-29・2F-30
2026-10-22T18:30,3F,7,0,0,0,0,0,7,4,0,充足,3F-10・3F-11・3F-28・3F-29・3F-30・3F-31・3F-32
2026-10-22T18:30,統括,2,0,0,0,0,0,2,0,0,充足,1F-28・1F-29
2026-10-22T19:00,1F,2,0,0,0,0,0,2,2,0,充足,1F-13・1F-14
2026-10-22T19:00,2F,2,0,0,0,0,0,2,2,0,充足,2F-12・2F-13
2026-10-22T19:00,3F,2,0,0,0,0,0,2,2,0,充足,3F-10・3F-11
2026-10-22T19:00,統括,2,0,0,0,0,0,2,1,0,充足,1F-28・1F-29
2026-10-22T19:30,1F,2,0,0,0,0,0,2,2,0,充足,1F-13・1F-14
2026-10-22T19:30,2F,2,0,0,0,0,0,2,2,0,充足,2F-12・2F-13
2026-10-22T19:30,3F,2,0,0,0,0,0,2,2,0,充足,3F-10・3F-11
2026-10-22T19:30,統括,2,0,0,0,0,0,2,1,0,充足,1F-28・1F-29
2026-10-22T20:00,1F,2,0,0,0,0,0,2,2,0,充足,1F-13・1F-14
2026-10-22T20:00,2F,2,0,0,0,0,0,2,2,0,充足,2F-12・2F-13
2026-10-22T20:00,3F,2,0,0,0,0,0,2,2,0,充足,3F-10・3F-11
2026-10-22T20:00,統括,2,0,0,0,0,0,2,1,0,充足,1F-28・1F-29
2026-10-22T20:30,1F,2,0,0,0,0,0,2,2,0,充足,1F-13・1F-14
2026-10-22T20:30,2F,2,0,0,0,0,0,2,2,0,充足,2F-12・2F-13
2026-10-22T20:30,3F,2,0,0,0,0,0,2,2,0,充足,3F-10・3F-11
2026-10-22T20:30,統括,2,0,0,0,0,0,2,1,0,充足,1F-28・1F-29
2026-10-22T21:00,1F,2,1,0,0,0,1,2,2,0,充足,1F-14・1F-28
2026-10-22T21:00,2F,2,0,0,0,0,0,2,2,0,充足,2F-12・2F-13
2026-10-22T21:00,3F,2,0,0,0,0,0,2,2,0,充足,3F-10・3F-11
2026-10-22T21:00,統括,2,0,0,0,1,0,1,1,0,充足,1F-29
2026-10-22T21:30,1F,2,1,0,0,0,1,2,2,0,充足,1F-14・1F-28
2026-10-22T21:30,2F,2,0,0,0,0,0,2,2,0,充足,2F-12・2F-13
2026-10-22T21:30,3F,2,0,0,0,0,0,2,2,0,充足,3F-10・3F-11
2026-10-22T21:30,統括,2,0,0,0,1,0,1,1,0,充足,1F-29
2026-10-22T22:00,1F,3,2,0,0,1,2,2,2,0,充足,1F-26・1F-28
2026-10-22T22:00,2F,2,0,0,0,0,0,2,2,0,充足,2F-12・2F-13
2026-10-22T22:00,3F,2,0,0,0,0,0,2,2,0,充足,3F-10・3F-11
2026-10-22T22:00,統括,2,0,0,0,1,0,1,1,0,充足,1F-29
2026-10-22T22:30,1F,3,2,0,0,1,2,2,2,0,充足,1F-26・1F-28
2026-10-22T22:30,2F,2,0,0,0,0,0,2,2,0,充足,2F-12・2F-13
2026-10-22T22:30,3F,2,0,0,0,0,0,2,2,0,充足,3F-10・3F-11
2026-10-22T22:30,統括,2,0,0,0,1,0,1,1,0,充足,1F-29
2026-10-22T23:00,1F,3,1,0,0,1,1,2,2,0,充足,1F-13・1F-26
2026-10-22T23:00,2F,2,1,0,0,0,1,2,2,0,充足,1F-28・2F-13
2026-10-22T23:00,3F,2,0,0,0,0,0,2,2,0,充足,3F-10・3F-11
2026-10-22T23:00,統括,2,0,0,0,1,0,1,1,0,充足,1F-29
2026-10-22T23:30,1F,3,1,0,0,1,1,2,2,0,充足,1F-13・1F-26
2026-10-22T23:30,2F,2,1,0,0,0,1,2,2,0,充足,1F-28・2F-13
2026-10-22T23:30,3F,2,0,0,0,0,0,2,2,0,充足,3F-10・3F-11
2026-10-22T23:30,統括,2,0,0,0,1,0,1,1,0,充足,1F-29
2026-10-23T00:00,1F,3,0,0,0,1,0,2,2,0,充足,1F-13・1F-14
2026-10-23T00:00,2F,2,2,0,0,0,2,2,2,0,充足,1F-26・1F-28
2026-10-23T00:00,3F,2,0,0,0,0,0,2,2,0,充足,3F-10・3F-11
2026-10-23T00:00,統括,2,0,0,0,1,0,1,1,0,充足,1F-29
2026-10-23T00:30,1F,3,0,0,0,1,0,2,2,0,充足,1F-13・1F-14
2026-10-23T00:30,2F,2,2,0,0,0,2,2,2,0,充足,1F-26・1F-28
2026-10-23T00:30,3F,2,0,0,0,0,0,2,2,0,充足,3F-10・3F-11
2026-10-23T00:30,統括,2,0,0,0,1,0,1,1,0,充足,1F-29
2026-10-23T01:00,1F,2,0,0,0,0,0,2,2,0,充足,1F-13・1F-14
2026-10-23T01:00,2F,3,1,0,0,1,1,2,2,0,充足,2F-12・3F-24
2026-10-23T01:00,3F,2,1,0,0,0,1,2,2,0,充足,1F-28・3F-11
2026-10-23T01:00,統括,2,0,0,0,1,0,1,1,0,充足,1F-29
2026-10-23T01:30,1F,2,0,0,0,0,0,2,2,0,充足,1F-13・1F-14
2026-10-23T01:30,2F,3,1,0,0,1,1,2,2,0,充足,2F-12・3F-24
2026-10-23T01:30,3F,2,1,0,0,0,1,2,2,0,充足,1F-28・3F-11
2026-10-23T01:30,統括,2,0,0,0,1,0,1,1,0,充足,1F-29
2026-10-23T02:00,1F,2,0,0,0,0,0,2,2,0,充足,1F-13・1F-14
2026-10-23T02:00,2F,3,0,0,0,1,0,2,2,0,充足,2F-12・2F-13
2026-10-23T02:00,3F,2,2,0,0,0,2,2,2,0,充足,1F-28・3F-24
2026-10-23T02:00,統括,2,0,0,0,1,0,1,1,0,充足,1F-29
2026-10-23T02:30,1F,2,0,0,0,0,0,2,2,0,充足,1F-13・1F-14
2026-10-23T02:30,2F,3,0,0,0,1,0,2,2,0,充足,2F-12・2F-13
2026-10-23T02:30,3F,2,2,0,0,0,2,2,2,0,充足,1F-28・3F-24
2026-10-23T02:30,統括,2,0,0,0,1,0,1,1,0,充足,1F-29
2026-10-23T03:00,1F,2,0,0,0,0,0,2,2,0,充足,1F-13・1F-14
2026-10-23T03:00,2F,3,0,0,0,1,0,2,2,0,充足,2F-12・2F-13
2026-10-23T03:00,3F,2,1,0,0,0,1,2,2,0,充足,3F-10・3F-24
2026-10-23T03:00,統括,2,1,0,0,0,0,1,1,0,充足,1F-29
2026-10-23T03:30,1F,2,0,0,0,0,0,2,2,0,充足,1F-13・1F-14
2026-10-23T03:30,2F,3,0,0,0,1,0,2,2,0,充足,2F-12・2F-13
2026-10-23T03:30,3F,2,1,0,0,0,1,2,2,0,充足,3F-10・3F-24
2026-10-23T03:30,統括,2,1,0,0,0,0,1,1,0,充足,1F-29
2026-10-23T04:00,1F,2,0,0,0,0,0,2,2,0,充足,1F-13・1F-14
2026-10-23T04:00,2F,2,0,0,0,0,0,2,2,0,充足,2F-12・2F-13
2026-10-23T04:00,3F,2,0,0,0,0,0,2,2,0,充足,3F-10・3F-11
2026-10-23T04:00,統括,2,1,0,0,0,0,1,1,0,充足,1F-29
2026-10-23T04:30,1F,2,0,0,0,0,0,2,2,0,充足,1F-13・1F-14
2026-10-23T04:30,2F,2,0,0,0,0,0,2,2,0,充足,2F-12・2F-13
2026-10-23T04:30,3F,2,0,0,0,0,0,2,2,0,充足,3F-10・3F-11
2026-10-23T04:30,統括,2,1,0,0,0,0,1,1,0,充足,1F-29
2026-10-23T05:00,1F,2,0,0,0,0,0,2,2,0,充足,1F-13・1F-14
2026-10-23T05:00,2F,2,0,0,0,0,0,2,2,0,充足,2F-12・2F-13
2026-10-23T05:00,3F,2,0,0,0,0,0,2,2,0,充足,3F-10・3F-11
2026-10-23T05:00,統括,2,1,0,0,0,0,1,1,0,充足,1F-28
2026-10-23T05:30,1F,2,0,0,0,0,0,2,2,0,充足,1F-13・1F-14
2026-10-23T05:30,2F,2,0,0,0,0,0,2,2,0,充足,2F-12・2F-13
2026-10-23T05:30,3F,2,0,0,0,0,0,2,2,0,充足,3F-10・3F-11
2026-10-23T05:30,統括,2,1,0,0,0,0,1,1,0,充足,1F-28
2026-10-23T06:00,1F,2,0,0,0,0,0,2,2,0,充足,1F-13・1F-14
2026-10-23T06:00,2F,2,0,0,0,0,0,2,2,0,充足,2F-12・2F-13
2026-10-23T06:00,3F,2,0,0,0,0,0,2,2,0,充足,3F-10・3F-11
2026-10-23T06:00,統括,2,1,0,0,0,0,1,1,0,充足,1F-28
2026-10-23T06:30,1F,2,0,0,0,0,0,2,2,0,充足,1F-13・1F-14
2026-10-23T06:30,2F,2,0,0,0,0,0,2,2,0,充足,2F-12・2F-13
2026-10-23T06:30,3F,2,0,0,0,0,0,2,2,0,充足,3F-10・3F-11
2026-10-23T06:30,統括,2,1,0,0,0,0,1,1,0,充足,1F-28
2026-10-23T07:00,1F,7,0,0,0,0,0,7,4,0,充足,1F-03・1F-04・1F-07・1F-13・1F-14・1F-15・1F-16
2026-10-23T07:00,2F,7,0,0,0,0,0,7,4,0,充足,2F-01・2F-07・2F-08・2F-10・2F-11・2F-12・2F-13
2026-10-23T07:00,3F,7,0,0,0,0,0,7,4,0,充足,3F-10・3F-11・3F-33・3F-34・3F-35・3F-36・3F-37
2026-10-23T07:00,統括,2,0,0,0,0,0,2,0,0,充足,1F-28・1F-29
2026-10-23T07:30,1F,7,0,0,0,0,0,7,4,0,充足,1F-03・1F-04・1F-07・1F-13・1F-14・1F-15・1F-16
2026-10-23T07:30,2F,7,0,0,0,0,0,7,4,0,充足,2F-01・2F-07・2F-08・2F-10・2F-11・2F-12・2F-13
2026-10-23T07:30,3F,7,0,0,0,0,0,7,4,0,充足,3F-10・3F-11・3F-33・3F-34・3F-35・3F-36・3F-37
2026-10-23T07:30,統括,2,0,0,0,0,0,2,0,0,充足,1F-28・1F-29
2026-10-23T08:00,1F,7,0,0,0,0,0,7,4,0,充足,1F-03・1F-04・1F-07・1F-13・1F-14・1F-15・1F-16
2026-10-23T08:00,2F,7,0,0,0,0,0,7,4,0,充足,2F-01・2F-07・2F-08・2F-10・2F-11・2F-12・2F-13
2026-10-23T08:00,3F,7,0,0,0,0,0,7,4,0,充足,3F-10・3F-11・3F-33・3F-34・3F-35・3F-36・3F-37
2026-10-23T08:00,統括,2,0,0,0,0,0,2,0,0,充足,1F-28・1F-29
2026-10-23T08:30,1F,8,0,0,0,0,0,8,4,0,充足,1F-03・1F-04・1F-07・1F-13・1F-14・1F-15・1F-16・1F-39
2026-10-23T08:30,2F,7,0,0,0,0,0,7,4,0,充足,2F-01・2F-07・2F-08・2F-10・2F-11・2F-12・2F-13
2026-10-23T08:30,3F,7,0,0,0,0,0,7,4,0,充足,3F-10・3F-11・3F-33・3F-34・3F-35・3F-36・3F-37
2026-10-23T08:30,統括,2,0,0,0,0,0,2,0,0,充足,1F-28・1F-29
2026-10-23T09:00,1F,6,0,0,0,0,0,6,4,0,充足,1F-03・1F-04・1F-07・1F-15・1F-16・1F-39
2026-10-23T09:00,2F,5,0,0,0,0,0,5,4,0,充足,2F-01・2F-07・2F-08・2F-10・2F-11
2026-10-23T09:00,3F,5,0,0,0,0,0,5,4,0,充足,3F-33・3F-34・3F-35・3F-36・3F-37
2026-10-23T09:00,統括,0,0,0,0,0,0,0,0,0,充足,
2026-10-23T09:30,1F,6,0,0,0,0,0,6,4,0,充足,1F-03・1F-04・1F-07・1F-15・1F-16・1F-39
2026-10-23T09:30,2F,5,0,0,0,0,0,5,4,0,充足,2F-01・2F-07・2F-08・2F-10・2F-11
2026-10-23T09:30,3F,5,0,0,0,0,0,5,4,0,充足,3F-33・3F-34・3F-35・3F-36・3F-37
2026-10-23T09:30,統括,0,0,0,0,0,0,0,0,0,充足,
2026-10-23T10:00,1F,11,0,1,0,0,0,10,4,0,充足,1F-04・1F-07・1F-15・1F-16・1F-34・1F-35・1F-36・1F-37・1F-38・1F-39
2026-10-23T10:00,2F,10,0,1,0,0,0,9,4,0,充足,2F-01・2F-02・2F-03・2F-07・2F-08・2F-11・2F-15・2F-16・2F-25
2026-10-23T10:00,3F,10,0,1,0,0,0,9,4,0,充足,3F-34・3F-35・3F-36・3F-37・3F-38・3F-39・3F-40・3F-41・3F-42
2026-10-23T10:00,統括,0,0,0,0,0,0,0,0,0,充足,
2026-10-23T10:30,1F,11,0,1,0,0,0,10,4,0,充足,1F-04・1F-07・1F-15・1F-16・1F-34・1F-35・1F-36・1F-37・1F-38・1F-39
2026-10-23T10:30,2F,10,0,1,0,0,0,9,4,0,充足,2F-01・2F-02・2F-03・2F-07・2F-08・2F-11・2F-15・2F-16・2F-25
2026-10-23T10:30,3F,10,0,1,0,0,0,9,4,0,充足,3F-34・3F-35・3F-36・3F-37・3F-38・3F-39・3F-40・3F-41・3F-42
2026-10-23T10:30,統括,0,0,0,0,0,0,0,0,0,充足,
2026-10-23T11:00,1F,11,5,0,0,0,0,6,4,0,充足,1F-34・1F-35・1F-36・1F-37・1F-38・1F-39
2026-10-23T11:00,2F,10,5,0,0,0,0,5,4,0,充足,2F-02・2F-03・2F-15・2F-16・2F-25
2026-10-23T11:00,3F,10,5,0,0,0,0,5,4,0,充足,3F-38・3F-39・3F-40・3F-41・3F-42
2026-10-23T11:00,統括,0,0,0,0,0,0,0,0,0,充足,
2026-10-23T11:30,1F,11,5,0,0,0,0,6,4,0,充足,1F-34・1F-35・1F-36・1F-37・1F-38・1F-39
2026-10-23T11:30,2F,10,5,0,0,0,0,5,4,0,充足,2F-02・2F-03・2F-15・2F-16・2F-25
2026-10-23T11:30,3F,10,5,0,0,0,0,5,4,0,充足,3F-38・3F-39・3F-40・3F-41・3F-42
2026-10-23T11:30,統括,0,0,0,0,0,0,0,0,0,充足,
2026-10-23T12:00,1F,11,1,0,0,0,0,10,4,0,充足,1F-03・1F-04・1F-07・1F-15・1F-16・1F-34・1F-35・1F-36・1F-37・1F-38
2026-10-23T12:00,2F,10,0,0,0,0,0,10,4,0,充足,2F-01・2F-02・2F-03・2F-07・2F-08・2F-10・2F-11・2F-15・2F-16・2F-25
2026-10-23T12:00,3F,10,0,0,0,0,0,10,4,0,充足,3F-33・3F-34・3F-35・3F-36・3F-37・3F-38・3F-39・3F-40・3F-41・3F-42
2026-10-23T12:00,統括,0,0,0,0,0,0,0,0,0,充足,
2026-10-23T12:30,1F,11,1,0,0,0,0,10,4,0,充足,1F-03・1F-04・1F-07・1F-15・1F-16・1F-34・1F-35・1F-36・1F-37・1F-38
2026-10-23T12:30,2F,10,0,0,0,0,0,10,4,0,充足,2F-01・2F-02・2F-03・2F-07・2F-08・2F-10・2F-11・2F-15・2F-16・2F-25
2026-10-23T12:30,3F,10,0,0,0,0,0,10,4,0,充足,3F-33・3F-34・3F-35・3F-36・3F-37・3F-38・3F-39・3F-40・3F-41・3F-42
2026-10-23T12:30,統括,0,0,0,0,0,0,0,0,0,充足,
2026-10-23T13:00,1F,11,5,0,0,0,0,6,4,0,充足,1F-03・1F-04・1F-07・1F-15・1F-16・1F-39
2026-10-23T13:00,2F,10,5,0,0,0,0,5,4,0,充足,2F-01・2F-07・2F-08・2F-10・2F-11
2026-10-23T13:00,3F,10,5,0,0,0,0,5,4,0,充足,3F-33・3F-34・3F-35・3F-36・3F-37
2026-10-23T13:00,統括,0,0,0,0,0,0,0,0,0,充足,
2026-10-23T13:30,1F,11,5,0,0,0,0,6,4,0,充足,1F-03・1F-04・1F-07・1F-15・1F-16・1F-39
2026-10-23T13:30,2F,10,5,0,0,0,0,5,4,0,充足,2F-01・2F-07・2F-08・2F-10・2F-11
2026-10-23T13:30,3F,10,5,0,0,0,0,5,4,0,充足,3F-33・3F-34・3F-35・3F-36・3F-37
2026-10-23T13:30,統括,0,0,0,0,0,0,0,0,0,充足,
2026-10-23T14:00,1F,11,0,0,0,0,0,11,4,0,充足,1F-03・1F-04・1F-07・1F-15・1F-16・1F-34・1F-35・1F-36・1F-37・1F-38・1F-39
2026-10-23T14:00,2F,10,0,0,0,0,0,10,4,0,充足,2F-01・2F-02・2F-03・2F-07・2F-08・2F-10・2F-11・2F-15・2F-16・2F-25
2026-10-23T14:00,3F,10,0,0,0,0,0,10,4,0,充足,3F-33・3F-34・3F-35・3F-36・3F-37・3F-38・3F-39・3F-40・3F-41・3F-42
2026-10-23T14:00,統括,0,0,0,0,0,0,0,0,0,充足,
2026-10-23T14:30,1F,11,0,0,0,0,0,11,4,0,充足,1F-03・1F-04・1F-07・1F-15・1F-16・1F-34・1F-35・1F-36・1F-37・1F-38・1F-39
2026-10-23T14:30,2F,10,0,0,0,0,0,10,4,0,充足,2F-01・2F-02・2F-03・2F-07・2F-08・2F-10・2F-11・2F-15・2F-16・2F-25
2026-10-23T14:30,3F,10,0,0,0,0,0,10,4,0,充足,3F-33・3F-34・3F-35・3F-36・3F-37・3F-38・3F-39・3F-40・3F-41・3F-42
2026-10-23T14:30,統括,0,0,0,0,0,0,0,0,0,充足,
2026-10-23T15:00,1F,11,0,1,0,0,0,10,4,0,充足,1F-03・1F-04・1F-07・1F-15・1F-16・1F-35・1F-36・1F-37・1F-38・1F-39
2026-10-23T15:00,2F,10,0,1,0,0,0,9,4,0,充足,2F-01・2F-03・2F-07・2F-08・2F-10・2F-11・2F-15・2F-16・2F-25
2026-10-23T15:00,3F,10,0,1,0,0,0,9,4,0,充足,3F-33・3F-34・3F-35・3F-36・3F-37・3F-39・3F-40・3F-41・3F-42
2026-10-23T15:00,統括,0,0,0,0,0,0,0,0,0,充足,
2026-10-23T15:30,1F,11,0,1,0,0,0,10,4,0,充足,1F-03・1F-04・1F-07・1F-15・1F-16・1F-35・1F-36・1F-37・1F-38・1F-39
2026-10-23T15:30,2F,10,0,1,0,0,0,9,4,0,充足,2F-01・2F-03・2F-07・2F-08・2F-10・2F-11・2F-15・2F-16・2F-25
2026-10-23T15:30,3F,10,0,1,0,0,0,9,4,0,充足,3F-33・3F-34・3F-35・3F-36・3F-37・3F-39・3F-40・3F-41・3F-42
2026-10-23T15:30,統括,0,0,0,0,0,0,0,0,0,充足,
2026-10-23T16:00,1F,8,0,0,0,0,0,8,4,0,充足,1F-06・1F-11・1F-34・1F-35・1F-36・1F-37・1F-38・1F-39
2026-10-23T16:00,2F,7,0,0,0,0,0,7,4,0,充足,2F-02・2F-03・2F-05・2F-14・2F-15・2F-16・2F-25
2026-10-23T16:00,3F,7,0,0,0,0,0,7,4,0,充足,3F-12・3F-13・3F-38・3F-39・3F-40・3F-41・3F-42
2026-10-23T16:00,統括,2,0,0,0,0,0,2,0,0,充足,1F-30・1F-31
2026-10-23T16:30,1F,8,2,0,0,0,0,6,4,0,充足,1F-34・1F-35・1F-36・1F-37・1F-38・1F-39
2026-10-23T16:30,2F,7,2,0,0,0,0,5,4,0,充足,2F-02・2F-03・2F-15・2F-16・2F-25
2026-10-23T16:30,3F,7,0,0,0,0,0,7,4,0,充足,3F-12・3F-13・3F-38・3F-39・3F-40・3F-41・3F-42
2026-10-23T16:30,統括,2,0,0,0,0,0,2,0,0,充足,1F-30・1F-31
2026-10-23T17:00,1F,8,2,0,0,0,0,6,4,0,充足,1F-34・1F-35・1F-36・1F-37・1F-38・1F-39
2026-10-23T17:00,2F,7,2,0,0,0,0,5,4,0,充足,2F-02・2F-03・2F-15・2F-16・2F-25
2026-10-23T17:00,3F,7,0,0,0,0,0,7,4,0,充足,3F-12・3F-13・3F-38・3F-39・3F-40・3F-41・3F-42
2026-10-23T17:00,統括,2,0,0,0,0,0,2,0,0,充足,1F-30・1F-31
2026-10-23T17:30,1F,7,0,0,0,0,0,7,4,0,充足,1F-06・1F-11・1F-34・1F-35・1F-36・1F-37・1F-38
2026-10-23T17:30,2F,7,0,0,0,0,0,7,4,0,充足,2F-02・2F-03・2F-05・2F-14・2F-15・2F-16・2F-25
2026-10-23T17:30,3F,7,2,0,0,0,0,5,4,0,充足,3F-38・3F-39・3F-40・3F-41・3F-42
2026-10-23T17:30,統括,2,2,0,0,0,0,0,0,0,充足,
2026-10-23T18:00,1F,7,0,0,0,0,0,7,4,0,充足,1F-06・1F-11・1F-34・1F-35・1F-36・1F-37・1F-38
2026-10-23T18:00,2F,7,0,0,0,0,0,7,4,0,充足,2F-02・2F-03・2F-05・2F-14・2F-15・2F-16・2F-25
2026-10-23T18:00,3F,7,2,0,0,0,0,5,4,0,充足,3F-38・3F-39・3F-40・3F-41・3F-42
2026-10-23T18:00,統括,2,2,0,0,0,0,0,0,0,充足,
2026-10-23T18:30,1F,7,0,0,0,0,0,7,4,0,充足,1F-06・1F-11・1F-34・1F-35・1F-36・1F-37・1F-38
2026-10-23T18:30,2F,7,0,0,0,0,0,7,4,0,充足,2F-02・2F-03・2F-05・2F-14・2F-15・2F-16・2F-25
2026-10-23T18:30,3F,7,0,0,0,0,0,7,4,0,充足,3F-12・3F-13・3F-38・3F-39・3F-40・3F-41・3F-42
2026-10-23T18:30,統括,2,0,0,0,0,0,2,0,0,充足,1F-30・1F-31
2026-10-23T19:00,1F,2,0,0,0,0,0,2,2,0,充足,1F-06・1F-11
2026-10-23T19:00,2F,2,0,0,0,0,0,2,2,0,充足,2F-05・2F-14
2026-10-23T19:00,3F,2,0,0,0,0,0,2,2,0,充足,3F-12・3F-13
2026-10-23T19:00,統括,2,0,0,0,0,0,2,1,0,充足,1F-30・1F-31
2026-10-23T19:30,1F,2,0,0,0,0,0,2,2,0,充足,1F-06・1F-11
2026-10-23T19:30,2F,2,0,0,0,0,0,2,2,0,充足,2F-05・2F-14
2026-10-23T19:30,3F,2,0,0,0,0,0,2,2,0,充足,3F-12・3F-13
2026-10-23T19:30,統括,2,0,0,0,0,0,2,1,0,充足,1F-30・1F-31
2026-10-23T20:00,1F,2,0,0,0,0,0,2,2,0,充足,1F-06・1F-11
2026-10-23T20:00,2F,2,0,0,0,0,0,2,2,0,充足,2F-05・2F-14
2026-10-23T20:00,3F,2,0,0,0,0,0,2,2,0,充足,3F-12・3F-13
2026-10-23T20:00,統括,2,0,0,0,0,0,2,1,0,充足,1F-30・1F-31
2026-10-23T20:30,1F,2,0,0,0,0,0,2,2,0,充足,1F-06・1F-11
2026-10-23T20:30,2F,2,0,0,0,0,0,2,2,0,充足,2F-05・2F-14
2026-10-23T20:30,3F,2,0,0,0,0,0,2,2,0,充足,3F-12・3F-13
2026-10-23T20:30,統括,2,0,0,0,0,0,2,1,0,充足,1F-30・1F-31
2026-10-23T21:00,1F,2,1,0,0,0,1,2,2,0,充足,1F-11・1F-30
2026-10-23T21:00,2F,2,0,0,0,0,0,2,2,0,充足,2F-05・2F-14
2026-10-23T21:00,3F,2,0,0,0,0,0,2,2,0,充足,3F-12・3F-13
2026-10-23T21:00,統括,2,0,0,0,1,0,1,1,0,充足,1F-31
2026-10-23T21:30,1F,2,1,0,0,0,1,2,2,0,充足,1F-11・1F-30
2026-10-23T21:30,2F,2,0,0,0,0,0,2,2,0,充足,2F-05・2F-14
2026-10-23T21:30,3F,2,0,0,0,0,0,2,2,0,充足,3F-12・3F-13
2026-10-23T21:30,統括,2,0,0,0,1,0,1,1,0,充足,1F-31
2026-10-23T22:00,1F,3,2,0,0,1,2,2,2,0,充足,1F-23・1F-30
2026-10-23T22:00,2F,2,0,0,0,0,0,2,2,0,充足,2F-05・2F-14
2026-10-23T22:00,3F,2,0,0,0,0,0,2,2,0,充足,3F-12・3F-13
2026-10-23T22:00,統括,2,0,0,0,1,0,1,1,0,充足,1F-31
2026-10-23T22:30,1F,3,2,0,0,1,2,2,2,0,充足,1F-23・1F-30
2026-10-23T22:30,2F,2,0,0,0,0,0,2,2,0,充足,2F-05・2F-14
2026-10-23T22:30,3F,2,0,0,0,0,0,2,2,0,充足,3F-12・3F-13
2026-10-23T22:30,統括,2,0,0,0,1,0,1,1,0,充足,1F-31
2026-10-23T23:00,1F,3,1,0,0,1,1,2,2,0,充足,1F-06・1F-23
2026-10-23T23:00,2F,2,1,0,0,0,1,2,2,0,充足,1F-30・2F-05
2026-10-23T23:00,3F,2,0,0,0,0,0,2,2,0,充足,3F-12・3F-13
2026-10-23T23:00,統括,2,0,0,0,1,0,1,1,0,充足,1F-31
2026-10-23T23:30,1F,3,1,0,0,1,1,2,2,0,充足,1F-06・1F-23
2026-10-23T23:30,2F,2,1,0,0,0,1,2,2,0,充足,1F-30・2F-05
2026-10-23T23:30,3F,2,0,0,0,0,0,2,2,0,充足,3F-12・3F-13
2026-10-23T23:30,統括,2,0,0,0,1,0,1,1,0,充足,1F-31
2026-10-24T00:00,1F,3,0,0,0,1,0,2,2,0,充足,1F-06・1F-11
2026-10-24T00:00,2F,2,2,0,0,0,2,2,2,0,充足,1F-23・1F-30
2026-10-24T00:00,3F,2,0,0,0,0,0,2,2,0,充足,3F-12・3F-13
2026-10-24T00:00,統括,2,0,0,0,1,0,1,1,0,充足,1F-31
2026-10-24T00:30,1F,3,0,0,0,1,0,2,2,0,充足,1F-06・1F-11
2026-10-24T00:30,2F,2,2,0,0,0,2,2,2,0,充足,1F-23・1F-30
2026-10-24T00:30,3F,2,0,0,0,0,0,2,2,0,充足,3F-12・3F-13
2026-10-24T00:30,統括,2,0,0,0,1,0,1,1,0,充足,1F-31
2026-10-24T01:00,1F,2,0,0,0,0,0,2,2,0,充足,1F-06・1F-11
2026-10-24T01:00,2F,3,1,0,0,1,1,2,2,0,充足,1F-24・2F-14
2026-10-24T01:00,3F,2,1,0,0,0,1,2,2,0,充足,1F-30・3F-13
2026-10-24T01:00,統括,2,0,0,0,1,0,1,1,0,充足,1F-31
2026-10-24T01:30,1F,2,0,0,0,0,0,2,2,0,充足,1F-06・1F-11
2026-10-24T01:30,2F,3,1,0,0,1,1,2,2,0,充足,1F-24・2F-14
2026-10-24T01:30,3F,2,1,0,0,0,1,2,2,0,充足,1F-30・3F-13
2026-10-24T01:30,統括,2,0,0,0,1,0,1,1,0,充足,1F-31
2026-10-24T02:00,1F,2,0,0,0,0,0,2,2,0,充足,1F-06・1F-11
2026-10-24T02:00,2F,3,0,0,0,1,0,2,2,0,充足,2F-05・2F-14
2026-10-24T02:00,3F,2,2,0,0,0,2,2,2,0,充足,1F-24・1F-30
2026-10-24T02:00,統括,2,0,0,0,1,0,1,1,0,充足,1F-31
2026-10-24T02:30,1F,2,0,0,0,0,0,2,2,0,充足,1F-06・1F-11
2026-10-24T02:30,2F,3,0,0,0,1,0,2,2,0,充足,2F-05・2F-14
2026-10-24T02:30,3F,2,2,0,0,0,2,2,2,0,充足,1F-24・1F-30
2026-10-24T02:30,統括,2,0,0,0,1,0,1,1,0,充足,1F-31
2026-10-24T03:00,1F,2,0,0,0,0,0,2,2,0,充足,1F-06・1F-11
2026-10-24T03:00,2F,3,0,0,0,1,0,2,2,0,充足,2F-05・2F-14
2026-10-24T03:00,3F,2,1,0,0,0,1,2,2,0,充足,1F-24・3F-12
2026-10-24T03:00,統括,2,1,0,0,0,0,1,1,0,充足,1F-31
2026-10-24T03:30,1F,2,0,0,0,0,0,2,2,0,充足,1F-06・1F-11
2026-10-24T03:30,2F,3,0,0,0,1,0,2,2,0,充足,2F-05・2F-14
2026-10-24T03:30,3F,2,1,0,0,0,1,2,2,0,充足,1F-24・3F-12
2026-10-24T03:30,統括,2,1,0,0,0,0,1,1,0,充足,1F-31
2026-10-24T04:00,1F,2,0,0,0,0,0,2,2,0,充足,1F-06・1F-11
2026-10-24T04:00,2F,2,0,0,0,0,0,2,2,0,充足,2F-05・2F-14
2026-10-24T04:00,3F,2,0,0,0,0,0,2,2,0,充足,3F-12・3F-13
2026-10-24T04:00,統括,2,1,0,0,0,0,1,1,0,充足,1F-31
2026-10-24T04:30,1F,2,0,0,0,0,0,2,2,0,充足,1F-06・1F-11
2026-10-24T04:30,2F,2,0,0,0,0,0,2,2,0,充足,2F-05・2F-14
2026-10-24T04:30,3F,2,0,0,0,0,0,2,2,0,充足,3F-12・3F-13
2026-10-24T04:30,統括,2,1,0,0,0,0,1,1,0,充足,1F-31
2026-10-24T05:00,1F,2,0,0,0,0,0,2,2,0,充足,1F-06・1F-11
2026-10-24T05:00,2F,2,0,0,0,0,0,2,2,0,充足,2F-05・2F-14
2026-10-24T05:00,3F,2,0,0,0,0,0,2,2,0,充足,3F-12・3F-13
2026-10-24T05:00,統括,2,1,0,0,0,0,1,1,0,充足,1F-30
2026-10-24T05:30,1F,2,0,0,0,0,0,2,2,0,充足,1F-06・1F-11
2026-10-24T05:30,2F,2,0,0,0,0,0,2,2,0,充足,2F-05・2F-14
2026-10-24T05:30,3F,2,0,0,0,0,0,2,2,0,充足,3F-12・3F-13
2026-10-24T05:30,統括,2,1,0,0,0,0,1,1,0,充足,1F-30
2026-10-24T06:00,1F,2,0,0,0,0,0,2,2,0,充足,1F-06・1F-11
2026-10-24T06:00,2F,2,0,0,0,0,0,2,2,0,充足,2F-05・2F-14
2026-10-24T06:00,3F,2,0,0,0,0,0,2,2,0,充足,3F-12・3F-13
2026-10-24T06:00,統括,2,1,0,0,0,0,1,1,0,充足,1F-30
2026-10-24T06:30,1F,2,0,0,0,0,0,2,2,0,充足,1F-06・1F-11
2026-10-24T06:30,2F,2,0,0,0,0,0,2,2,0,充足,2F-05・2F-14
2026-10-24T06:30,3F,2,0,0,0,0,0,2,2,0,充足,3F-12・3F-13
2026-10-24T06:30,統括,2,1,0,0,0,0,1,1,0,充足,1F-30
2026-10-24T07:00,1F,7,0,0,0,0,0,7,4,0,充足,1F-06・1F-11・1F-14・1F-40・1F-41・1F-42・1F-43
2026-10-24T07:00,2F,7,0,0,0,0,0,7,4,0,充足,2F-05・2F-12・2F-13・2F-14・2F-26・2F-27・2F-28
2026-10-24T07:00,3F,7,0,0,0,0,0,7,4,0,充足,3F-04・3F-12・3F-13・3F-46・3F-47・3F-48・3F-49
2026-10-24T07:00,統括,2,0,0,0,0,0,2,0,0,充足,1F-30・1F-31
2026-10-24T07:30,1F,7,0,0,0,0,0,7,4,0,充足,1F-06・1F-11・1F-14・1F-40・1F-41・1F-42・1F-43
2026-10-24T07:30,2F,7,0,0,0,0,0,7,4,0,充足,2F-05・2F-12・2F-13・2F-14・2F-26・2F-27・2F-28
2026-10-24T07:30,3F,7,0,0,0,0,0,7,4,0,充足,3F-04・3F-12・3F-13・3F-46・3F-47・3F-48・3F-49
2026-10-24T07:30,統括,2,0,0,0,0,0,2,0,0,充足,1F-30・1F-31
2026-10-24T08:00,1F,7,0,0,0,0,0,7,4,0,充足,1F-06・1F-11・1F-14・1F-40・1F-41・1F-42・1F-43
2026-10-24T08:00,2F,7,0,0,0,0,0,7,4,0,充足,2F-05・2F-12・2F-13・2F-14・2F-26・2F-27・2F-28
2026-10-24T08:00,3F,7,0,0,0,0,0,7,4,0,充足,3F-04・3F-12・3F-13・3F-46・3F-47・3F-48・3F-49
2026-10-24T08:00,統括,2,0,0,0,0,0,2,0,0,充足,1F-30・1F-31
2026-10-24T08:30,1F,7,0,0,0,0,0,7,4,0,充足,1F-06・1F-11・1F-14・1F-40・1F-41・1F-42・1F-43
2026-10-24T08:30,2F,7,0,0,0,0,0,7,4,0,充足,2F-05・2F-12・2F-13・2F-14・2F-26・2F-27・2F-28
2026-10-24T08:30,3F,7,0,0,0,0,0,7,4,0,充足,3F-04・3F-12・3F-13・3F-46・3F-47・3F-48・3F-49
2026-10-24T08:30,統括,2,0,0,0,0,0,2,0,0,充足,1F-30・1F-31
2026-10-24T09:00,1F,5,0,0,0,0,0,5,4,0,充足,1F-14・1F-40・1F-41・1F-42・1F-43
2026-10-24T09:00,2F,5,0,0,0,0,0,5,4,0,充足,2F-12・2F-13・2F-26・2F-27・2F-28
2026-10-24T09:00,3F,5,0,0,0,0,0,5,4,0,充足,3F-04・3F-46・3F-47・3F-48・3F-49
2026-10-24T09:00,統括,0,0,0,0,0,0,0,0,0,充足,
2026-10-24T09:30,1F,5,0,0,0,0,0,5,4,0,充足,1F-14・1F-40・1F-41・1F-42・1F-43
2026-10-24T09:30,2F,5,0,0,0,0,0,5,4,0,充足,2F-12・2F-13・2F-26・2F-27・2F-28
2026-10-24T09:30,3F,5,0,0,0,0,0,5,4,0,充足,3F-04・3F-46・3F-47・3F-48・3F-49
2026-10-24T09:30,統括,0,0,0,0,0,0,0,0,0,充足,
2026-10-24T10:00,1F,10,0,1,0,0,0,9,4,0,充足,1F-05・1F-08・1F-09・1F-10・1F-14・1F-33・1F-41・1F-42・1F-43
2026-10-24T10:00,2F,10,0,1,0,0,0,9,4,0,充足,2F-13・2F-26・2F-27・2F-28・2F-29・2F-30・3F-43・3F-44・3F-45
2026-10-24T10:00,3F,10,0,1,0,0,0,9,4,0,充足,3F-01・3F-04・3F-05・3F-09・3F-10・3F-11・3F-47・3F-48・3F-49
2026-10-24T10:00,統括,0,0,0,0,0,0,0,0,0,充足,
2026-10-24T10:30,1F,10,0,1,0,0,0,9,4,0,充足,1F-05・1F-08・1F-09・1F-10・1F-14・1F-33・1F-41・1F-42・1F-43
2026-10-24T10:30,2F,10,0,1,0,0,0,9,4,0,充足,2F-13・2F-26・2F-27・2F-28・2F-29・2F-30・3F-43・3F-44・3F-45
2026-10-24T10:30,3F,10,0,1,0,0,0,9,4,0,充足,3F-01・3F-04・3F-05・3F-09・3F-10・3F-11・3F-47・3F-48・3F-49
2026-10-24T10:30,統括,0,0,0,0,0,0,0,0,0,充足,
2026-10-24T11:00,1F,10,5,0,0,0,0,5,4,0,充足,1F-05・1F-08・1F-09・1F-10・1F-33
2026-10-24T11:00,2F,10,5,0,0,0,0,5,4,0,充足,2F-29・2F-30・3F-43・3F-44・3F-45
2026-10-24T11:00,3F,10,5,0,0,0,0,5,4,0,充足,3F-01・3F-05・3F-09・3F-10・3F-11
2026-10-24T11:00,統括,0,0,0,0,0,0,0,0,0,充足,
2026-10-24T11:30,1F,10,5,0,0,0,0,5,4,0,充足,1F-05・1F-08・1F-09・1F-10・1F-33
2026-10-24T11:30,2F,10,5,0,0,0,0,5,4,0,充足,2F-29・2F-30・3F-43・3F-44・3F-45
2026-10-24T11:30,3F,10,5,0,0,0,0,5,4,0,充足,3F-01・3F-05・3F-09・3F-10・3F-11
2026-10-24T11:30,統括,0,0,0,0,0,0,0,0,0,充足,
2026-10-24T12:00,1F,10,0,0,0,0,0,10,4,0,充足,1F-05・1F-08・1F-09・1F-10・1F-14・1F-33・1F-40・1F-41・1F-42・1F-43
2026-10-24T12:00,2F,10,0,0,0,0,0,10,4,0,充足,2F-12・2F-13・2F-26・2F-27・2F-28・2F-29・2F-30・3F-43・3F-44・3F-45
2026-10-24T12:00,3F,10,0,0,0,0,0,10,4,0,充足,3F-01・3F-04・3F-05・3F-09・3F-10・3F-11・3F-46・3F-47・3F-48・3F-49
2026-10-24T12:00,統括,0,0,0,0,0,0,0,0,0,充足,
2026-10-24T12:30,1F,10,0,0,0,0,0,10,4,0,充足,1F-05・1F-08・1F-09・1F-10・1F-14・1F-33・1F-40・1F-41・1F-42・1F-43
2026-10-24T12:30,2F,10,0,0,0,0,0,10,4,0,充足,2F-12・2F-13・2F-26・2F-27・2F-28・2F-29・2F-30・3F-43・3F-44・3F-45
2026-10-24T12:30,3F,10,0,0,0,0,0,10,4,0,充足,3F-01・3F-04・3F-05・3F-09・3F-10・3F-11・3F-46・3F-47・3F-48・3F-49
2026-10-24T12:30,統括,0,0,0,0,0,0,0,0,0,充足,
2026-10-24T13:00,1F,10,5,0,0,0,0,5,4,0,充足,1F-14・1F-40・1F-41・1F-42・1F-43
2026-10-24T13:00,2F,10,5,0,0,0,0,5,4,0,充足,2F-12・2F-13・2F-26・2F-27・2F-28
2026-10-24T13:00,3F,10,5,0,0,0,0,5,4,0,充足,3F-04・3F-46・3F-47・3F-48・3F-49
2026-10-24T13:00,統括,0,0,0,0,0,0,0,0,0,充足,
2026-10-24T13:30,1F,10,5,0,0,0,0,5,4,0,充足,1F-14・1F-40・1F-41・1F-42・1F-43
2026-10-24T13:30,2F,10,5,0,0,0,0,5,4,0,充足,2F-12・2F-13・2F-26・2F-27・2F-28
2026-10-24T13:30,3F,10,5,0,0,0,0,5,4,0,充足,3F-04・3F-46・3F-47・3F-48・3F-49
2026-10-24T13:30,統括,0,0,0,0,0,0,0,0,0,充足,
2026-10-24T14:00,1F,10,0,0,0,0,0,10,4,0,充足,1F-05・1F-08・1F-09・1F-10・1F-14・1F-33・1F-40・1F-41・1F-42・1F-43
2026-10-24T14:00,2F,10,0,0,0,0,0,10,4,0,充足,2F-12・2F-13・2F-26・2F-27・2F-28・2F-29・2F-30・3F-43・3F-44・3F-45
2026-10-24T14:00,3F,11,0,0,0,0,0,11,4,0,充足,3F-01・3F-04・3F-05・3F-09・3F-10・3F-11・3F-18・3F-46・3F-47・3F-48・3F-49
2026-10-24T14:00,統括,0,0,0,0,0,0,0,0,0,充足,
2026-10-24T14:30,1F,10,0,0,0,0,0,10,4,0,充足,1F-05・1F-08・1F-09・1F-10・1F-14・1F-33・1F-40・1F-41・1F-42・1F-43
2026-10-24T14:30,2F,10,0,0,0,0,0,10,4,0,充足,2F-12・2F-13・2F-26・2F-27・2F-28・2F-29・2F-30・3F-43・3F-44・3F-45
2026-10-24T14:30,3F,11,0,0,0,0,0,11,4,0,充足,3F-01・3F-04・3F-05・3F-09・3F-10・3F-11・3F-18・3F-46・3F-47・3F-48・3F-49
2026-10-24T14:30,統括,0,0,0,0,0,0,0,0,0,充足,
2026-10-24T15:00,1F,10,0,1,0,0,0,9,4,0,充足,1F-08・1F-09・1F-10・1F-14・1F-33・1F-40・1F-41・1F-42・1F-43
2026-10-24T15:00,2F,10,0,1,0,0,0,9,4,0,充足,2F-12・2F-13・2F-26・2F-27・2F-28・2F-30・3F-43・3F-44・3F-45
2026-10-24T15:00,3F,11,0,1,0,0,0,10,4,0,充足,3F-01・3F-04・3F-09・3F-10・3F-11・3F-18・3F-46・3F-47・3F-48・3F-49
2026-10-24T15:00,統括,0,0,0,0,0,0,0,0,0,充足,
2026-10-24T15:30,1F,10,0,1,0,0,0,9,4,0,充足,1F-08・1F-09・1F-10・1F-14・1F-33・1F-40・1F-41・1F-42・1F-43
2026-10-24T15:30,2F,10,0,1,0,0,0,9,4,0,充足,2F-12・2F-13・2F-26・2F-27・2F-28・2F-30・3F-43・3F-44・3F-45
2026-10-24T15:30,3F,11,0,1,0,0,0,10,4,0,充足,3F-01・3F-04・3F-09・3F-10・3F-11・3F-18・3F-46・3F-47・3F-48・3F-49
2026-10-24T15:30,統括,0,0,0,0,0,0,0,0,0,充足,
2026-10-24T16:00,1F,7,0,0,0,0,0,7,4,0,充足,1F-05・1F-08・1F-09・1F-10・1F-12・1F-13・1F-33
2026-10-24T16:00,2F,7,0,0,0,0,0,7,4,0,充足,2F-06・2F-09・2F-29・2F-30・3F-43・3F-44・3F-45
2026-10-24T16:00,3F,8,0,0,0,0,0,8,4,0,充足,3F-01・3F-05・3F-06・3F-09・3F-10・3F-11・3F-14・3F-18
2026-10-24T16:00,統括,2,0,0,0,0,0,2,0,0,充足,1F-29・1F-32
2026-10-24T16:30,1F,7,2,0,0,0,0,5,4,0,充足,1F-05・1F-08・1F-09・1F-10・1F-33
2026-10-24T16:30,2F,7,2,0,0,0,0,5,4,0,充足,2F-29・2F-30・3F-43・3F-44・3F-45
2026-10-24T16:30,3F,8,0,0,0,0,0,8,4,0,充足,3F-01・3F-05・3F-06・3F-09・3F-10・3F-11・3F-14・3F-18
2026-10-24T16:30,統括,2,0,0,0,0,0,2,0,0,充足,1F-29・1F-32
2026-10-24T17:00,1F,7,2,0,0,0,0,5,4,0,充足,1F-05・1F-08・1F-09・1F-10・1F-33
2026-10-24T17:00,2F,7,2,0,0,0,0,5,4,0,充足,2F-29・2F-30・3F-43・3F-44・3F-45
2026-10-24T17:00,3F,8,0,0,0,0,0,8,4,0,充足,3F-01・3F-05・3F-06・3F-09・3F-10・3F-11・3F-14・3F-18
2026-10-24T17:00,統括,2,0,0,0,0,0,2,0,0,充足,1F-29・1F-32
2026-10-24T17:30,1F,7,0,0,0,0,0,7,4,0,充足,1F-05・1F-08・1F-09・1F-10・1F-12・1F-13・1F-33
2026-10-24T17:30,2F,7,0,0,0,0,0,7,4,0,充足,2F-06・2F-09・2F-29・2F-30・3F-43・3F-44・3F-45
2026-10-24T17:30,3F,8,2,0,0,0,0,6,4,0,充足,3F-01・3F-05・3F-09・3F-10・3F-11・3F-18
2026-10-24T17:30,統括,2,2,0,0,0,0,0,0,0,充足,
2026-10-24T18:00,1F,7,0,0,0,0,0,7,4,0,充足,1F-05・1F-08・1F-09・1F-10・1F-12・1F-13・1F-33
2026-10-24T18:00,2F,7,0,0,0,0,0,7,4,0,充足,2F-06・2F-09・2F-29・2F-30・3F-43・3F-44・3F-45
2026-10-24T18:00,3F,8,2,0,0,0,0,6,4,0,充足,3F-01・3F-05・3F-09・3F-10・3F-11・3F-18
2026-10-24T18:00,統括,2,2,0,0,0,0,0,0,0,充足,
2026-10-24T18:30,1F,7,0,0,0,0,0,7,4,0,充足,1F-05・1F-08・1F-09・1F-10・1F-12・1F-13・1F-33
2026-10-24T18:30,2F,7,0,0,0,0,0,7,4,0,充足,2F-06・2F-09・2F-29・2F-30・3F-43・3F-44・3F-45
2026-10-24T18:30,3F,8,0,0,0,0,0,8,4,0,充足,3F-01・3F-05・3F-06・3F-09・3F-10・3F-11・3F-14・3F-18
2026-10-24T18:30,統括,2,0,0,0,0,0,2,0,0,充足,1F-29・1F-32
2026-10-24T19:00,1F,2,0,0,0,0,0,2,2,0,充足,1F-12・1F-13
2026-10-24T19:00,2F,2,0,0,0,0,0,2,2,0,充足,2F-06・2F-09
2026-10-24T19:00,3F,2,0,0,0,0,0,2,2,0,充足,3F-06・3F-14
2026-10-24T19:00,統括,2,0,0,0,0,0,2,1,0,充足,1F-29・1F-32
2026-10-24T19:30,1F,2,0,0,0,0,0,2,2,0,充足,1F-12・1F-13
2026-10-24T19:30,2F,2,0,0,0,0,0,2,2,0,充足,2F-06・2F-09
2026-10-24T19:30,3F,2,0,0,0,0,0,2,2,0,充足,3F-06・3F-14
2026-10-24T19:30,統括,2,0,0,0,0,0,2,1,0,充足,1F-29・1F-32
2026-10-24T20:00,1F,2,0,0,0,0,0,2,2,0,充足,1F-12・1F-13
2026-10-24T20:00,2F,2,0,0,0,0,0,2,2,0,充足,2F-06・2F-09
2026-10-24T20:00,3F,2,0,0,0,0,0,2,2,0,充足,3F-06・3F-14
2026-10-24T20:00,統括,2,0,0,0,0,0,2,1,0,充足,1F-29・1F-32
2026-10-24T20:30,1F,2,0,0,0,0,0,2,2,0,充足,1F-12・1F-13
2026-10-24T20:30,2F,2,0,0,0,0,0,2,2,0,充足,2F-06・2F-09
2026-10-24T20:30,3F,2,0,0,0,0,0,2,2,0,充足,3F-06・3F-14
2026-10-24T20:30,統括,2,0,0,0,0,0,2,1,0,充足,1F-29・1F-32
2026-10-24T21:00,1F,2,1,0,0,0,1,2,2,0,充足,1F-13・1F-29
2026-10-24T21:00,2F,2,0,0,0,0,0,2,2,0,充足,2F-06・2F-09
2026-10-24T21:00,3F,2,0,0,0,0,0,2,2,0,充足,3F-06・3F-14
2026-10-24T21:00,統括,2,0,0,0,1,0,1,1,0,充足,1F-32
2026-10-24T21:30,1F,2,1,0,0,0,1,2,2,0,充足,1F-13・1F-29
2026-10-24T21:30,2F,2,0,0,0,0,0,2,2,0,充足,2F-06・2F-09
2026-10-24T21:30,3F,2,0,0,0,0,0,2,2,0,充足,3F-06・3F-14
2026-10-24T21:30,統括,2,0,0,0,1,0,1,1,0,充足,1F-32
2026-10-24T22:00,1F,3,2,0,0,1,2,2,2,0,充足,1F-26・1F-29
2026-10-24T22:00,2F,2,0,0,0,0,0,2,2,0,充足,2F-06・2F-09
2026-10-24T22:00,3F,2,0,0,0,0,0,2,2,0,充足,3F-06・3F-14
2026-10-24T22:00,統括,2,0,0,0,1,0,1,1,0,充足,1F-32
2026-10-24T22:30,1F,3,2,0,0,1,2,2,2,0,充足,1F-26・1F-29
2026-10-24T22:30,2F,2,0,0,0,0,0,2,2,0,充足,2F-06・2F-09
2026-10-24T22:30,3F,2,0,0,0,0,0,2,2,0,充足,3F-06・3F-14
2026-10-24T22:30,統括,2,0,0,0,1,0,1,1,0,充足,1F-32
2026-10-24T23:00,1F,3,1,0,0,1,1,2,2,0,充足,1F-12・1F-26
2026-10-24T23:00,2F,2,1,0,0,0,1,2,2,0,充足,1F-29・2F-09
2026-10-24T23:00,3F,2,0,0,0,0,0,2,2,0,充足,3F-06・3F-14
2026-10-24T23:00,統括,2,0,0,0,1,0,1,1,0,充足,1F-32
2026-10-24T23:30,1F,3,1,0,0,1,1,2,2,0,充足,1F-12・1F-26
2026-10-24T23:30,2F,2,1,0,0,0,1,2,2,0,充足,1F-29・2F-09
2026-10-24T23:30,3F,2,0,0,0,0,0,2,2,0,充足,3F-06・3F-14
2026-10-24T23:30,統括,2,0,0,0,1,0,1,1,0,充足,1F-32
2026-10-25T00:00,1F,3,0,0,0,1,0,2,2,0,充足,1F-12・1F-13
2026-10-25T00:00,2F,2,2,0,0,0,2,2,2,0,充足,1F-26・1F-29
2026-10-25T00:00,3F,2,0,0,0,0,0,2,2,0,充足,3F-06・3F-14
2026-10-25T00:00,統括,2,0,0,0,1,0,1,1,0,充足,1F-32
2026-10-25T00:30,1F,3,0,0,0,1,0,2,2,0,充足,1F-12・1F-13
2026-10-25T00:30,2F,2,2,0,0,0,2,2,2,0,充足,1F-26・1F-29
2026-10-25T00:30,3F,2,0,0,0,0,0,2,2,0,充足,3F-06・3F-14
2026-10-25T00:30,統括,2,0,0,0,1,0,1,1,0,充足,1F-32
2026-10-25T01:00,1F,2,0,0,0,0,0,2,2,0,充足,1F-12・1F-13
2026-10-25T01:00,2F,3,1,0,0,1,1,2,2,0,充足,2F-06・3F-24
2026-10-25T01:00,3F,2,1,0,0,0,1,2,2,0,充足,1F-29・3F-06
2026-10-25T01:00,統括,2,0,0,0,1,0,1,1,0,充足,1F-32
2026-10-25T01:30,1F,2,0,0,0,0,0,2,2,0,充足,1F-12・1F-13
2026-10-25T01:30,2F,3,1,0,0,1,1,2,2,0,充足,2F-06・3F-24
2026-10-25T01:30,3F,2,1,0,0,0,1,2,2,0,充足,1F-29・3F-06
2026-10-25T01:30,統括,2,0,0,0,1,0,1,1,0,充足,1F-32
2026-10-25T02:00,1F,2,0,0,0,0,0,2,2,0,充足,1F-12・1F-13
2026-10-25T02:00,2F,3,0,0,0,1,0,2,2,0,充足,2F-06・2F-09
2026-10-25T02:00,3F,2,2,0,0,0,2,2,2,0,充足,1F-29・3F-24
2026-10-25T02:00,統括,2,0,0,0,1,0,1,1,0,充足,1F-32
2026-10-25T02:30,1F,2,0,0,0,0,0,2,2,0,充足,1F-12・1F-13
2026-10-25T02:30,2F,3,0,0,0,1,0,2,2,0,充足,2F-06・2F-09
2026-10-25T02:30,3F,2,2,0,0,0,2,2,2,0,充足,1F-29・3F-24
2026-10-25T02:30,統括,2,0,0,0,1,0,1,1,0,充足,1F-32
2026-10-25T03:00,1F,2,0,0,0,0,0,2,2,0,充足,1F-12・1F-13
2026-10-25T03:00,2F,3,0,0,0,1,0,2,2,0,充足,2F-06・2F-09
2026-10-25T03:00,3F,2,1,0,0,0,1,2,2,0,充足,3F-14・3F-24
2026-10-25T03:00,統括,2,1,0,0,0,0,1,1,0,充足,1F-32
2026-10-25T03:30,1F,2,0,0,0,0,0,2,2,0,充足,1F-12・1F-13
2026-10-25T03:30,2F,3,0,0,0,1,0,2,2,0,充足,2F-06・2F-09
2026-10-25T03:30,3F,2,1,0,0,0,1,2,2,0,充足,3F-14・3F-24
2026-10-25T03:30,統括,2,1,0,0,0,0,1,1,0,充足,1F-32
2026-10-25T04:00,1F,2,0,0,0,0,0,2,2,0,充足,1F-12・1F-13
2026-10-25T04:00,2F,2,0,0,0,0,0,2,2,0,充足,2F-06・2F-09
2026-10-25T04:00,3F,2,0,0,0,0,0,2,2,0,充足,3F-06・3F-14
2026-10-25T04:00,統括,2,1,0,0,0,0,1,1,0,充足,1F-32
2026-10-25T04:30,1F,2,0,0,0,0,0,2,2,0,充足,1F-12・1F-13
2026-10-25T04:30,2F,2,0,0,0,0,0,2,2,0,充足,2F-06・2F-09
2026-10-25T04:30,3F,2,0,0,0,0,0,2,2,0,充足,3F-06・3F-14
2026-10-25T04:30,統括,2,1,0,0,0,0,1,1,0,充足,1F-32
2026-10-25T05:00,1F,2,0,0,0,0,0,2,2,0,充足,1F-12・1F-13
2026-10-25T05:00,2F,2,0,0,0,0,0,2,2,0,充足,2F-06・2F-09
2026-10-25T05:00,3F,2,0,0,0,0,0,2,2,0,充足,3F-06・3F-14
2026-10-25T05:00,統括,2,1,0,0,0,0,1,1,0,充足,1F-29
2026-10-25T05:30,1F,2,0,0,0,0,0,2,2,0,充足,1F-12・1F-13
2026-10-25T05:30,2F,2,0,0,0,0,0,2,2,0,充足,2F-06・2F-09
2026-10-25T05:30,3F,2,0,0,0,0,0,2,2,0,充足,3F-06・3F-14
2026-10-25T05:30,統括,2,1,0,0,0,0,1,1,0,充足,1F-29
2026-10-25T06:00,1F,2,0,0,0,0,0,2,2,0,充足,1F-12・1F-13
2026-10-25T06:00,2F,2,0,0,0,0,0,2,2,0,充足,2F-06・2F-09
2026-10-25T06:00,3F,2,0,0,0,0,0,2,2,0,充足,3F-06・3F-14
2026-10-25T06:00,統括,2,1,0,0,0,0,1,1,0,充足,1F-29
2026-10-25T06:30,1F,2,0,0,0,0,0,2,2,0,充足,1F-12・1F-13
2026-10-25T06:30,2F,2,0,0,0,0,0,2,2,0,充足,2F-06・2F-09
2026-10-25T06:30,3F,2,0,0,0,0,0,2,2,0,充足,3F-06・3F-14
2026-10-25T06:30,統括,2,1,0,0,0,0,1,1,0,充足,1F-29
2026-10-25T07:00,1F,7,0,0,0,0,0,7,4,0,充足,1F-01・1F-02・1F-03・1F-04・1F-06・1F-12・1F-13
2026-10-25T07:00,2F,7,0,0,0,0,0,7,4,0,充足,2F-06・2F-09・2F-14・3F-02・3F-25・3F-26・3F-27
2026-10-25T07:00,3F,7,0,0,0,0,0,7,4,0,充足,3F-06・3F-12・3F-13・3F-14・3F-15・3F-16・3F-33
2026-10-25T07:00,統括,2,0,0,0,0,0,2,0,0,充足,1F-29・1F-32
2026-10-25T07:30,1F,7,0,0,0,0,0,7,4,0,充足,1F-01・1F-02・1F-03・1F-04・1F-06・1F-12・1F-13
2026-10-25T07:30,2F,7,0,0,0,0,0,7,4,0,充足,2F-06・2F-09・2F-14・3F-02・3F-25・3F-26・3F-27
2026-10-25T07:30,3F,7,0,0,0,0,0,7,4,0,充足,3F-06・3F-12・3F-13・3F-14・3F-15・3F-16・3F-33
2026-10-25T07:30,統括,2,0,0,0,0,0,2,0,0,充足,1F-29・1F-32
2026-10-25T08:00,1F,7,0,0,0,0,0,7,4,0,充足,1F-01・1F-02・1F-03・1F-04・1F-06・1F-12・1F-13
2026-10-25T08:00,2F,7,0,0,0,0,0,7,4,0,充足,2F-06・2F-09・2F-14・3F-02・3F-25・3F-26・3F-27
2026-10-25T08:00,3F,7,0,0,0,0,0,7,4,0,充足,3F-06・3F-12・3F-13・3F-14・3F-15・3F-16・3F-33
2026-10-25T08:00,統括,2,0,0,0,0,0,2,0,0,充足,1F-29・1F-32
2026-10-25T08:30,1F,7,0,0,0,0,0,7,4,0,充足,1F-01・1F-02・1F-03・1F-04・1F-06・1F-12・1F-13
2026-10-25T08:30,2F,7,0,0,0,0,0,7,4,0,充足,2F-06・2F-09・2F-14・3F-02・3F-25・3F-26・3F-27
2026-10-25T08:30,3F,7,0,0,0,0,0,7,4,0,充足,3F-06・3F-12・3F-13・3F-14・3F-15・3F-16・3F-33
2026-10-25T08:30,統括,2,0,0,0,0,0,2,0,0,充足,1F-29・1F-32
2026-10-25T09:00,1F,5,0,0,0,0,0,5,4,0,充足,1F-01・1F-02・1F-03・1F-04・1F-06
2026-10-25T09:00,2F,5,0,0,0,0,0,5,4,0,充足,2F-14・3F-02・3F-25・3F-26・3F-27
2026-10-25T09:00,3F,5,0,0,0,0,0,5,4,0,充足,3F-12・3F-13・3F-15・3F-16・3F-33
2026-10-25T09:00,統括,0,0,0,0,0,0,0,0,0,充足,
2026-10-25T09:30,1F,5,0,0,0,0,0,5,4,0,充足,1F-01・1F-02・1F-03・1F-04・1F-06
2026-10-25T09:30,2F,5,0,0,0,0,0,5,4,0,充足,2F-14・3F-02・3F-25・3F-26・3F-27
2026-10-25T09:30,3F,5,0,0,0,0,0,5,4,0,充足,3F-12・3F-13・3F-15・3F-16・3F-33
2026-10-25T09:30,統括,0,0,0,0,0,0,0,0,0,充足,
2026-10-25T10:00,1F,10,0,1,0,0,0,9,4,0,充足,1F-01・1F-02・1F-03・1F-04・1F-07・1F-15・1F-16・1F-34・1F-35
2026-10-25T10:00,2F,10,0,1,0,0,0,9,4,0,充足,3F-02・3F-25・3F-26・3F-27・3F-28・3F-29・3F-30・3F-31・3F-32
2026-10-25T10:00,3F,10,0,1,0,0,0,9,4,0,充足,3F-13・3F-15・3F-16・3F-33・3F-34・3F-35・3F-36・3F-37・3F-38
2026-10-25T10:00,統括,0,0,0,0,0,0,0,0,0,充足,
2026-10-25T10:30,1F,10,0,1,0,0,0,9,4,0,充足,1F-01・1F-02・1F-03・1F-04・1F-07・1F-15・1F-16・1F-34・1F-35
2026-10-25T10:30,2F,10,0,1,0,0,0,9,4,0,充足,3F-02・3F-25・3F-26・3F-27・3F-28・3F-29・3F-30・3F-31・3F-32
2026-10-25T10:30,3F,10,0,1,0,0,0,9,4,0,充足,3F-13・3F-15・3F-16・3F-33・3F-34・3F-35・3F-36・3F-37・3F-38
2026-10-25T10:30,統括,0,0,0,0,0,0,0,0,0,充足,
2026-10-25T11:00,1F,10,5,0,0,0,0,5,4,0,充足,1F-07・1F-15・1F-16・1F-34・1F-35
2026-10-25T11:00,2F,10,5,0,0,0,0,5,4,0,充足,3F-28・3F-29・3F-30・3F-31・3F-32
2026-10-25T11:00,3F,10,5,0,0,0,0,5,4,0,充足,3F-34・3F-35・3F-36・3F-37・3F-38
2026-10-25T11:00,統括,0,0,0,0,0,0,0,0,0,充足,
2026-10-25T11:30,1F,10,5,0,0,0,0,5,4,0,充足,1F-07・1F-15・1F-16・1F-34・1F-35
2026-10-25T11:30,2F,10,5,0,0,0,0,5,4,0,充足,3F-28・3F-29・3F-30・3F-31・3F-32
2026-10-25T11:30,3F,10,5,0,0,0,0,5,4,0,充足,3F-34・3F-35・3F-36・3F-37・3F-38
2026-10-25T11:30,統括,0,0,0,0,0,0,0,0,0,充足,
2026-10-25T12:00,1F,10,0,0,0,0,0,10,4,0,充足,1F-01・1F-02・1F-03・1F-04・1F-06・1F-07・1F-15・1F-16・1F-34・1F-35
2026-10-25T12:00,2F,10,0,0,0,0,0,10,4,0,充足,2F-14・3F-02・3F-25・3F-26・3F-27・3F-28・3F-29・3F-30・3F-31・3F-32
2026-10-25T12:00,3F,10,0,0,0,0,0,10,4,0,充足,3F-12・3F-13・3F-15・3F-16・3F-33・3F-34・3F-35・3F-36・3F-37・3F-38
2026-10-25T12:00,統括,0,0,0,0,0,0,0,0,0,充足,
2026-10-25T12:30,1F,10,0,0,0,0,0,10,4,0,充足,1F-01・1F-02・1F-03・1F-04・1F-06・1F-07・1F-15・1F-16・1F-34・1F-35
2026-10-25T12:30,2F,10,0,0,0,0,0,10,4,0,充足,2F-14・3F-02・3F-25・3F-26・3F-27・3F-28・3F-29・3F-30・3F-31・3F-32
2026-10-25T12:30,3F,10,0,0,0,0,0,10,4,0,充足,3F-12・3F-13・3F-15・3F-16・3F-33・3F-34・3F-35・3F-36・3F-37・3F-38
2026-10-25T12:30,統括,0,0,0,0,0,0,0,0,0,充足,
2026-10-25T13:00,1F,10,5,0,0,0,0,5,4,0,充足,1F-01・1F-02・1F-03・1F-04・1F-06
2026-10-25T13:00,2F,10,5,0,0,0,0,5,4,0,充足,2F-14・3F-02・3F-25・3F-26・3F-27
2026-10-25T13:00,3F,10,5,0,0,0,0,5,4,0,充足,3F-12・3F-13・3F-15・3F-16・3F-33
2026-10-25T13:00,統括,0,0,0,0,0,0,0,0,0,充足,
2026-10-25T13:30,1F,10,5,0,0,0,0,5,4,0,充足,1F-01・1F-02・1F-03・1F-04・1F-06
2026-10-25T13:30,2F,10,5,0,0,0,0,5,4,0,充足,2F-14・3F-02・3F-25・3F-26・3F-27
2026-10-25T13:30,3F,10,5,0,0,0,0,5,4,0,充足,3F-12・3F-13・3F-15・3F-16・3F-33
2026-10-25T13:30,統括,0,0,0,0,0,0,0,0,0,充足,
2026-10-25T14:00,1F,10,0,0,0,0,0,10,4,0,充足,1F-01・1F-02・1F-03・1F-04・1F-06・1F-07・1F-15・1F-16・1F-34・1F-35
2026-10-25T14:00,2F,10,0,0,0,0,0,10,4,0,充足,2F-14・3F-02・3F-25・3F-26・3F-27・3F-28・3F-29・3F-30・3F-31・3F-32
2026-10-25T14:00,3F,11,0,0,0,0,0,11,4,0,充足,3F-12・3F-13・3F-15・3F-16・3F-20・3F-33・3F-34・3F-35・3F-36・3F-37・3F-38
2026-10-25T14:00,統括,0,0,0,0,0,0,0,0,0,充足,
2026-10-25T14:30,1F,10,0,0,0,0,0,10,4,0,充足,1F-01・1F-02・1F-03・1F-04・1F-06・1F-07・1F-15・1F-16・1F-34・1F-35
2026-10-25T14:30,2F,10,0,0,0,0,0,10,4,0,充足,2F-14・3F-02・3F-25・3F-26・3F-27・3F-28・3F-29・3F-30・3F-31・3F-32
2026-10-25T14:30,3F,11,0,0,0,0,0,11,4,0,充足,3F-12・3F-13・3F-15・3F-16・3F-20・3F-33・3F-34・3F-35・3F-36・3F-37・3F-38
2026-10-25T14:30,統括,0,0,0,0,0,0,0,0,0,充足,
2026-10-25T15:00,1F,10,0,1,0,0,0,9,4,0,充足,1F-01・1F-02・1F-03・1F-04・1F-06・1F-15・1F-16・1F-34・1F-35
2026-10-25T15:00,2F,10,0,1,0,0,0,9,4,0,充足,2F-14・3F-02・3F-25・3F-26・3F-27・3F-29・3F-30・3F-31・3F-32
2026-10-25T15:00,3F,11,0,1,0,0,0,10,4,0,充足,3F-12・3F-13・3F-15・3F-16・3F-20・3F-33・3F-35・3F-36・3F-37・3F-38
2026-10-25T15:00,統括,0,0,0,0,0,0,0,0,0,充足,
2026-10-25T15:30,1F,10,0,1,0,0,0,9,4,0,充足,1F-01・1F-02・1F-03・1F-04・1F-06・1F-15・1F-16・1F-34・1F-35
2026-10-25T15:30,2F,10,0,1,0,0,0,9,4,0,充足,2F-14・3F-02・3F-25・3F-26・3F-27・3F-29・3F-30・3F-31・3F-32
2026-10-25T15:30,3F,11,0,1,0,0,0,10,4,0,充足,3F-12・3F-13・3F-15・3F-16・3F-20・3F-33・3F-35・3F-36・3F-37・3F-38
2026-10-25T15:30,統括,0,0,0,0,0,0,0,0,0,充足,
2026-10-25T16:00,1F,7,0,0,0,0,0,7,4,0,充足,1F-07・1F-14・1F-15・1F-16・1F-30・1F-34・1F-35
2026-10-25T16:00,2F,7,0,0,0,0,0,7,4,0,充足,2F-10・2F-11・3F-28・3F-29・3F-30・3F-31・3F-32
2026-10-25T16:00,3F,8,0,0,0,0,0,8,4,0,充足,3F-07・3F-08・3F-20・3F-34・3F-35・3F-36・3F-37・3F-38
2026-10-25T16:00,統括,2,0,0,0,0,0,2,0,0,充足,1F-31・1F-33
2026-10-25T16:30,1F,7,2,0,0,0,0,5,4,0,充足,1F-07・1F-15・1F-16・1F-34・1F-35
2026-10-25T16:30,2F,7,2,0,0,0,0,5,4,0,充足,3F-28・3F-29・3F-30・3F-31・3F-32
2026-10-25T16:30,3F,8,0,0,0,0,0,8,4,0,充足,3F-07・3F-08・3F-20・3F-34・3F-35・3F-36・3F-37・3F-38
2026-10-25T16:30,統括,2,0,0,0,0,0,2,0,0,充足,1F-31・1F-33
2026-10-25T17:00,1F,7,2,0,0,0,0,5,4,0,充足,1F-07・1F-15・1F-16・1F-34・1F-35
2026-10-25T17:00,2F,7,2,0,0,0,0,5,4,0,充足,3F-28・3F-29・3F-30・3F-31・3F-32
2026-10-25T17:00,3F,8,0,0,0,0,0,8,4,0,充足,3F-07・3F-08・3F-20・3F-34・3F-35・3F-36・3F-37・3F-38
2026-10-25T17:00,統括,2,0,0,0,0,0,2,0,0,充足,1F-31・1F-33
2026-10-25T17:30,1F,7,0,0,0,0,0,7,4,0,充足,1F-07・1F-14・1F-15・1F-16・1F-30・1F-34・1F-35
2026-10-25T17:30,2F,7,0,0,0,0,0,7,4,0,充足,2F-10・2F-11・3F-28・3F-29・3F-30・3F-31・3F-32
2026-10-25T17:30,3F,8,2,0,0,0,0,6,4,0,充足,3F-20・3F-34・3F-35・3F-36・3F-37・3F-38
2026-10-25T17:30,統括,2,2,0,0,0,0,0,0,0,充足,
2026-10-25T18:00,1F,7,0,0,0,0,0,7,4,0,充足,1F-07・1F-14・1F-15・1F-16・1F-30・1F-34・1F-35
2026-10-25T18:00,2F,7,0,0,0,0,0,7,4,0,充足,2F-10・2F-11・3F-28・3F-29・3F-30・3F-31・3F-32
2026-10-25T18:00,3F,8,2,0,0,0,0,6,4,0,充足,3F-20・3F-34・3F-35・3F-36・3F-37・3F-38
2026-10-25T18:00,統括,2,2,0,0,0,0,0,0,0,充足,
2026-10-25T18:30,1F,7,0,0,0,0,0,7,4,0,充足,1F-07・1F-14・1F-15・1F-16・1F-30・1F-34・1F-35
2026-10-25T18:30,2F,7,0,0,0,0,0,7,4,0,充足,2F-10・2F-11・3F-28・3F-29・3F-30・3F-31・3F-32
2026-10-25T18:30,3F,8,0,0,0,0,0,8,4,0,充足,3F-07・3F-08・3F-20・3F-34・3F-35・3F-36・3F-37・3F-38
2026-10-25T18:30,統括,2,0,0,0,0,0,2,0,0,充足,1F-31・1F-33
2026-10-25T19:00,1F,2,0,0,0,0,0,2,2,0,充足,1F-14・1F-30
2026-10-25T19:00,2F,2,0,0,0,0,0,2,2,0,充足,2F-10・2F-11
2026-10-25T19:00,3F,2,0,0,0,0,0,2,2,0,充足,3F-07・3F-08
2026-10-25T19:00,統括,2,0,0,0,0,0,2,1,0,充足,1F-31・1F-33
2026-10-25T19:30,1F,2,0,0,0,0,0,2,2,0,充足,1F-14・1F-30
2026-10-25T19:30,2F,2,0,0,0,0,0,2,2,0,充足,2F-10・2F-11
2026-10-25T19:30,3F,2,0,0,0,0,0,2,2,0,充足,3F-07・3F-08
2026-10-25T19:30,統括,2,0,0,0,0,0,2,1,0,充足,1F-31・1F-33
2026-10-25T20:00,1F,2,0,0,0,0,0,2,2,0,充足,1F-14・1F-30
2026-10-25T20:00,2F,2,0,0,0,0,0,2,2,0,充足,2F-10・2F-11
2026-10-25T20:00,3F,2,0,0,0,0,0,2,2,0,充足,3F-07・3F-08
2026-10-25T20:00,統括,2,0,0,0,0,0,2,1,0,充足,1F-31・1F-33
2026-10-25T20:30,1F,2,0,0,0,0,0,2,2,0,充足,1F-14・1F-30
2026-10-25T20:30,2F,2,0,0,0,0,0,2,2,0,充足,2F-10・2F-11
2026-10-25T20:30,3F,2,0,0,0,0,0,2,2,0,充足,3F-07・3F-08
2026-10-25T20:30,統括,2,0,0,0,0,0,2,1,0,充足,1F-31・1F-33
2026-10-25T21:00,1F,2,1,0,0,0,1,2,2,0,充足,1F-30・1F-31
2026-10-25T21:00,2F,2,0,0,0,0,0,2,2,0,充足,2F-10・2F-11
2026-10-25T21:00,3F,2,0,0,0,0,0,2,2,0,充足,3F-07・3F-08
2026-10-25T21:00,統括,2,0,0,0,1,0,1,1,0,充足,1F-33
2026-10-25T21:30,1F,2,1,0,0,0,1,2,2,0,充足,1F-30・1F-31
2026-10-25T21:30,2F,2,0,0,0,0,0,2,2,0,充足,2F-10・2F-11
2026-10-25T21:30,3F,2,0,0,0,0,0,2,2,0,充足,3F-07・3F-08
2026-10-25T21:30,統括,2,0,0,0,1,0,1,1,0,充足,1F-33
2026-10-25T22:00,1F,3,2,0,0,1,2,2,2,0,充足,1F-25・1F-31
2026-10-25T22:00,2F,2,0,0,0,0,0,2,2,0,充足,2F-10・2F-11
2026-10-25T22:00,3F,2,0,0,0,0,0,2,2,0,充足,3F-07・3F-08
2026-10-25T22:00,統括,2,0,0,0,1,0,1,1,0,充足,1F-33
2026-10-25T22:30,1F,3,2,0,0,1,2,2,2,0,充足,1F-25・1F-31
2026-10-25T22:30,2F,2,0,0,0,0,0,2,2,0,充足,2F-10・2F-11
2026-10-25T22:30,3F,2,0,0,0,0,0,2,2,0,充足,3F-07・3F-08
2026-10-25T22:30,統括,2,0,0,0,1,0,1,1,0,充足,1F-33
2026-10-25T23:00,1F,3,1,0,0,1,1,2,2,0,充足,1F-14・1F-25
2026-10-25T23:00,2F,2,1,0,0,0,1,2,2,0,充足,1F-31・2F-11
2026-10-25T23:00,3F,2,0,0,0,0,0,2,2,0,充足,3F-07・3F-08
2026-10-25T23:00,統括,2,0,0,0,1,0,1,1,0,充足,1F-33
2026-10-25T23:30,1F,3,1,0,0,1,1,2,2,0,充足,1F-14・1F-25
2026-10-25T23:30,2F,2,1,0,0,0,1,2,2,0,充足,1F-31・2F-11
2026-10-25T23:30,3F,2,0,0,0,0,0,2,2,0,充足,3F-07・3F-08
2026-10-25T23:30,統括,2,0,0,0,1,0,1,1,0,充足,1F-33
2026-10-26T00:00,1F,3,0,0,0,1,0,2,2,0,充足,1F-14・1F-30
2026-10-26T00:00,2F,2,2,0,0,0,2,2,2,0,充足,1F-25・1F-31
2026-10-26T00:00,3F,2,0,0,0,0,0,2,2,0,充足,3F-07・3F-08
2026-10-26T00:00,統括,2,0,0,0,1,0,1,1,0,充足,1F-33
2026-10-26T00:30,1F,3,0,0,0,1,0,2,2,0,充足,1F-14・1F-30
2026-10-26T00:30,2F,2,2,0,0,0,2,2,2,0,充足,1F-25・1F-31
2026-10-26T00:30,3F,2,0,0,0,0,0,2,2,0,充足,3F-07・3F-08
2026-10-26T00:30,統括,2,0,0,0,1,0,1,1,0,充足,1F-33
2026-10-26T01:00,1F,2,0,0,0,0,0,2,2,0,充足,1F-14・1F-30
2026-10-26T01:00,2F,3,1,0,0,1,1,2,2,0,充足,2F-10・2F-24
2026-10-26T01:00,3F,2,1,0,0,0,1,2,2,0,充足,1F-31・3F-08
2026-10-26T01:00,統括,2,0,0,0,1,0,1,1,0,充足,1F-33
2026-10-26T01:30,1F,2,0,0,0,0,0,2,2,0,充足,1F-14・1F-30
2026-10-26T01:30,2F,3,1,0,0,1,1,2,2,0,充足,2F-10・2F-24
2026-10-26T01:30,3F,2,1,0,0,0,1,2,2,0,充足,1F-31・3F-08
2026-10-26T01:30,統括,2,0,0,0,1,0,1,1,0,充足,1F-33
2026-10-26T02:00,1F,2,0,0,0,0,0,2,2,0,充足,1F-14・1F-30
2026-10-26T02:00,2F,3,0,0,0,1,0,2,2,0,充足,2F-10・2F-11
2026-10-26T02:00,3F,2,2,0,0,0,2,2,2,0,充足,1F-31・2F-24
2026-10-26T02:00,統括,2,0,0,0,1,0,1,1,0,充足,1F-33
2026-10-26T02:30,1F,2,0,0,0,0,0,2,2,0,充足,1F-14・1F-30
2026-10-26T02:30,2F,3,0,0,0,1,0,2,2,0,充足,2F-10・2F-11
2026-10-26T02:30,3F,2,2,0,0,0,2,2,2,0,充足,1F-31・2F-24
2026-10-26T02:30,統括,2,0,0,0,1,0,1,1,0,充足,1F-33
2026-10-26T03:00,1F,2,0,0,0,0,0,2,2,0,充足,1F-14・1F-30
2026-10-26T03:00,2F,3,0,0,0,1,0,2,2,0,充足,2F-10・2F-11
2026-10-26T03:00,3F,2,1,0,0,0,1,2,2,0,充足,2F-24・3F-07
2026-10-26T03:00,統括,2,1,0,0,0,0,1,1,0,充足,1F-33
2026-10-26T03:30,1F,2,0,0,0,0,0,2,2,0,充足,1F-14・1F-30
2026-10-26T03:30,2F,3,0,0,0,1,0,2,2,0,充足,2F-10・2F-11
2026-10-26T03:30,3F,2,1,0,0,0,1,2,2,0,充足,2F-24・3F-07
2026-10-26T03:30,統括,2,1,0,0,0,0,1,1,0,充足,1F-33
2026-10-26T04:00,1F,2,0,0,0,0,0,2,2,0,充足,1F-14・1F-30
2026-10-26T04:00,2F,2,0,0,0,0,0,2,2,0,充足,2F-10・2F-11
2026-10-26T04:00,3F,2,0,0,0,0,0,2,2,0,充足,3F-07・3F-08
2026-10-26T04:00,統括,2,1,0,0,0,0,1,1,0,充足,1F-33
2026-10-26T04:30,1F,2,0,0,0,0,0,2,2,0,充足,1F-14・1F-30
2026-10-26T04:30,2F,2,0,0,0,0,0,2,2,0,充足,2F-10・2F-11
2026-10-26T04:30,3F,2,0,0,0,0,0,2,2,0,充足,3F-07・3F-08
2026-10-26T04:30,統括,2,1,0,0,0,0,1,1,0,充足,1F-33
2026-10-26T05:00,1F,2,0,0,0,0,0,2,2,0,充足,1F-14・1F-30
2026-10-26T05:00,2F,2,0,0,0,0,0,2,2,0,充足,2F-10・2F-11
2026-10-26T05:00,3F,2,0,0,0,0,0,2,2,0,充足,3F-07・3F-08
2026-10-26T05:00,統括,2,1,0,0,0,0,1,1,0,充足,1F-31
2026-10-26T05:30,1F,2,0,0,0,0,0,2,2,0,充足,1F-14・1F-30
2026-10-26T05:30,2F,2,0,0,0,0,0,2,2,0,充足,2F-10・2F-11
2026-10-26T05:30,3F,2,0,0,0,0,0,2,2,0,充足,3F-07・3F-08
2026-10-26T05:30,統括,2,1,0,0,0,0,1,1,0,充足,1F-31
2026-10-26T06:00,1F,2,0,0,0,0,0,2,2,0,充足,1F-14・1F-30
2026-10-26T06:00,2F,2,0,0,0,0,0,2,2,0,充足,2F-10・2F-11
2026-10-26T06:00,3F,2,0,0,0,0,0,2,2,0,充足,3F-07・3F-08
2026-10-26T06:00,統括,2,1,0,0,0,0,1,1,0,充足,1F-31
2026-10-26T06:30,1F,2,0,0,0,0,0,2,2,0,充足,1F-14・1F-30
2026-10-26T06:30,2F,2,0,0,0,0,0,2,2,0,充足,2F-10・2F-11
2026-10-26T06:30,3F,2,0,0,0,0,0,2,2,0,充足,3F-07・3F-08
2026-10-26T06:30,統括,2,1,0,0,0,0,1,1,0,充足,1F-31
2026-10-26T07:00,1F,7,0,0,0,0,0,7,4,0,充足,1F-01・1F-02・1F-03・1F-04・1F-05・1F-14・1F-30
2026-10-26T07:00,2F,7,0,0,0,0,0,7,4,0,充足,2F-01・2F-02・2F-03・2F-04・2F-05・2F-10・2F-11
2026-10-26T07:00,3F,7,0,0,0,0,0,7,4,0,充足,3F-01・3F-02・3F-03・3F-04・3F-05・3F-07・3F-08
2026-10-26T07:00,統括,2,0,0,0,0,0,2,0,0,充足,1F-31・1F-33
2026-10-26T07:30,1F,7,0,0,0,0,0,7,4,0,充足,1F-01・1F-02・1F-03・1F-04・1F-05・1F-14・1F-30
2026-10-26T07:30,2F,7,0,0,0,0,0,7,4,0,充足,2F-01・2F-02・2F-03・2F-04・2F-05・2F-10・2F-11
2026-10-26T07:30,3F,7,0,0,0,0,0,7,4,0,充足,3F-01・3F-02・3F-03・3F-04・3F-05・3F-07・3F-08
2026-10-26T07:30,統括,2,0,0,0,0,0,2,0,0,充足,1F-31・1F-33
2026-10-26T08:00,1F,7,0,0,0,0,0,7,4,0,充足,1F-01・1F-02・1F-03・1F-04・1F-05・1F-14・1F-30
2026-10-26T08:00,2F,7,0,0,0,0,0,7,4,0,充足,2F-01・2F-02・2F-03・2F-04・2F-05・2F-10・2F-11
2026-10-26T08:00,3F,7,0,0,0,0,0,7,4,0,充足,3F-01・3F-02・3F-03・3F-04・3F-05・3F-07・3F-08
2026-10-26T08:00,統括,2,0,0,0,0,0,2,0,0,充足,1F-31・1F-33
2026-10-26T08:30,1F,8,0,0,0,0,0,8,4,0,充足,1F-01・1F-02・1F-03・1F-04・1F-05・1F-11・1F-14・1F-30
2026-10-26T08:30,2F,7,0,0,0,0,0,7,4,0,充足,2F-01・2F-02・2F-03・2F-04・2F-05・2F-10・2F-11
2026-10-26T08:30,3F,7,0,0,0,0,0,7,4,0,充足,3F-01・3F-02・3F-03・3F-04・3F-05・3F-07・3F-08
2026-10-26T08:30,統括,2,0,0,0,0,0,2,0,0,充足,1F-31・1F-33
2026-10-26T09:00,1F,6,0,0,0,0,0,6,4,0,充足,1F-01・1F-02・1F-03・1F-04・1F-05・1F-11
2026-10-26T09:00,2F,5,0,0,0,0,0,5,4,0,充足,2F-01・2F-02・2F-03・2F-04・2F-05
2026-10-26T09:00,3F,5,0,0,0,0,0,5,4,0,充足,3F-01・3F-02・3F-03・3F-04・3F-05
2026-10-26T09:00,統括,0,0,0,0,0,0,0,0,0,充足,
2026-10-26T09:30,1F,6,0,0,0,0,0,6,4,0,充足,1F-01・1F-02・1F-03・1F-04・1F-05・1F-11
2026-10-26T09:30,2F,5,0,0,0,0,0,5,4,0,充足,2F-01・2F-02・2F-03・2F-04・2F-05
2026-10-26T09:30,3F,5,0,0,0,0,0,5,4,0,充足,3F-01・3F-02・3F-03・3F-04・3F-05
2026-10-26T09:30,統括,0,0,0,0,0,0,0,0,0,充足,
2026-10-26T10:00,1F,11,0,1,0,0,0,10,4,0,充足,1F-02・1F-03・1F-04・1F-05・1F-06・1F-07・1F-08・1F-09・1F-10・1F-11
2026-10-26T10:00,2F,10,0,1,0,0,0,9,4,0,充足,2F-02・2F-03・2F-04・2F-05・2F-07・2F-08・2F-15・2F-16・2F-26
2026-10-26T10:00,3F,10,0,1,0,0,0,9,4,0,充足,3F-02・3F-03・3F-04・3F-05・3F-06・3F-15・3F-16・3F-25・3F-26
2026-10-26T10:00,統括,0,0,0,0,0,0,0,0,0,充足,
2026-10-26T10:30,1F,11,0,1,0,0,0,10,4,0,充足,1F-02・1F-03・1F-04・1F-05・1F-06・1F-07・1F-08・1F-09・1F-10・1F-11
2026-10-26T10:30,2F,10,0,1,0,0,0,9,4,0,充足,2F-02・2F-03・2F-04・2F-05・2F-07・2F-08・2F-15・2F-16・2F-26
2026-10-26T10:30,3F,10,0,1,0,0,0,9,4,0,充足,3F-02・3F-03・3F-04・3F-05・3F-06・3F-15・3F-16・3F-25・3F-26
2026-10-26T10:30,統括,0,0,0,0,0,0,0,0,0,充足,
2026-10-26T11:00,1F,11,5,0,0,0,0,6,4,0,充足,1F-06・1F-07・1F-08・1F-09・1F-10・1F-11
2026-10-26T11:00,2F,10,5,0,0,0,0,5,4,0,充足,2F-07・2F-08・2F-15・2F-16・2F-26
2026-10-26T11:00,3F,10,5,0,0,0,0,5,4,0,充足,3F-06・3F-15・3F-16・3F-25・3F-26
2026-10-26T11:00,統括,0,0,0,0,0,0,0,0,0,充足,
2026-10-26T11:30,1F,11,5,0,0,0,0,6,4,0,充足,1F-06・1F-07・1F-08・1F-09・1F-10・1F-11
2026-10-26T11:30,2F,10,5,0,0,0,0,5,4,0,充足,2F-07・2F-08・2F-15・2F-16・2F-26
2026-10-26T11:30,3F,10,5,0,0,0,0,5,4,0,充足,3F-06・3F-15・3F-16・3F-25・3F-26
2026-10-26T11:30,統括,0,0,0,0,0,0,0,0,0,充足,
2026-10-26T12:00,1F,11,1,0,0,0,0,10,4,0,充足,1F-01・1F-02・1F-03・1F-04・1F-05・1F-06・1F-07・1F-08・1F-09・1F-10
2026-10-26T12:00,2F,10,0,0,0,0,0,10,4,0,充足,2F-01・2F-02・2F-03・2F-04・2F-05・2F-07・2F-08・2F-15・2F-16・2F-26
2026-10-26T12:00,3F,10,0,0,0,0,0,10,4,0,充足,3F-01・3F-02・3F-03・3F-04・3F-05・3F-06・3F-15・3F-16・3F-25・3F-26
2026-10-26T12:00,統括,0,0,0,0,0,0,0,0,0,充足,
2026-10-26T12:30,1F,11,1,0,0,0,0,10,4,0,充足,1F-01・1F-02・1F-03・1F-04・1F-05・1F-06・1F-07・1F-08・1F-09・1F-10
2026-10-26T12:30,2F,10,0,0,0,0,0,10,4,0,充足,2F-01・2F-02・2F-03・2F-04・2F-05・2F-07・2F-08・2F-15・2F-16・2F-26
2026-10-26T12:30,3F,10,0,0,0,0,0,10,4,0,充足,3F-01・3F-02・3F-03・3F-04・3F-05・3F-06・3F-15・3F-16・3F-25・3F-26
2026-10-26T12:30,統括,0,0,0,0,0,0,0,0,0,充足,
2026-10-26T13:00,1F,11,5,0,0,0,0,6,4,0,充足,1F-01・1F-02・1F-03・1F-04・1F-05・1F-11
2026-10-26T13:00,2F,10,5,0,0,0,0,5,4,0,充足,2F-01・2F-02・2F-03・2F-04・2F-05
2026-10-26T13:00,3F,10,5,0,0,0,0,5,4,0,充足,3F-01・3F-02・3F-03・3F-04・3F-05
2026-10-26T13:00,統括,0,0,0,0,0,0,0,0,0,充足,
2026-10-26T13:30,1F,11,5,0,0,0,0,6,4,0,充足,1F-01・1F-02・1F-03・1F-04・1F-05・1F-11
2026-10-26T13:30,2F,10,5,0,0,0,0,5,4,0,充足,2F-01・2F-02・2F-03・2F-04・2F-05
2026-10-26T13:30,3F,10,5,0,0,0,0,5,4,0,充足,3F-01・3F-02・3F-03・3F-04・3F-05
2026-10-26T13:30,統括,0,0,0,0,0,0,0,0,0,充足,
2026-10-26T14:00,1F,11,0,0,0,0,0,11,4,0,充足,1F-01・1F-02・1F-03・1F-04・1F-05・1F-06・1F-07・1F-08・1F-09・1F-10・1F-11
2026-10-26T14:00,2F,10,0,0,0,0,0,10,4,0,充足,2F-01・2F-02・2F-03・2F-04・2F-05・2F-07・2F-08・2F-15・2F-16・2F-26
2026-10-26T14:00,3F,10,0,0,0,0,0,10,4,0,充足,3F-01・3F-02・3F-03・3F-04・3F-05・3F-06・3F-15・3F-16・3F-25・3F-26
2026-10-26T14:00,統括,0,0,0,0,0,0,0,0,0,充足,
2026-10-26T14:30,1F,11,0,0,0,0,0,11,4,0,充足,1F-01・1F-02・1F-03・1F-04・1F-05・1F-06・1F-07・1F-08・1F-09・1F-10・1F-11
2026-10-26T14:30,2F,10,0,0,0,0,0,10,4,0,充足,2F-01・2F-02・2F-03・2F-04・2F-05・2F-07・2F-08・2F-15・2F-16・2F-26
2026-10-26T14:30,3F,10,0,0,0,0,0,10,4,0,充足,3F-01・3F-02・3F-03・3F-04・3F-05・3F-06・3F-15・3F-16・3F-25・3F-26
2026-10-26T14:30,統括,0,0,0,0,0,0,0,0,0,充足,
2026-10-26T15:00,1F,11,0,1,0,0,0,10,4,0,充足,1F-01・1F-02・1F-03・1F-04・1F-05・1F-07・1F-08・1F-09・1F-10・1F-11
2026-10-26T15:00,2F,10,0,1,0,0,0,9,4,0,充足,2F-01・2F-02・2F-03・2F-04・2F-05・2F-08・2F-15・2F-16・2F-26
2026-10-26T15:00,3F,10,0,1,0,0,0,9,4,0,充足,3F-01・3F-02・3F-03・3F-04・3F-05・3F-15・3F-16・3F-25・3F-26
2026-10-26T15:00,統括,0,0,0,0,0,0,0,0,0,充足,
2026-10-26T15:30,1F,11,0,1,0,0,0,10,4,0,充足,1F-01・1F-02・1F-03・1F-04・1F-05・1F-07・1F-08・1F-09・1F-10・1F-11
2026-10-26T15:30,2F,10,0,1,0,0,0,9,4,0,充足,2F-01・2F-02・2F-03・2F-04・2F-05・2F-08・2F-15・2F-16・2F-26
2026-10-26T15:30,3F,10,0,1,0,0,0,9,4,0,充足,3F-01・3F-02・3F-03・3F-04・3F-05・3F-15・3F-16・3F-25・3F-26
2026-10-26T15:30,統括,0,0,0,0,0,0,0,0,0,充足,
2026-10-26T16:00,1F,8,0,0,0,0,0,8,4,0,充足,1F-06・1F-07・1F-08・1F-09・1F-10・1F-11・1F-13・1F-27
2026-10-26T16:00,2F,7,0,0,0,0,0,7,4,0,充足,2F-06・2F-07・2F-08・2F-09・2F-15・2F-16・2F-26
2026-10-26T16:00,3F,7,0,0,0,0,0,7,4,0,充足,3F-06・3F-09・3F-10・3F-15・3F-16・3F-25・3F-26
2026-10-26T16:00,統括,2,0,0,0,0,0,2,0,0,充足,1F-28・1F-29
2026-10-26T16:30,1F,8,2,0,0,0,0,6,4,0,充足,1F-06・1F-07・1F-08・1F-09・1F-10・1F-11
2026-10-26T16:30,2F,7,2,0,0,0,0,5,4,0,充足,2F-07・2F-08・2F-15・2F-16・2F-26
2026-10-26T16:30,3F,7,0,0,0,0,0,7,4,0,充足,3F-06・3F-09・3F-10・3F-15・3F-16・3F-25・3F-26
2026-10-26T16:30,統括,2,0,0,0,0,0,2,0,0,充足,1F-28・1F-29
2026-10-26T17:00,1F,8,2,0,0,0,0,6,4,0,充足,1F-06・1F-07・1F-08・1F-09・1F-10・1F-11
2026-10-26T17:00,2F,7,2,0,0,0,0,5,4,0,充足,2F-07・2F-08・2F-15・2F-16・2F-26
2026-10-26T17:00,3F,7,0,0,0,0,0,7,4,0,充足,3F-06・3F-09・3F-10・3F-15・3F-16・3F-25・3F-26
2026-10-26T17:00,統括,2,0,0,0,0,0,2,0,0,充足,1F-28・1F-29
2026-10-26T17:30,1F,7,0,0,0,0,0,7,4,0,充足,1F-06・1F-07・1F-08・1F-09・1F-10・1F-13・1F-27
2026-10-26T17:30,2F,7,0,0,0,0,0,7,4,0,充足,2F-06・2F-07・2F-08・2F-09・2F-15・2F-16・2F-26
2026-10-26T17:30,3F,7,2,0,0,0,0,5,4,0,充足,3F-06・3F-15・3F-16・3F-25・3F-26
2026-10-26T17:30,統括,2,2,0,0,0,0,0,0,0,充足,
2026-10-26T18:00,1F,7,0,0,0,0,0,7,4,0,充足,1F-06・1F-07・1F-08・1F-09・1F-10・1F-13・1F-27
2026-10-26T18:00,2F,7,0,0,0,0,0,7,4,0,充足,2F-06・2F-07・2F-08・2F-09・2F-15・2F-16・2F-26
2026-10-26T18:00,3F,7,2,0,0,0,0,5,4,0,充足,3F-06・3F-15・3F-16・3F-25・3F-26
2026-10-26T18:00,統括,2,2,0,0,0,0,0,0,0,充足,
2026-10-26T18:30,1F,7,0,0,0,0,0,7,4,0,充足,1F-06・1F-07・1F-08・1F-09・1F-10・1F-13・1F-27
2026-10-26T18:30,2F,7,0,0,0,0,0,7,4,0,充足,2F-06・2F-07・2F-08・2F-09・2F-15・2F-16・2F-26
2026-10-26T18:30,3F,7,0,0,0,0,0,7,4,0,充足,3F-06・3F-09・3F-10・3F-15・3F-16・3F-25・3F-26
2026-10-26T18:30,統括,2,0,0,0,0,0,2,0,0,充足,1F-28・1F-29
2026-10-26T19:00,1F,2,0,0,0,0,0,2,2,0,充足,1F-13・1F-27
2026-10-26T19:00,2F,2,0,0,0,0,0,2,2,0,充足,2F-06・2F-09
2026-10-26T19:00,3F,2,0,0,0,0,0,2,2,0,充足,3F-09・3F-10
2026-10-26T19:00,統括,2,0,0,0,0,0,2,1,0,充足,1F-28・1F-29
2026-10-26T19:30,1F,2,0,0,0,0,0,2,2,0,充足,1F-13・1F-27
2026-10-26T19:30,2F,2,0,0,0,0,0,2,2,0,充足,2F-06・2F-09
2026-10-26T19:30,3F,2,0,0,0,0,0,2,2,0,充足,3F-09・3F-10
2026-10-26T19:30,統括,2,0,0,0,0,0,2,1,0,充足,1F-28・1F-29
2026-10-26T20:00,1F,2,0,0,0,0,0,2,2,0,充足,1F-13・1F-27
2026-10-26T20:00,2F,2,0,0,0,0,0,2,2,0,充足,2F-06・2F-09
2026-10-26T20:00,3F,2,0,0,0,0,0,2,2,0,充足,3F-09・3F-10
2026-10-26T20:00,統括,2,0,0,0,0,0,2,1,0,充足,1F-28・1F-29
2026-10-26T20:30,1F,2,0,0,0,0,0,2,2,0,充足,1F-13・1F-27
2026-10-26T20:30,2F,2,0,0,0,0,0,2,2,0,充足,2F-06・2F-09
2026-10-26T20:30,3F,2,0,0,0,0,0,2,2,0,充足,3F-09・3F-10
2026-10-26T20:30,統括,2,0,0,0,0,0,2,1,0,充足,1F-28・1F-29
2026-10-26T21:00,1F,2,1,0,0,0,1,2,2,0,充足,1F-27・1F-28
2026-10-26T21:00,2F,2,0,0,0,0,0,2,2,0,充足,2F-06・2F-09
2026-10-26T21:00,3F,2,0,0,0,0,0,2,2,0,充足,3F-09・3F-10
2026-10-26T21:00,統括,2,0,0,0,1,0,1,1,0,充足,1F-29
2026-10-26T21:30,1F,2,1,0,0,0,1,2,2,0,充足,1F-27・1F-28
2026-10-26T21:30,2F,2,0,0,0,0,0,2,2,0,充足,2F-06・2F-09
2026-10-26T21:30,3F,2,0,0,0,0,0,2,2,0,充足,3F-09・3F-10
2026-10-26T21:30,統括,2,0,0,0,1,0,1,1,0,充足,1F-29
2026-10-26T22:00,1F,3,2,0,0,1,2,2,2,0,充足,1F-23・1F-28
2026-10-26T22:00,2F,2,0,0,0,0,0,2,2,0,充足,2F-06・2F-09
2026-10-26T22:00,3F,2,0,0,0,0,0,2,2,0,充足,3F-09・3F-10
2026-10-26T22:00,統括,2,0,0,0,1,0,1,1,0,充足,1F-29
2026-10-26T22:30,1F,3,2,0,0,1,2,2,2,0,充足,1F-23・1F-28
2026-10-26T22:30,2F,2,0,0,0,0,0,2,2,0,充足,2F-06・2F-09
2026-10-26T22:30,3F,2,0,0,0,0,0,2,2,0,充足,3F-09・3F-10
2026-10-26T22:30,統括,2,0,0,0,1,0,1,1,0,充足,1F-29
2026-10-26T23:00,1F,3,1,0,0,1,1,2,2,0,充足,1F-13・1F-23
2026-10-26T23:00,2F,2,1,0,0,0,1,2,2,0,充足,1F-28・2F-09
2026-10-26T23:00,3F,2,0,0,0,0,0,2,2,0,充足,3F-09・3F-10
2026-10-26T23:00,統括,2,0,0,0,1,0,1,1,0,充足,1F-29
2026-10-26T23:30,1F,3,1,0,0,1,1,2,2,0,充足,1F-13・1F-23
2026-10-26T23:30,2F,2,1,0,0,0,1,2,2,0,充足,1F-28・2F-09
2026-10-26T23:30,3F,2,0,0,0,0,0,2,2,0,充足,3F-09・3F-10
2026-10-26T23:30,統括,2,0,0,0,1,0,1,1,0,充足,1F-29
2026-10-27T00:00,1F,3,0,0,0,1,0,2,2,0,充足,1F-13・1F-27
2026-10-27T00:00,2F,2,2,0,0,0,2,2,2,0,充足,1F-23・1F-28
2026-10-27T00:00,3F,2,0,0,0,0,0,2,2,0,充足,3F-09・3F-10
2026-10-27T00:00,統括,2,0,0,0,1,0,1,1,0,充足,1F-29
2026-10-27T00:30,1F,3,0,0,0,1,0,2,2,0,充足,1F-13・1F-27
2026-10-27T00:30,2F,2,2,0,0,0,2,2,2,0,充足,1F-23・1F-28
2026-10-27T00:30,3F,2,0,0,0,0,0,2,2,0,充足,3F-09・3F-10
2026-10-27T00:30,統括,2,0,0,0,1,0,1,1,0,充足,1F-29
2026-10-27T01:00,1F,2,0,0,0,0,0,2,2,0,充足,1F-13・1F-27
2026-10-27T01:00,2F,3,1,0,0,1,1,2,2,0,充足,2F-06・2F-24
2026-10-27T01:00,3F,2,1,0,0,0,1,2,2,0,充足,1F-28・3F-10
2026-10-27T01:00,統括,2,0,0,0,1,0,1,1,0,充足,1F-29
2026-10-27T01:30,1F,2,0,0,0,0,0,2,2,0,充足,1F-13・1F-27
2026-10-27T01:30,2F,3,1,0,0,1,1,2,2,0,充足,2F-06・2F-24
2026-10-27T01:30,3F,2,1,0,0,0,1,2,2,0,充足,1F-28・3F-10
2026-10-27T01:30,統括,2,0,0,0,1,0,1,1,0,充足,1F-29
2026-10-27T02:00,1F,2,0,0,0,0,0,2,2,0,充足,1F-13・1F-27
2026-10-27T02:00,2F,3,0,0,0,1,0,2,2,0,充足,2F-06・2F-09
2026-10-27T02:00,3F,2,2,0,0,0,2,2,2,0,充足,1F-28・2F-24
2026-10-27T02:00,統括,2,0,0,0,1,0,1,1,0,充足,1F-29
2026-10-27T02:30,1F,2,0,0,0,0,0,2,2,0,充足,1F-13・1F-27
2026-10-27T02:30,2F,3,0,0,0,1,0,2,2,0,充足,2F-06・2F-09
2026-10-27T02:30,3F,2,2,0,0,0,2,2,2,0,充足,1F-28・2F-24
2026-10-27T02:30,統括,2,0,0,0,1,0,1,1,0,充足,1F-29
2026-10-27T03:00,1F,2,0,0,0,0,0,2,2,0,充足,1F-13・1F-27
2026-10-27T03:00,2F,3,0,0,0,1,0,2,2,0,充足,2F-06・2F-09
2026-10-27T03:00,3F,2,1,0,0,0,1,2,2,0,充足,2F-24・3F-09
2026-10-27T03:00,統括,2,1,0,0,0,0,1,1,0,充足,1F-29
2026-10-27T03:30,1F,2,0,0,0,0,0,2,2,0,充足,1F-13・1F-27
2026-10-27T03:30,2F,3,0,0,0,1,0,2,2,0,充足,2F-06・2F-09
2026-10-27T03:30,3F,2,1,0,0,0,1,2,2,0,充足,2F-24・3F-09
2026-10-27T03:30,統括,2,1,0,0,0,0,1,1,0,充足,1F-29
2026-10-27T04:00,1F,2,0,0,0,0,0,2,2,0,充足,1F-13・1F-27
2026-10-27T04:00,2F,2,0,0,0,0,0,2,2,0,充足,2F-06・2F-09
2026-10-27T04:00,3F,2,0,0,0,0,0,2,2,0,充足,3F-09・3F-10
2026-10-27T04:00,統括,2,1,0,0,0,0,1,1,0,充足,1F-29
2026-10-27T04:30,1F,2,0,0,0,0,0,2,2,0,充足,1F-13・1F-27
2026-10-27T04:30,2F,2,0,0,0,0,0,2,2,0,充足,2F-06・2F-09
2026-10-27T04:30,3F,2,0,0,0,0,0,2,2,0,充足,3F-09・3F-10
2026-10-27T04:30,統括,2,1,0,0,0,0,1,1,0,充足,1F-29
2026-10-27T05:00,1F,2,0,0,0,0,0,2,2,0,充足,1F-13・1F-27
2026-10-27T05:00,2F,2,0,0,0,0,0,2,2,0,充足,2F-06・2F-09
2026-10-27T05:00,3F,2,0,0,0,0,0,2,2,0,充足,3F-09・3F-10
2026-10-27T05:00,統括,2,1,0,0,0,0,1,1,0,充足,1F-28
2026-10-27T05:30,1F,2,0,0,0,0,0,2,2,0,充足,1F-13・1F-27
2026-10-27T05:30,2F,2,0,0,0,0,0,2,2,0,充足,2F-06・2F-09
2026-10-27T05:30,3F,2,0,0,0,0,0,2,2,0,充足,3F-09・3F-10
2026-10-27T05:30,統括,2,1,0,0,0,0,1,1,0,充足,1F-28
2026-10-27T06:00,1F,2,0,0,0,0,0,2,2,0,充足,1F-13・1F-27
2026-10-27T06:00,2F,2,0,0,0,0,0,2,2,0,充足,2F-06・2F-09
2026-10-27T06:00,3F,2,0,0,0,0,0,2,2,0,充足,3F-09・3F-10
2026-10-27T06:00,統括,2,1,0,0,0,0,1,1,0,充足,1F-28
2026-10-27T06:30,1F,2,0,0,0,0,0,2,2,0,充足,1F-13・1F-27
2026-10-27T06:30,2F,2,0,0,0,0,0,2,2,0,充足,2F-06・2F-09
2026-10-27T06:30,3F,2,0,0,0,0,0,2,2,0,充足,3F-09・3F-10
2026-10-27T06:30,統括,2,1,0,0,0,0,1,1,0,充足,1F-28
2026-10-27T07:00,1F,7,0,0,0,0,0,7,4,0,充足,1F-01・1F-12・1F-13・1F-15・1F-16・1F-27・1F-43
2026-10-27T07:00,2F,8,0,0,0,0,0,8,4,0,充足,2F-01・2F-06・2F-09・2F-17・2F-27・2F-28・2F-29・2F-30
2026-10-27T07:00,3F,7,0,0,0,0,0,7,4,0,充足,3F-09・3F-10・3F-27・3F-28・3F-29・3F-30・3F-31
2026-10-27T07:00,統括,2,0,0,0,0,0,2,0,0,充足,1F-28・1F-29
2026-10-27T07:30,1F,7,0,0,0,0,0,7,4,0,充足,1F-01・1F-12・1F-13・1F-15・1F-16・1F-27・1F-43
2026-10-27T07:30,2F,8,0,0,0,0,0,8,4,0,充足,2F-01・2F-06・2F-09・2F-17・2F-27・2F-28・2F-29・2F-30
2026-10-27T07:30,3F,7,0,0,0,0,0,7,4,0,充足,3F-09・3F-10・3F-27・3F-28・3F-29・3F-30・3F-31
2026-10-27T07:30,統括,2,0,0,0,0,0,2,0,0,充足,1F-28・1F-29
2026-10-27T08:00,1F,7,0,0,0,0,0,7,4,0,充足,1F-01・1F-12・1F-13・1F-15・1F-16・1F-27・1F-43
2026-10-27T08:00,2F,8,0,0,0,0,0,8,4,0,充足,2F-01・2F-06・2F-09・2F-17・2F-27・2F-28・2F-29・2F-30
2026-10-27T08:00,3F,7,0,0,0,0,0,7,4,0,充足,3F-09・3F-10・3F-27・3F-28・3F-29・3F-30・3F-31
2026-10-27T08:00,統括,2,0,0,0,0,0,2,0,0,充足,1F-28・1F-29
2026-10-27T08:30,1F,7,0,0,0,0,0,7,4,0,充足,1F-01・1F-12・1F-13・1F-15・1F-16・1F-27・1F-43
2026-10-27T08:30,2F,8,0,0,0,0,0,8,4,0,充足,2F-01・2F-06・2F-09・2F-17・2F-27・2F-28・2F-29・2F-30
2026-10-27T08:30,3F,7,0,0,0,0,0,7,4,0,充足,3F-09・3F-10・3F-27・3F-28・3F-29・3F-30・3F-31
2026-10-27T08:30,統括,2,0,0,0,0,0,2,0,0,充足,1F-28・1F-29
2026-10-27T09:00,1F,5,0,0,0,0,0,5,4,0,充足,1F-01・1F-12・1F-15・1F-16・1F-43
2026-10-27T09:00,2F,6,0,0,0,0,0,6,4,0,充足,2F-01・2F-17・2F-27・2F-28・2F-29・2F-30
2026-10-27T09:00,3F,5,0,0,0,0,0,5,4,0,充足,3F-27・3F-28・3F-29・3F-30・3F-31
2026-10-27T09:00,統括,0,0,0,0,0,0,0,0,0,充足,
2026-10-27T09:30,1F,5,0,0,0,0,0,5,4,0,充足,1F-01・1F-12・1F-15・1F-16・1F-43
2026-10-27T09:30,2F,6,0,0,0,0,0,6,4,0,充足,2F-01・2F-17・2F-27・2F-28・2F-29・2F-30
2026-10-27T09:30,3F,5,0,0,0,0,0,5,4,0,充足,3F-27・3F-28・3F-29・3F-30・3F-31
2026-10-27T09:30,統括,0,0,0,0,0,0,0,0,0,充足,
2026-10-27T10:00,1F,10,0,1,0,0,0,9,4,0,充足,1F-01・1F-02・1F-03・1F-04・1F-05・1F-06・1F-15・1F-16・1F-43
2026-10-27T10:00,2F,11,0,1,0,0,0,10,4,0,充足,2F-01・2F-02・2F-03・2F-04・2F-05・2F-07・2F-17・2F-28・2F-29・2F-30
2026-10-27T10:00,3F,10,0,1,0,0,0,9,4,0,充足,3F-28・3F-29・3F-30・3F-31・3F-32・3F-33・3F-34・3F-35・3F-36
2026-10-27T10:00,統括,0,0,0,0,0,0,0,0,0,充足,
2026-10-27T10:30,1F,10,0,1,0,0,0,9,4,0,充足,1F-01・1F-02・1F-03・1F-04・1F-05・1F-06・1F-15・1F-16・1F-43
2026-10-27T10:30,2F,11,0,1,0,0,0,10,4,0,充足,2F-01・2F-02・2F-03・2F-04・2F-05・2F-07・2F-17・2F-28・2F-29・2F-30
2026-10-27T10:30,3F,10,0,1,0,0,0,9,4,0,充足,3F-28・3F-29・3F-30・3F-31・3F-32・3F-33・3F-34・3F-35・3F-36
2026-10-27T10:30,統括,0,0,0,0,0,0,0,0,0,充足,
2026-10-27T11:00,1F,10,5,0,0,0,0,5,4,0,充足,1F-02・1F-03・1F-04・1F-05・1F-06
2026-10-27T11:00,2F,11,5,0,0,0,0,6,4,0,充足,2F-02・2F-03・2F-04・2F-05・2F-07・2F-17
2026-10-27T11:00,3F,10,5,0,0,0,0,5,4,0,充足,3F-32・3F-33・3F-34・3F-35・3F-36
2026-10-27T11:00,統括,0,0,0,0,0,0,0,0,0,充足,
2026-10-27T11:30,1F,10,5,0,0,0,0,5,4,0,充足,1F-02・1F-03・1F-04・1F-05・1F-06
2026-10-27T11:30,2F,11,5,0,0,0,0,6,4,0,充足,2F-02・2F-03・2F-04・2F-05・2F-07・2F-17
2026-10-27T11:30,3F,10,5,0,0,0,0,5,4,0,充足,3F-32・3F-33・3F-34・3F-35・3F-36
2026-10-27T11:30,統括,0,0,0,0,0,0,0,0,0,充足,
2026-10-27T12:00,1F,10,0,0,0,0,0,10,4,0,充足,1F-01・1F-02・1F-03・1F-04・1F-05・1F-06・1F-12・1F-15・1F-16・1F-43
2026-10-27T12:00,2F,10,0,0,0,0,0,10,4,0,充足,2F-01・2F-02・2F-03・2F-04・2F-05・2F-07・2F-27・2F-28・2F-29・2F-30
2026-10-27T12:00,3F,10,0,0,0,0,0,10,4,0,充足,3F-27・3F-28・3F-29・3F-30・3F-31・3F-32・3F-33・3F-34・3F-35・3F-36
2026-10-27T12:00,統括,0,0,0,0,0,0,0,0,0,充足,
2026-10-27T12:30,1F,10,0,0,0,0,0,10,4,0,充足,1F-01・1F-02・1F-03・1F-04・1F-05・1F-06・1F-12・1F-15・1F-16・1F-43
2026-10-27T12:30,2F,10,0,0,0,0,0,10,4,0,充足,2F-01・2F-02・2F-03・2F-04・2F-05・2F-07・2F-27・2F-28・2F-29・2F-30
2026-10-27T12:30,3F,10,0,0,0,0,0,10,4,0,充足,3F-27・3F-28・3F-29・3F-30・3F-31・3F-32・3F-33・3F-34・3F-35・3F-36
2026-10-27T12:30,統括,0,0,0,0,0,0,0,0,0,充足,
2026-10-27T13:00,1F,10,5,0,0,0,0,5,4,0,充足,1F-01・1F-12・1F-15・1F-16・1F-43
2026-10-27T13:00,2F,10,5,0,0,0,0,5,4,0,充足,2F-01・2F-27・2F-28・2F-29・2F-30
2026-10-27T13:00,3F,10,5,0,0,0,0,5,4,0,充足,3F-27・3F-28・3F-29・3F-30・3F-31
2026-10-27T13:00,統括,0,0,0,0,0,0,0,0,0,充足,
2026-10-27T13:30,1F,10,5,0,0,0,0,5,4,0,充足,1F-01・1F-12・1F-15・1F-16・1F-43
2026-10-27T13:30,2F,10,5,0,0,0,0,5,4,0,充足,2F-01・2F-27・2F-28・2F-29・2F-30
2026-10-27T13:30,3F,10,5,0,0,0,0,5,4,0,充足,3F-27・3F-28・3F-29・3F-30・3F-31
2026-10-27T13:30,統括,0,0,0,0,0,0,0,0,0,充足,
2026-10-27T14:00,1F,10,0,0,0,0,0,10,4,0,充足,1F-01・1F-02・1F-03・1F-04・1F-05・1F-06・1F-12・1F-15・1F-16・1F-43
2026-10-27T14:00,2F,10,0,0,0,0,0,10,4,0,充足,2F-01・2F-02・2F-03・2F-04・2F-05・2F-07・2F-27・2F-28・2F-29・2F-30
2026-10-27T14:00,3F,10,0,0,0,0,0,10,4,0,充足,3F-27・3F-28・3F-29・3F-30・3F-31・3F-32・3F-33・3F-34・3F-35・3F-36
2026-10-27T14:00,統括,0,0,0,0,0,0,0,0,0,充足,
2026-10-27T14:30,1F,10,0,0,0,0,0,10,4,0,充足,1F-01・1F-02・1F-03・1F-04・1F-05・1F-06・1F-12・1F-15・1F-16・1F-43
2026-10-27T14:30,2F,10,0,0,0,0,0,10,4,0,充足,2F-01・2F-02・2F-03・2F-04・2F-05・2F-07・2F-27・2F-28・2F-29・2F-30
2026-10-27T14:30,3F,10,0,0,0,0,0,10,4,0,充足,3F-27・3F-28・3F-29・3F-30・3F-31・3F-32・3F-33・3F-34・3F-35・3F-36
2026-10-27T14:30,統括,0,0,0,0,0,0,0,0,0,充足,
2026-10-27T15:00,1F,10,0,1,0,0,0,9,4,0,充足,1F-01・1F-03・1F-04・1F-05・1F-06・1F-12・1F-15・1F-16・1F-43
2026-10-27T15:00,2F,10,0,1,0,0,0,9,4,0,充足,2F-01・2F-03・2F-04・2F-05・2F-07・2F-27・2F-28・2F-29・2F-30
2026-10-27T15:00,3F,10,0,1,0,0,0,9,4,0,充足,3F-27・3F-28・3F-29・3F-30・3F-31・3F-33・3F-34・3F-35・3F-36
2026-10-27T15:00,統括,0,0,0,0,0,0,0,0,0,充足,
2026-10-27T15:30,1F,10,0,1,0,0,0,9,4,0,充足,1F-01・1F-03・1F-04・1F-05・1F-06・1F-12・1F-15・1F-16・1F-43
2026-10-27T15:30,2F,10,0,1,0,0,0,9,4,0,充足,2F-01・2F-03・2F-04・2F-05・2F-07・2F-27・2F-28・2F-29・2F-30
2026-10-27T15:30,3F,10,0,1,0,0,0,9,4,0,充足,3F-27・3F-28・3F-29・3F-30・3F-31・3F-33・3F-34・3F-35・3F-36
2026-10-27T15:30,統括,0,0,0,0,0,0,0,0,0,充足,
2026-10-27T16:00,1F,7,0,0,0,0,0,7,4,0,充足,1F-02・1F-03・1F-04・1F-05・1F-06・1F-14・1F-32
2026-10-27T16:00,2F,7,0,0,0,0,0,7,4,0,充足,2F-02・2F-03・2F-04・2F-05・2F-07・2F-12・2F-13
2026-10-27T16:00,3F,7,0,0,0,0,0,7,4,0,充足,3F-11・3F-12・3F-32・3F-33・3F-34・3F-35・3F-36
2026-10-27T16:00,統括,2,0,0,0,0,0,2,0,0,充足,1F-30・1F-31
2026-10-27T16:30,1F,7,2,0,0,0,0,5,4,0,充足,1F-02・1F-03・1F-04・1F-05・1F-06
2026-10-27T16:30,2F,7,2,0,0,0,0,5,4,0,充足,2F-02・2F-03・2F-04・2F-05・2F-07
2026-10-27T16:30,3F,7,0,0,0,0,0,7,4,0,充足,3F-11・3F-12・3F-32・3F-33・3F-34・3F-35・3F-36
2026-10-27T16:30,統括,2,0,0,0,0,0,2,0,0,充足,1F-30・1F-31
2026-10-27T17:00,1F,7,2,0,0,0,0,5,4,0,充足,1F-02・1F-03・1F-04・1F-05・1F-06
2026-10-27T17:00,2F,7,2,0,0,0,0,5,4,0,充足,2F-02・2F-03・2F-04・2F-05・2F-07
2026-10-27T17:00,3F,7,0,0,0,0,0,7,4,0,充足,3F-11・3F-12・3F-32・3F-33・3F-34・3F-35・3F-36
2026-10-27T17:00,統括,2,0,0,0,0,0,2,0,0,充足,1F-30・1F-31
2026-10-27T17:30,1F,7,0,0,0,0,0,7,4,0,充足,1F-02・1F-03・1F-04・1F-05・1F-06・1F-14・1F-32
2026-10-27T17:30,2F,7,0,0,0,0,0,7,4,0,充足,2F-02・2F-03・2F-04・2F-05・2F-07・2F-12・2F-13
2026-10-27T17:30,3F,7,2,0,0,0,0,5,4,0,充足,3F-32・3F-33・3F-34・3F-35・3F-36
2026-10-27T17:30,統括,2,2,0,0,0,0,0,0,0,充足,
2026-10-27T18:00,1F,7,0,0,0,0,0,7,4,0,充足,1F-02・1F-03・1F-04・1F-05・1F-06・1F-14・1F-32
2026-10-27T18:00,2F,7,0,0,0,0,0,7,4,0,充足,2F-02・2F-03・2F-04・2F-05・2F-07・2F-12・2F-13
2026-10-27T18:00,3F,7,2,0,0,0,0,5,4,0,充足,3F-32・3F-33・3F-34・3F-35・3F-36
2026-10-27T18:00,統括,2,2,0,0,0,0,0,0,0,充足,
2026-10-27T18:30,1F,7,0,0,0,0,0,7,4,0,充足,1F-02・1F-03・1F-04・1F-05・1F-06・1F-14・1F-32
2026-10-27T18:30,2F,7,0,0,0,0,0,7,4,0,充足,2F-02・2F-03・2F-04・2F-05・2F-07・2F-12・2F-13
2026-10-27T18:30,3F,7,0,0,0,0,0,7,4,0,充足,3F-11・3F-12・3F-32・3F-33・3F-34・3F-35・3F-36
2026-10-27T18:30,統括,2,0,0,0,0,0,2,0,0,充足,1F-30・1F-31
2026-10-27T19:00,1F,2,0,0,0,0,0,2,2,0,充足,1F-14・1F-32
2026-10-27T19:00,2F,2,0,0,0,0,0,2,2,0,充足,2F-12・2F-13
2026-10-27T19:00,3F,2,0,0,0,0,0,2,2,0,充足,3F-11・3F-12
2026-10-27T19:00,統括,2,0,0,0,0,0,2,1,0,充足,1F-30・1F-31
2026-10-27T19:30,1F,2,0,0,0,0,0,2,2,0,充足,1F-14・1F-32
2026-10-27T19:30,2F,2,0,0,0,0,0,2,2,0,充足,2F-12・2F-13
2026-10-27T19:30,3F,2,0,0,0,0,0,2,2,0,充足,3F-11・3F-12
2026-10-27T19:30,統括,2,0,0,0,0,0,2,1,0,充足,1F-30・1F-31
2026-10-27T20:00,1F,2,0,0,0,0,0,2,2,0,充足,1F-14・1F-32
2026-10-27T20:00,2F,2,0,0,0,0,0,2,2,0,充足,2F-12・2F-13
2026-10-27T20:00,3F,2,0,0,0,0,0,2,2,0,充足,3F-11・3F-12
2026-10-27T20:00,統括,2,0,0,0,0,0,2,1,0,充足,1F-30・1F-31
2026-10-27T20:30,1F,2,0,0,0,0,0,2,2,0,充足,1F-14・1F-32
2026-10-27T20:30,2F,2,0,0,0,0,0,2,2,0,充足,2F-12・2F-13
2026-10-27T20:30,3F,2,0,0,0,0,0,2,2,0,充足,3F-11・3F-12
2026-10-27T20:30,統括,2,0,0,0,0,0,2,1,0,充足,1F-30・1F-31
2026-10-27T21:00,1F,2,1,0,0,0,1,2,2,0,充足,1F-14・1F-30
2026-10-27T21:00,2F,2,0,0,0,0,0,2,2,0,充足,2F-12・2F-13
2026-10-27T21:00,3F,2,0,0,0,0,0,2,2,0,充足,3F-11・3F-12
2026-10-27T21:00,統括,2,0,0,0,1,0,1,1,0,充足,1F-31
2026-10-27T21:30,1F,2,1,0,0,0,1,2,2,0,充足,1F-14・1F-30
2026-10-27T21:30,2F,2,0,0,0,0,0,2,2,0,充足,2F-12・2F-13
2026-10-27T21:30,3F,2,0,0,0,0,0,2,2,0,充足,3F-11・3F-12
2026-10-27T21:30,統括,2,0,0,0,1,0,1,1,0,充足,1F-31
2026-10-27T22:00,1F,3,2,0,0,1,2,2,2,0,充足,1F-26・1F-30
2026-10-27T22:00,2F,2,0,0,0,0,0,2,2,0,充足,2F-12・2F-13
2026-10-27T22:00,3F,2,0,0,0,0,0,2,2,0,充足,3F-11・3F-12
2026-10-27T22:00,統括,2,0,0,0,1,0,1,1,0,充足,1F-31
2026-10-27T22:30,1F,3,2,0,0,1,2,2,2,0,充足,1F-26・1F-30
2026-10-27T22:30,2F,2,0,0,0,0,0,2,2,0,充足,2F-12・2F-13
2026-10-27T22:30,3F,2,0,0,0,0,0,2,2,0,充足,3F-11・3F-12
2026-10-27T22:30,統括,2,0,0,0,1,0,1,1,0,充足,1F-31
2026-10-27T23:00,1F,3,1,0,0,1,1,2,2,0,充足,1F-26・1F-32
2026-10-27T23:00,2F,2,1,0,0,0,1,2,2,0,充足,1F-30・2F-13
2026-10-27T23:00,3F,2,0,0,0,0,0,2,2,0,充足,3F-11・3F-12
2026-10-27T23:00,統括,2,0,0,0,1,0,1,1,0,充足,1F-31
2026-10-27T23:30,1F,3,1,0,0,1,1,2,2,0,充足,1F-26・1F-32
2026-10-27T23:30,2F,2,1,0,0,0,1,2,2,0,充足,1F-30・2F-13
2026-10-27T23:30,3F,2,0,0,0,0,0,2,2,0,充足,3F-11・3F-12
2026-10-27T23:30,統括,2,0,0,0,1,0,1,1,0,充足,1F-31
2026-10-28T00:00,1F,3,0,0,0,1,0,2,2,0,充足,1F-14・1F-32
2026-10-28T00:00,2F,2,2,0,0,0,2,2,2,0,充足,1F-26・1F-30
2026-10-28T00:00,3F,2,0,0,0,0,0,2,2,0,充足,3F-11・3F-12
2026-10-28T00:00,統括,2,0,0,0,1,0,1,1,0,充足,1F-31
2026-10-28T00:30,1F,3,0,0,0,1,0,2,2,0,充足,1F-14・1F-32
2026-10-28T00:30,2F,2,2,0,0,0,2,2,2,0,充足,1F-26・1F-30
2026-10-28T00:30,3F,2,0,0,0,0,0,2,2,0,充足,3F-11・3F-12
2026-10-28T00:30,統括,2,0,0,0,1,0,1,1,0,充足,1F-31
2026-10-28T01:00,1F,2,0,0,0,0,0,2,2,0,充足,1F-14・1F-32
2026-10-28T01:00,2F,3,1,0,0,1,1,2,2,0,充足,2F-12・2F-24
2026-10-28T01:00,3F,2,1,0,0,0,1,2,2,0,充足,1F-30・3F-12
2026-10-28T01:00,統括,2,0,0,0,1,0,1,1,0,充足,1F-31
2026-10-28T01:30,1F,2,0,0,0,0,0,2,2,0,充足,1F-14・1F-32
2026-10-28T01:30,2F,3,1,0,0,1,1,2,2,0,充足,2F-12・2F-24
2026-10-28T01:30,3F,2,1,0,0,0,1,2,2,0,充足,1F-30・3F-12
2026-10-28T01:30,統括,2,0,0,0,1,0,1,1,0,充足,1F-31
2026-10-28T02:00,1F,2,0,0,0,0,0,2,2,0,充足,1F-14・1F-32
2026-10-28T02:00,2F,3,0,0,0,1,0,2,2,0,充足,2F-12・2F-13
2026-10-28T02:00,3F,2,2,0,0,0,2,2,2,0,充足,1F-30・2F-24
2026-10-28T02:00,統括,2,0,0,0,1,0,1,1,0,充足,1F-31
2026-10-28T02:30,1F,2,0,0,0,0,0,2,2,0,充足,1F-14・1F-32
2026-10-28T02:30,2F,3,0,0,0,1,0,2,2,0,充足,2F-12・2F-13
2026-10-28T02:30,3F,2,2,0,0,0,2,2,2,0,充足,1F-30・2F-24
2026-10-28T02:30,統括,2,0,0,0,1,0,1,1,0,充足,1F-31
2026-10-28T03:00,1F,2,0,0,0,0,0,2,2,0,充足,1F-14・1F-32
2026-10-28T03:00,2F,3,0,0,0,1,0,2,2,0,充足,2F-12・2F-13
2026-10-28T03:00,3F,2,1,0,0,0,1,2,2,0,充足,2F-24・3F-11
2026-10-28T03:00,統括,2,1,0,0,0,0,1,1,0,充足,1F-31
2026-10-28T03:30,1F,2,0,0,0,0,0,2,2,0,充足,1F-14・1F-32
2026-10-28T03:30,2F,3,0,0,0,1,0,2,2,0,充足,2F-12・2F-13
2026-10-28T03:30,3F,2,1,0,0,0,1,2,2,0,充足,2F-24・3F-11
2026-10-28T03:30,統括,2,1,0,0,0,0,1,1,0,充足,1F-31
2026-10-28T04:00,1F,2,0,0,0,0,0,2,2,0,充足,1F-14・1F-32
2026-10-28T04:00,2F,2,0,0,0,0,0,2,2,0,充足,2F-12・2F-13
2026-10-28T04:00,3F,2,0,0,0,0,0,2,2,0,充足,3F-11・3F-12
2026-10-28T04:00,統括,2,1,0,0,0,0,1,1,0,充足,1F-31
2026-10-28T04:30,1F,2,0,0,0,0,0,2,2,0,充足,1F-14・1F-32
2026-10-28T04:30,2F,2,0,0,0,0,0,2,2,0,充足,2F-12・2F-13
2026-10-28T04:30,3F,2,0,0,0,0,0,2,2,0,充足,3F-11・3F-12
2026-10-28T04:30,統括,2,1,0,0,0,0,1,1,0,充足,1F-31
2026-10-28T05:00,1F,2,0,0,0,0,0,2,2,0,充足,1F-14・1F-32
2026-10-28T05:00,2F,2,0,0,0,0,0,2,2,0,充足,2F-12・2F-13
2026-10-28T05:00,3F,2,0,0,0,0,0,2,2,0,充足,3F-11・3F-12
2026-10-28T05:00,統括,2,1,0,0,0,0,1,1,0,充足,1F-30
2026-10-28T05:30,1F,2,0,0,0,0,0,2,2,0,充足,1F-14・1F-32
2026-10-28T05:30,2F,2,0,0,0,0,0,2,2,0,充足,2F-12・2F-13
2026-10-28T05:30,3F,2,0,0,0,0,0,2,2,0,充足,3F-11・3F-12
2026-10-28T05:30,統括,2,1,0,0,0,0,1,1,0,充足,1F-30
2026-10-28T06:00,1F,2,0,0,0,0,0,2,2,0,充足,1F-14・1F-32
2026-10-28T06:00,2F,2,0,0,0,0,0,2,2,0,充足,2F-12・2F-13
2026-10-28T06:00,3F,2,0,0,0,0,0,2,2,0,充足,3F-11・3F-12
2026-10-28T06:00,統括,2,1,0,0,0,0,1,1,0,充足,1F-30
2026-10-28T06:30,1F,2,0,0,0,0,0,2,2,0,充足,1F-14・1F-32
2026-10-28T06:30,2F,2,0,0,0,0,0,2,2,0,充足,2F-12・2F-13
2026-10-28T06:30,3F,2,0,0,0,0,0,2,2,0,充足,3F-11・3F-12
2026-10-28T06:30,統括,2,1,0,0,0,0,1,1,0,充足,1F-30
2026-10-28T07:00,1F,7,0,0,0,0,0,7,4,0,充足,1F-07・1F-08・1F-09・1F-10・1F-11・1F-14・1F-32
2026-10-28T07:00,2F,7,0,0,0,0,0,7,4,0,充足,2F-08・2F-12・2F-13・2F-15・2F-16・2F-26・2F-27
2026-10-28T07:00,3F,7,0,0,0,0,0,7,4,0,充足,3F-11・3F-12・3F-37・3F-38・3F-39・3F-40・3F-41
2026-10-28T07:00,統括,2,0,0,0,0,0,2,0,0,充足,1F-30・1F-31
2026-10-28T07:30,1F,7,0,0,0,0,0,7,4,0,充足,1F-07・1F-08・1F-09・1F-10・1F-11・1F-14・1F-32
2026-10-28T07:30,2F,7,0,0,0,0,0,7,4,0,充足,2F-08・2F-12・2F-13・2F-15・2F-16・2F-26・2F-27
2026-10-28T07:30,3F,7,0,0,0,0,0,7,4,0,充足,3F-11・3F-12・3F-37・3F-38・3F-39・3F-40・3F-41
2026-10-28T07:30,統括,2,0,0,0,0,0,2,0,0,充足,1F-30・1F-31
2026-10-28T08:00,1F,7,0,0,0,0,0,7,4,0,充足,1F-07・1F-08・1F-09・1F-10・1F-11・1F-14・1F-32
2026-10-28T08:00,2F,7,0,0,0,0,0,7,4,0,充足,2F-08・2F-12・2F-13・2F-15・2F-16・2F-26・2F-27
2026-10-28T08:00,3F,7,0,0,0,0,0,7,4,0,充足,3F-11・3F-12・3F-37・3F-38・3F-39・3F-40・3F-41
2026-10-28T08:00,統括,2,0,0,0,0,0,2,0,0,充足,1F-30・1F-31
2026-10-28T08:30,1F,8,0,0,0,0,0,8,4,0,充足,1F-07・1F-08・1F-09・1F-10・1F-11・1F-14・1F-32・1F-42
2026-10-28T08:30,2F,7,0,0,0,0,0,7,4,0,充足,2F-08・2F-12・2F-13・2F-15・2F-16・2F-26・2F-27
2026-10-28T08:30,3F,7,0,0,0,0,0,7,4,0,充足,3F-11・3F-12・3F-37・3F-38・3F-39・3F-40・3F-41
2026-10-28T08:30,統括,2,0,0,0,0,0,2,0,0,充足,1F-30・1F-31
2026-10-28T09:00,1F,6,0,0,0,0,0,6,4,0,充足,1F-07・1F-08・1F-09・1F-10・1F-11・1F-42
2026-10-28T09:00,2F,5,0,0,0,0,0,5,4,0,充足,2F-08・2F-15・2F-16・2F-26・2F-27
2026-10-28T09:00,3F,5,0,0,0,0,0,5,4,0,充足,3F-37・3F-38・3F-39・3F-40・3F-41
2026-10-28T09:00,統括,0,0,0,0,0,0,0,0,0,充足,
2026-10-28T09:30,1F,6,0,0,0,0,0,6,4,0,充足,1F-07・1F-08・1F-09・1F-10・1F-11・1F-42
2026-10-28T09:30,2F,5,0,0,0,0,0,5,4,0,充足,2F-08・2F-15・2F-16・2F-26・2F-27
2026-10-28T09:30,3F,5,0,0,0,0,0,5,4,0,充足,3F-37・3F-38・3F-39・3F-40・3F-41
2026-10-28T09:30,統括,0,0,0,0,0,0,0,0,0,充足,
2026-10-28T10:00,1F,11,0,1,0,0,0,10,4,0,充足,1F-08・1F-09・1F-10・1F-11・1F-12・1F-13・1F-15・1F-16・1F-41・1F-42
2026-10-28T10:00,2F,10,0,1,0,0,0,9,4,0,充足,2F-06・2F-09・2F-15・2F-16・2F-26・2F-27・2F-28・2F-29・2F-30
2026-10-28T10:00,3F,10,0,1,0,0,0,9,4,0,充足,3F-38・3F-39・3F-40・3F-41・3F-42・3F-43・3F-44・3F-45・3F-46
2026-10-28T10:00,統括,0,0,0,0,0,0,0,0,0,充足,
2026-10-28T10:30,1F,11,0,1,0,0,0,10,4,0,充足,1F-08・1F-09・1F-10・1F-11・1F-12・1F-13・1F-15・1F-16・1F-41・1F-42
2026-10-28T10:30,2F,10,0,1,0,0,0,9,4,0,充足,2F-06・2F-09・2F-15・2F-16・2F-26・2F-27・2F-28・2F-29・2F-30
2026-10-28T10:30,3F,10,0,1,0,0,0,9,4,0,充足,3F-38・3F-39・3F-40・3F-41・3F-42・3F-43・3F-44・3F-45・3F-46
2026-10-28T10:30,統括,0,0,0,0,0,0,0,0,0,充足,
2026-10-28T11:00,1F,11,5,0,0,0,0,6,4,0,充足,1F-12・1F-13・1F-15・1F-16・1F-41・1F-42
2026-10-28T11:00,2F,10,5,0,0,0,0,5,4,0,充足,2F-06・2F-09・2F-28・2F-29・2F-30
2026-10-28T11:00,3F,10,5,0,0,0,0,5,4,0,充足,3F-42・3F-43・3F-44・3F-45・3F-46
2026-10-28T11:00,統括,0,0,0,0,0,0,0,0,0,充足,
2026-10-28T11:30,1F,11,5,0,0,0,0,6,4,0,充足,1F-12・1F-13・1F-15・1F-16・1F-41・1F-42
2026-10-28T11:30,2F,10,5,0,0,0,0,5,4,0,充足,2F-06・2F-09・2F-28・2F-29・2F-30
2026-10-28T11:30,3F,10,5,0,0,0,0,5,4,0,充足,3F-42・3F-43・3F-44・3F-45・3F-46
2026-10-28T11:30,統括,0,0,0,0,0,0,0,0,0,充足,
2026-10-28T12:00,1F,11,1,0,0,0,0,10,4,0,充足,1F-07・1F-08・1F-09・1F-10・1F-11・1F-12・1F-13・1F-15・1F-16・1F-41
2026-10-28T12:00,2F,10,0,0,0,0,0,10,4,0,充足,2F-06・2F-08・2F-09・2F-15・2F-16・2F-26・2F-27・2F-28・2F-29・2F-30
2026-10-28T12:00,3F,10,0,0,0,0,0,10,4,0,充足,3F-37・3F-38・3F-39・3F-40・3F-41・3F-42・3F-43・3F-44・3F-45・3F-46
2026-10-28T12:00,統括,0,0,0,0,0,0,0,0,0,充足,
2026-10-28T12:30,1F,11,1,0,0,0,0,10,4,0,充足,1F-07・1F-08・1F-09・1F-10・1F-11・1F-12・1F-13・1F-15・1F-16・1F-41
2026-10-28T12:30,2F,10,0,0,0,0,0,10,4,0,充足,2F-06・2F-08・2F-09・2F-15・2F-16・2F-26・2F-27・2F-28・2F-29・2F-30
2026-10-28T12:30,3F,10,0,0,0,0,0,10,4,0,充足,3F-37・3F-38・3F-39・3F-40・3F-41・3F-42・3F-43・3F-44・3F-45・3F-46
2026-10-28T12:30,統括,0,0,0,0,0,0,0,0,0,充足,
2026-10-28T13:00,1F,11,5,0,0,0,0,6,4,0,充足,1F-07・1F-08・1F-09・1F-10・1F-11・1F-42
2026-10-28T13:00,2F,10,5,0,0,0,0,5,4,0,充足,2F-08・2F-15・2F-16・2F-26・2F-27
2026-10-28T13:00,3F,10,5,0,0,0,0,5,4,0,充足,3F-37・3F-38・3F-39・3F-40・3F-41
2026-10-28T13:00,統括,0,0,0,0,0,0,0,0,0,充足,
2026-10-28T13:30,1F,11,5,0,0,0,0,6,4,0,充足,1F-07・1F-08・1F-09・1F-10・1F-11・1F-42
2026-10-28T13:30,2F,10,5,0,0,0,0,5,4,0,充足,2F-08・2F-15・2F-16・2F-26・2F-27
2026-10-28T13:30,3F,10,5,0,0,0,0,5,4,0,充足,3F-37・3F-38・3F-39・3F-40・3F-41
2026-10-28T13:30,統括,0,0,0,0,0,0,0,0,0,充足,
2026-10-28T14:00,1F,11,0,0,0,0,0,11,4,0,充足,1F-07・1F-08・1F-09・1F-10・1F-11・1F-12・1F-13・1F-15・1F-16・1F-41・1F-42
2026-10-28T14:00,2F,10,0,0,0,0,0,10,4,0,充足,2F-06・2F-08・2F-09・2F-15・2F-16・2F-26・2F-27・2F-28・2F-29・2F-30
2026-10-28T14:00,3F,10,0,0,0,0,0,10,4,0,充足,3F-37・3F-38・3F-39・3F-40・3F-41・3F-42・3F-43・3F-44・3F-45・3F-46
2026-10-28T14:00,統括,0,0,0,0,0,0,0,0,0,充足,
2026-10-28T14:30,1F,11,0,0,0,0,0,11,4,0,充足,1F-07・1F-08・1F-09・1F-10・1F-11・1F-12・1F-13・1F-15・1F-16・1F-41・1F-42
2026-10-28T14:30,2F,10,0,0,0,0,0,10,4,0,充足,2F-06・2F-08・2F-09・2F-15・2F-16・2F-26・2F-27・2F-28・2F-29・2F-30
2026-10-28T14:30,3F,10,0,0,0,0,0,10,4,0,充足,3F-37・3F-38・3F-39・3F-40・3F-41・3F-42・3F-43・3F-44・3F-45・3F-46
2026-10-28T14:30,統括,0,0,0,0,0,0,0,0,0,充足,
2026-10-28T15:00,1F,11,0,1,0,0,0,10,4,0,充足,1F-07・1F-08・1F-09・1F-10・1F-11・1F-13・1F-15・1F-16・1F-41・1F-42
2026-10-28T15:00,2F,10,0,1,0,0,0,9,4,0,充足,2F-06・2F-08・2F-09・2F-15・2F-16・2F-26・2F-27・2F-29・2F-30
2026-10-28T15:00,3F,10,0,1,0,0,0,9,4,0,充足,3F-37・3F-38・3F-39・3F-40・3F-41・3F-43・3F-44・3F-45・3F-46
2026-10-28T15:00,統括,0,0,0,0,0,0,0,0,0,充足,
2026-10-28T15:30,1F,11,0,1,0,0,0,10,4,0,充足,1F-07・1F-08・1F-09・1F-10・1F-11・1F-13・1F-15・1F-16・1F-41・1F-42
2026-10-28T15:30,2F,10,0,1,0,0,0,9,4,0,充足,2F-06・2F-08・2F-09・2F-15・2F-16・2F-26・2F-27・2F-29・2F-30
2026-10-28T15:30,3F,10,0,1,0,0,0,9,4,0,充足,3F-37・3F-38・3F-39・3F-40・3F-41・3F-43・3F-44・3F-45・3F-46
2026-10-28T15:30,統括,0,0,0,0,0,0,0,0,0,充足,
2026-10-28T16:00,1F,8,0,0,0,0,0,8,4,0,充足,1F-12・1F-13・1F-15・1F-16・1F-27・1F-33・1F-41・1F-42
2026-10-28T16:00,2F,7,0,0,0,0,0,7,4,0,充足,2F-06・2F-09・2F-10・2F-14・2F-28・2F-29・2F-30
2026-10-28T16:00,3F,7,0,0,0,0,0,7,4,0,充足,3F-13・3F-14・3F-42・3F-43・3F-44・3F-45・3F-46
2026-10-28T16:00,統括,2,0,0,0,0,0,2,0,0,充足,1F-28・1F-29
2026-10-28T16:30,1F,8,2,0,0,0,0,6,4,0,充足,1F-12・1F-13・1F-15・1F-16・1F-41・1F-42
2026-10-28T16:30,2F,7,2,0,0,0,0,5,4,0,充足,2F-06・2F-09・2F-28・2F-29・2F-30
2026-10-28T16:30,3F,7,0,0,0,0,0,7,4,0,充足,3F-13・3F-14・3F-42・3F-43・3F-44・3F-45・3F-46
2026-10-28T16:30,統括,2,0,0,0,0,0,2,0,0,充足,1F-28・1F-29
2026-10-28T17:00,1F,8,2,0,0,0,0,6,4,0,充足,1F-12・1F-13・1F-15・1F-16・1F-41・1F-42
2026-10-28T17:00,2F,7,2,0,0,0,0,5,4,0,充足,2F-06・2F-09・2F-28・2F-29・2F-30
2026-10-28T17:00,3F,7,0,0,0,0,0,7,4,0,充足,3F-13・3F-14・3F-42・3F-43・3F-44・3F-45・3F-46
2026-10-28T17:00,統括,2,0,0,0,0,0,2,0,0,充足,1F-28・1F-29
2026-10-28T17:30,1F,7,0,0,0,0,0,7,4,0,充足,1F-12・1F-13・1F-15・1F-16・1F-27・1F-33・1F-41
2026-10-28T17:30,2F,7,0,0,0,0,0,7,4,0,充足,2F-06・2F-09・2F-10・2F-14・2F-28・2F-29・2F-30
2026-10-28T17:30,3F,7,2,0,0,0,0,5,4,0,充足,3F-42・3F-43・3F-44・3F-45・3F-46
2026-10-28T17:30,統括,2,2,0,0,0,0,0,0,0,充足,
2026-10-28T18:00,1F,7,0,0,0,0,0,7,4,0,充足,1F-12・1F-13・1F-15・1F-16・1F-27・1F-33・1F-41
2026-10-28T18:00,2F,7,0,0,0,0,0,7,4,0,充足,2F-06・2F-09・2F-10・2F-14・2F-28・2F-29・2F-30
2026-10-28T18:00,3F,7,2,0,0,0,0,5,4,0,充足,3F-42・3F-43・3F-44・3F-45・3F-46
2026-10-28T18:00,統括,2,2,0,0,0,0,0,0,0,充足,
2026-10-28T18:30,1F,7,0,0,0,0,0,7,4,0,充足,1F-12・1F-13・1F-15・1F-16・1F-27・1F-33・1F-41
2026-10-28T18:30,2F,7,0,0,0,0,0,7,4,0,充足,2F-06・2F-09・2F-10・2F-14・2F-28・2F-29・2F-30
2026-10-28T18:30,3F,7,0,0,0,0,0,7,4,0,充足,3F-13・3F-14・3F-42・3F-43・3F-44・3F-45・3F-46
2026-10-28T18:30,統括,2,0,0,0,0,0,2,0,0,充足,1F-28・1F-29
2026-10-28T19:00,1F,2,0,0,0,0,0,2,2,0,充足,1F-27・1F-33
2026-10-28T19:00,2F,2,0,0,0,0,0,2,2,0,充足,2F-10・2F-14
2026-10-28T19:00,3F,2,0,0,0,0,0,2,2,0,充足,3F-13・3F-14
2026-10-28T19:00,統括,2,0,0,0,0,0,2,1,0,充足,1F-28・1F-29
2026-10-28T19:30,1F,2,0,0,0,0,0,2,2,0,充足,1F-27・1F-33
2026-10-28T19:30,2F,2,0,0,0,0,0,2,2,0,充足,2F-10・2F-14
2026-10-28T19:30,3F,2,0,0,0,0,0,2,2,0,充足,3F-13・3F-14
2026-10-28T19:30,統括,2,0,0,0,0,0,2,1,0,充足,1F-28・1F-29
2026-10-28T20:00,1F,2,0,0,0,0,0,2,2,0,充足,1F-27・1F-33
2026-10-28T20:00,2F,2,0,0,0,0,0,2,2,0,充足,2F-10・2F-14
2026-10-28T20:00,3F,2,0,0,0,0,0,2,2,0,充足,3F-13・3F-14
2026-10-28T20:00,統括,2,0,0,0,0,0,2,1,0,充足,1F-28・1F-29
2026-10-28T20:30,1F,2,0,0,0,0,0,2,2,0,充足,1F-27・1F-33
2026-10-28T20:30,2F,2,0,0,0,0,0,2,2,0,充足,2F-10・2F-14
2026-10-28T20:30,3F,2,0,0,0,0,0,2,2,0,充足,3F-13・3F-14
2026-10-28T20:30,統括,2,0,0,0,0,0,2,1,0,充足,1F-28・1F-29
2026-10-28T21:00,1F,2,1,0,0,0,1,2,2,0,充足,1F-27・1F-28
2026-10-28T21:00,2F,2,0,0,0,0,0,2,2,0,充足,2F-10・2F-14
2026-10-28T21:00,3F,2,0,0,0,0,0,2,2,0,充足,3F-13・3F-14
2026-10-28T21:00,統括,2,0,0,0,1,0,1,1,0,充足,1F-29
2026-10-28T21:30,1F,2,1,0,0,0,1,2,2,0,充足,1F-27・1F-28
2026-10-28T21:30,2F,2,0,0,0,0,0,2,2,0,充足,2F-10・2F-14
2026-10-28T21:30,3F,2,0,0,0,0,0,2,2,0,充足,3F-13・3F-14
2026-10-28T21:30,統括,2,0,0,0,1,0,1,1,0,充足,1F-29
2026-10-28T22:00,1F,3,2,0,0,1,2,2,2,0,充足,1F-25・1F-28
2026-10-28T22:00,2F,2,0,0,0,0,0,2,2,0,充足,2F-10・2F-14
2026-10-28T22:00,3F,2,0,0,0,0,0,2,2,0,充足,3F-13・3F-14
2026-10-28T22:00,統括,2,0,0,0,1,0,1,1,0,充足,1F-29
2026-10-28T22:30,1F,3,2,0,0,1,2,2,2,0,充足,1F-25・1F-28
2026-10-28T22:30,2F,2,0,0,0,0,0,2,2,0,充足,2F-10・2F-14
2026-10-28T22:30,3F,2,0,0,0,0,0,2,2,0,充足,3F-13・3F-14
2026-10-28T22:30,統括,2,0,0,0,1,0,1,1,0,充足,1F-29
2026-10-28T23:00,1F,3,1,0,0,1,1,2,2,0,充足,1F-25・1F-33
2026-10-28T23:00,2F,2,1,0,0,0,1,2,2,0,充足,1F-28・2F-10
2026-10-28T23:00,3F,2,0,0,0,0,0,2,2,0,充足,3F-13・3F-14
2026-10-28T23:00,統括,2,0,0,0,1,0,1,1,0,充足,1F-29
2026-10-28T23:30,1F,3,1,0,0,1,1,2,2,0,充足,1F-25・1F-33
2026-10-28T23:30,2F,2,1,0,0,0,1,2,2,0,充足,1F-28・2F-10
2026-10-28T23:30,3F,2,0,0,0,0,0,2,2,0,充足,3F-13・3F-14
2026-10-28T23:30,統括,2,0,0,0,1,0,1,1,0,充足,1F-29
2026-10-29T00:00,1F,3,0,0,0,1,0,2,2,0,充足,1F-27・1F-33
2026-10-29T00:00,2F,2,2,0,0,0,2,2,2,0,充足,1F-25・1F-28
2026-10-29T00:00,3F,2,0,0,0,0,0,2,2,0,充足,3F-13・3F-14
2026-10-29T00:00,統括,2,0,0,0,1,0,1,1,0,充足,1F-29
2026-10-29T00:30,1F,3,0,0,0,1,0,2,2,0,充足,1F-27・1F-33
2026-10-29T00:30,2F,2,2,0,0,0,2,2,2,0,充足,1F-25・1F-28
2026-10-29T00:30,3F,2,0,0,0,0,0,2,2,0,充足,3F-13・3F-14
2026-10-29T00:30,統括,2,0,0,0,1,0,1,1,0,充足,1F-29
2026-10-29T01:00,1F,2,0,0,0,0,0,2,2,0,充足,1F-27・1F-33
2026-10-29T01:00,2F,3,1,0,0,1,1,2,2,0,充足,1F-24・2F-14
2026-10-29T01:00,3F,2,1,0,0,0,1,2,2,0,充足,1F-28・3F-14
2026-10-29T01:00,統括,2,0,0,0,1,0,1,1,0,充足,1F-29
2026-10-29T01:30,1F,2,0,0,0,0,0,2,2,0,充足,1F-27・1F-33
2026-10-29T01:30,2F,3,1,0,0,1,1,2,2,0,充足,1F-24・2F-14
2026-10-29T01:30,3F,2,1,0,0,0,1,2,2,0,充足,1F-28・3F-14
2026-10-29T01:30,統括,2,0,0,0,1,0,1,1,0,充足,1F-29
2026-10-29T02:00,1F,2,0,0,0,0,0,2,2,0,充足,1F-27・1F-33
2026-10-29T02:00,2F,3,0,0,0,1,0,2,2,0,充足,2F-10・2F-14
2026-10-29T02:00,3F,2,2,0,0,0,2,2,2,0,充足,1F-24・1F-28
2026-10-29T02:00,統括,2,0,0,0,1,0,1,1,0,充足,1F-29
2026-10-29T02:30,1F,2,0,0,0,0,0,2,2,0,充足,1F-27・1F-33
2026-10-29T02:30,2F,3,0,0,0,1,0,2,2,0,充足,2F-10・2F-14
2026-10-29T02:30,3F,2,2,0,0,0,2,2,2,0,充足,1F-24・1F-28
2026-10-29T02:30,統括,2,0,0,0,1,0,1,1,0,充足,1F-29
2026-10-29T03:00,1F,2,0,0,0,0,0,2,2,0,充足,1F-27・1F-33
2026-10-29T03:00,2F,3,0,0,0,1,0,2,2,0,充足,2F-10・2F-14
2026-10-29T03:00,3F,2,1,0,0,0,1,2,2,0,充足,1F-24・3F-13
2026-10-29T03:00,統括,2,1,0,0,0,0,1,1,0,充足,1F-29
2026-10-29T03:30,1F,2,0,0,0,0,0,2,2,0,充足,1F-27・1F-33
2026-10-29T03:30,2F,3,0,0,0,1,0,2,2,0,充足,2F-10・2F-14
2026-10-29T03:30,3F,2,1,0,0,0,1,2,2,0,充足,1F-24・3F-13
2026-10-29T03:30,統括,2,1,0,0,0,0,1,1,0,充足,1F-29
2026-10-29T04:00,1F,2,0,0,0,0,0,2,2,0,充足,1F-27・1F-33
2026-10-29T04:00,2F,2,0,0,0,0,0,2,2,0,充足,2F-10・2F-14
2026-10-29T04:00,3F,2,0,0,0,0,0,2,2,0,充足,3F-13・3F-14
2026-10-29T04:00,統括,2,1,0,0,0,0,1,1,0,充足,1F-29
2026-10-29T04:30,1F,2,0,0,0,0,0,2,2,0,充足,1F-27・1F-33
2026-10-29T04:30,2F,2,0,0,0,0,0,2,2,0,充足,2F-10・2F-14
2026-10-29T04:30,3F,2,0,0,0,0,0,2,2,0,充足,3F-13・3F-14
2026-10-29T04:30,統括,2,1,0,0,0,0,1,1,0,充足,1F-29
2026-10-29T05:00,1F,2,0,0,0,0,0,2,2,0,充足,1F-27・1F-33
2026-10-29T05:00,2F,2,0,0,0,0,0,2,2,0,充足,2F-10・2F-14
2026-10-29T05:00,3F,2,0,0,0,0,0,2,2,0,充足,3F-13・3F-14
2026-10-29T05:00,統括,2,1,0,0,0,0,1,1,0,充足,1F-28
2026-10-29T05:30,1F,2,0,0,0,0,0,2,2,0,充足,1F-27・1F-33
2026-10-29T05:30,2F,2,0,0,0,0,0,2,2,0,充足,2F-10・2F-14
2026-10-29T05:30,3F,2,0,0,0,0,0,2,2,0,充足,3F-13・3F-14
2026-10-29T05:30,統括,2,1,0,0,0,0,1,1,0,充足,1F-28
2026-10-29T06:00,1F,2,0,0,0,0,0,2,2,0,充足,1F-27・1F-33
2026-10-29T06:00,2F,2,0,0,0,0,0,2,2,0,充足,2F-10・2F-14
2026-10-29T06:00,3F,2,0,0,0,0,0,2,2,0,充足,3F-13・3F-14
2026-10-29T06:00,統括,2,1,0,0,0,0,1,1,0,充足,1F-28
2026-10-29T06:30,1F,2,0,0,0,0,0,2,2,0,充足,1F-27・1F-33
2026-10-29T06:30,2F,2,0,0,0,0,0,2,2,0,充足,2F-10・2F-14
2026-10-29T06:30,3F,2,0,0,0,0,0,2,2,0,充足,3F-13・3F-14
2026-10-29T06:30,統括,2,1,0,0,0,0,1,1,0,充足,1F-28
2026-10-29T07:00,1F,7,0,0,0,0,0,7,4,0,充足,1F-01・1F-02・1F-03・1F-26・1F-27・1F-33・1F-43
2026-10-29T07:00,2F,8,0,0,0,0,0,8,4,0,充足,2F-01・2F-02・2F-03・2F-04・2F-10・2F-14・2F-19・2F-25
2026-10-29T07:00,3F,7,0,0,0,0,0,7,4,0,充足,3F-01・3F-02・3F-13・3F-14・3F-47・3F-48・3F-49
2026-10-29T07:00,統括,2,0,0,0,0,0,2,0,0,充足,1F-28・1F-29
2026-10-29T07:30,1F,7,0,0,0,0,0,7,4,0,充足,1F-01・1F-02・1F-03・1F-26・1F-27・1F-33・1F-43
2026-10-29T07:30,2F,8,0,0,0,0,0,8,4,0,充足,2F-01・2F-02・2F-03・2F-04・2F-10・2F-14・2F-19・2F-25
2026-10-29T07:30,3F,7,0,0,0,0,0,7,4,0,充足,3F-01・3F-02・3F-13・3F-14・3F-47・3F-48・3F-49
2026-10-29T07:30,統括,2,0,0,0,0,0,2,0,0,充足,1F-28・1F-29
2026-10-29T08:00,1F,7,0,0,0,0,0,7,4,0,充足,1F-01・1F-02・1F-03・1F-26・1F-27・1F-33・1F-43
2026-10-29T08:00,2F,8,0,0,0,0,0,8,4,0,充足,2F-01・2F-02・2F-03・2F-04・2F-10・2F-14・2F-19・2F-25
2026-10-29T08:00,3F,7,0,0,0,0,0,7,4,0,充足,3F-01・3F-02・3F-13・3F-14・3F-47・3F-48・3F-49
2026-10-29T08:00,統括,2,0,0,0,0,0,2,0,0,充足,1F-28・1F-29
2026-10-29T08:30,1F,7,0,0,0,0,0,7,4,0,充足,1F-01・1F-02・1F-03・1F-26・1F-27・1F-33・1F-43
2026-10-29T08:30,2F,8,0,0,0,0,0,8,4,0,充足,2F-01・2F-02・2F-03・2F-04・2F-10・2F-14・2F-19・2F-25
2026-10-29T08:30,3F,7,0,0,0,0,0,7,4,0,充足,3F-01・3F-02・3F-13・3F-14・3F-47・3F-48・3F-49
2026-10-29T08:30,統括,2,0,0,0,0,0,2,0,0,充足,1F-28・1F-29
2026-10-29T09:00,1F,5,0,0,0,0,0,5,4,0,充足,1F-01・1F-02・1F-03・1F-26・1F-43
2026-10-29T09:00,2F,6,0,0,0,0,0,6,4,0,充足,2F-01・2F-02・2F-03・2F-04・2F-19・2F-25
2026-10-29T09:00,3F,5,0,0,0,0,0,5,4,0,充足,3F-01・3F-02・3F-47・3F-48・3F-49
2026-10-29T09:00,統括,0,0,0,0,0,0,0,0,0,充足,
2026-10-29T09:30,1F,5,0,0,0,0,0,5,4,0,充足,1F-01・1F-02・1F-03・1F-26・1F-43
2026-10-29T09:30,2F,6,0,0,0,0,0,6,4,0,充足,2F-01・2F-02・2F-03・2F-04・2F-19・2F-25
2026-10-29T09:30,3F,5,0,0,0,0,0,5,4,0,充足,3F-01・3F-02・3F-47・3F-48・3F-49
2026-10-29T09:30,統括,0,0,0,0,0,0,0,0,0,充足,
2026-10-29T10:00,1F,10,0,1,0,0,0,9,4,0,充足,1F-01・1F-02・1F-03・1F-04・1F-05・1F-06・1F-07・1F-08・1F-43
2026-10-29T10:00,2F,11,0,1,0,0,0,10,4,0,充足,2F-01・2F-02・2F-03・2F-04・2F-05・2F-07・2F-08・2F-15・2F-16・2F-19
2026-10-29T10:00,3F,10,0,1,0,0,0,9,4,0,充足,3F-01・3F-02・3F-03・3F-04・3F-05・3F-06・3F-07・3F-48・3F-49
2026-10-29T10:00,統括,0,0,0,0,0,0,0,0,0,充足,
2026-10-29T10:30,1F,10,0,1,0,0,0,9,4,0,充足,1F-01・1F-02・1F-03・1F-04・1F-05・1F-06・1F-07・1F-08・1F-43
2026-10-29T10:30,2F,11,0,1,0,0,0,10,4,0,充足,2F-01・2F-02・2F-03・2F-04・2F-05・2F-07・2F-08・2F-15・2F-16・2F-19
2026-10-29T10:30,3F,10,0,1,0,0,0,9,4,0,充足,3F-01・3F-02・3F-03・3F-04・3F-05・3F-06・3F-07・3F-48・3F-49
2026-10-29T10:30,統括,0,0,0,0,0,0,0,0,0,充足,
2026-10-29T11:00,1F,10,5,0,0,0,0,5,4,0,充足,1F-04・1F-05・1F-06・1F-07・1F-08
2026-10-29T11:00,2F,11,5,0,0,0,0,6,4,0,充足,2F-05・2F-07・2F-08・2F-15・2F-16・2F-19
2026-10-29T11:00,3F,10,5,0,0,0,0,5,4,0,充足,3F-03・3F-04・3F-05・3F-06・3F-07
2026-10-29T11:00,統括,0,0,0,0,0,0,0,0,0,充足,
2026-10-29T11:30,1F,10,5,0,0,0,0,5,4,0,充足,1F-04・1F-05・1F-06・1F-07・1F-08
2026-10-29T11:30,2F,11,5,0,0,0,0,6,4,0,充足,2F-05・2F-07・2F-08・2F-15・2F-16・2F-19
2026-10-29T11:30,3F,10,5,0,0,0,0,5,4,0,充足,3F-03・3F-04・3F-05・3F-06・3F-07
2026-10-29T11:30,統括,0,0,0,0,0,0,0,0,0,充足,
2026-10-29T12:00,1F,10,0,0,0,0,0,10,4,0,充足,1F-01・1F-02・1F-03・1F-04・1F-05・1F-06・1F-07・1F-08・1F-26・1F-43
2026-10-29T12:00,2F,10,0,0,0,0,0,10,4,0,充足,2F-01・2F-02・2F-03・2F-04・2F-05・2F-07・2F-08・2F-15・2F-16・2F-25
2026-10-29T12:00,3F,10,0,0,0,0,0,10,4,0,充足,3F-01・3F-02・3F-03・3F-04・3F-05・3F-06・3F-07・3F-47・3F-48・3F-49
2026-10-29T12:00,統括,0,0,0,0,0,0,0,0,0,充足,
2026-10-29T12:30,1F,10,0,0,0,0,0,10,4,0,充足,1F-01・1F-02・1F-03・1F-04・1F-05・1F-06・1F-07・1F-08・1F-26・1F-43
2026-10-29T12:30,2F,10,0,0,0,0,0,10,4,0,充足,2F-01・2F-02・2F-03・2F-04・2F-05・2F-07・2F-08・2F-15・2F-16・2F-25
2026-10-29T12:30,3F,10,0,0,0,0,0,10,4,0,充足,3F-01・3F-02・3F-03・3F-04・3F-05・3F-06・3F-07・3F-47・3F-48・3F-49
2026-10-29T12:30,統括,0,0,0,0,0,0,0,0,0,充足,
2026-10-29T13:00,1F,10,5,0,0,0,0,5,4,0,充足,1F-01・1F-02・1F-03・1F-26・1F-43
2026-10-29T13:00,2F,10,5,0,0,0,0,5,4,0,充足,2F-01・2F-02・2F-03・2F-04・2F-25
2026-10-29T13:00,3F,10,5,0,0,0,0,5,4,0,充足,3F-01・3F-02・3F-47・3F-48・3F-49
2026-10-29T13:00,統括,0,0,0,0,0,0,0,0,0,充足,
2026-10-29T13:30,1F,10,5,0,0,0,0,5,4,0,充足,1F-01・1F-02・1F-03・1F-26・1F-43
2026-10-29T13:30,2F,10,5,0,0,0,0,5,4,0,充足,2F-01・2F-02・2F-03・2F-04・2F-25
2026-10-29T13:30,3F,10,5,0,0,0,0,5,4,0,充足,3F-01・3F-02・3F-47・3F-48・3F-49
2026-10-29T13:30,統括,0,0,0,0,0,0,0,0,0,充足,
2026-10-29T14:00,1F,10,0,0,0,0,0,10,4,0,充足,1F-01・1F-02・1F-03・1F-04・1F-05・1F-06・1F-07・1F-08・1F-26・1F-43
2026-10-29T14:00,2F,10,0,0,0,0,0,10,4,0,充足,2F-01・2F-02・2F-03・2F-04・2F-05・2F-07・2F-08・2F-15・2F-16・2F-25
2026-10-29T14:00,3F,10,0,0,0,0,0,10,4,0,充足,3F-01・3F-02・3F-03・3F-04・3F-05・3F-06・3F-07・3F-47・3F-48・3F-49
2026-10-29T14:00,統括,0,0,0,0,0,0,0,0,0,充足,
2026-10-29T14:30,1F,10,0,0,0,0,0,10,4,0,充足,1F-01・1F-02・1F-03・1F-04・1F-05・1F-06・1F-07・1F-08・1F-26・1F-43
2026-10-29T14:30,2F,10,0,0,0,0,0,10,4,0,充足,2F-01・2F-02・2F-03・2F-04・2F-05・2F-07・2F-08・2F-15・2F-16・2F-25
2026-10-29T14:30,3F,10,0,0,0,0,0,10,4,0,充足,3F-01・3F-02・3F-03・3F-04・3F-05・3F-06・3F-07・3F-47・3F-48・3F-49
2026-10-29T14:30,統括,0,0,0,0,0,0,0,0,0,充足,
2026-10-29T15:00,1F,10,0,1,0,0,0,9,4,0,充足,1F-01・1F-02・1F-03・1F-05・1F-06・1F-07・1F-08・1F-26・1F-43
2026-10-29T15:00,2F,10,0,1,0,0,0,9,4,0,充足,2F-01・2F-02・2F-03・2F-04・2F-07・2F-08・2F-15・2F-16・2F-25
2026-10-29T15:00,3F,10,0,1,0,0,0,9,4,0,充足,3F-01・3F-02・3F-04・3F-05・3F-06・3F-07・3F-47・3F-48・3F-49
2026-10-29T15:00,統括,0,0,0,0,0,0,0,0,0,充足,
2026-10-29T15:30,1F,10,0,1,0,0,0,9,4,0,充足,1F-01・1F-02・1F-03・1F-05・1F-06・1F-07・1F-08・1F-26・1F-43
2026-10-29T15:30,2F,10,0,1,0,0,0,9,4,0,充足,2F-01・2F-02・2F-03・2F-04・2F-07・2F-08・2F-15・2F-16・2F-25
2026-10-29T15:30,3F,10,0,1,0,0,0,9,4,0,充足,3F-01・3F-02・3F-04・3F-05・3F-06・3F-07・3F-47・3F-48・3F-49
2026-10-29T15:30,統括,0,0,0,0,0,0,0,0,0,充足,
2026-10-29T16:00,1F,7,0,0,0,0,0,7,4,0,充足,1F-04・1F-05・1F-06・1F-07・1F-08・1F-32・1F-34
2026-10-29T16:00,2F,7,0,0,0,0,0,7,4,0,充足,2F-05・2F-07・2F-08・2F-11・2F-12・2F-15・2F-16
2026-10-29T16:00,3F,7,0,0,0,0,0,7,4,0,充足,3F-03・3F-04・3F-05・3F-06・3F-07・3F-09・3F-10
2026-10-29T16:00,統括,2,0,0,0,0,0,2,0,0,充足,1F-35・1F-36
2026-10-29T16:30,1F,7,2,0,0,0,0,5,4,0,充足,1F-04・1F-05・1F-06・1F-07・1F-08
2026-10-29T16:30,2F,7,2,0,0,0,0,5,4,0,充足,2F-05・2F-07・2F-08・2F-15・2F-16
2026-10-29T16:30,3F,7,0,0,0,0,0,7,4,0,充足,3F-03・3F-04・3F-05・3F-06・3F-07・3F-09・3F-10
2026-10-29T16:30,統括,2,0,0,0,0,0,2,0,0,充足,1F-35・1F-36
2026-10-29T17:00,1F,7,2,0,0,0,0,5,4,0,充足,1F-04・1F-05・1F-06・1F-07・1F-08
2026-10-29T17:00,2F,7,2,0,0,0,0,5,4,0,充足,2F-05・2F-07・2F-08・2F-15・2F-16
2026-10-29T17:00,3F,7,0,0,0,0,0,7,4,0,充足,3F-03・3F-04・3F-05・3F-06・3F-07・3F-09・3F-10
2026-10-29T17:00,統括,2,0,0,0,0,0,2,0,0,充足,1F-35・1F-36
2026-10-29T17:30,1F,7,0,0,0,0,0,7,4,0,充足,1F-04・1F-05・1F-06・1F-07・1F-08・1F-32・1F-34
2026-10-29T17:30,2F,7,0,0,0,0,0,7,4,0,充足,2F-05・2F-07・2F-08・2F-11・2F-12・2F-15・2F-16
2026-10-29T17:30,3F,7,2,0,0,0,0,5,4,0,充足,3F-03・3F-04・3F-05・3F-06・3F-07
2026-10-29T17:30,統括,2,2,0,0,0,0,0,0,0,充足,
2026-10-29T18:00,1F,7,0,0,0,0,0,7,4,0,充足,1F-04・1F-05・1F-06・1F-07・1F-08・1F-32・1F-34
2026-10-29T18:00,2F,7,0,0,0,0,0,7,4,0,充足,2F-05・2F-07・2F-08・2F-11・2F-12・2F-15・2F-16
2026-10-29T18:00,3F,7,2,0,0,0,0,5,4,0,充足,3F-03・3F-04・3F-05・3F-06・3F-07
2026-10-29T18:00,統括,2,2,0,0,0,0,0,0,0,充足,
2026-10-29T18:30,1F,7,0,0,0,0,0,7,4,0,充足,1F-04・1F-05・1F-06・1F-07・1F-08・1F-32・1F-34
2026-10-29T18:30,2F,7,0,0,0,0,0,7,4,0,充足,2F-05・2F-07・2F-08・2F-11・2F-12・2F-15・2F-16
2026-10-29T18:30,3F,7,0,0,0,0,0,7,4,0,充足,3F-03・3F-04・3F-05・3F-06・3F-07・3F-09・3F-10
2026-10-29T18:30,統括,2,0,0,0,0,0,2,0,0,充足,1F-35・1F-36
2026-10-29T19:00,1F,2,0,0,0,0,0,2,2,0,充足,1F-32・1F-34
2026-10-29T19:00,2F,2,0,0,0,0,0,2,2,0,充足,2F-11・2F-12
2026-10-29T19:00,3F,2,0,0,0,0,0,2,2,0,充足,3F-09・3F-10
2026-10-29T19:00,統括,2,0,0,0,0,0,2,1,0,充足,1F-35・1F-36
2026-10-29T19:30,1F,2,0,0,0,0,0,2,2,0,充足,1F-32・1F-34
2026-10-29T19:30,2F,2,0,0,0,0,0,2,2,0,充足,2F-11・2F-12
2026-10-29T19:30,3F,2,0,0,0,0,0,2,2,0,充足,3F-09・3F-10
2026-10-29T19:30,統括,2,0,0,0,0,0,2,1,0,充足,1F-35・1F-36
2026-10-29T20:00,1F,2,0,0,0,0,0,2,2,0,充足,1F-32・1F-34
2026-10-29T20:00,2F,2,0,0,0,0,0,2,2,0,充足,2F-11・2F-12
2026-10-29T20:00,3F,2,0,0,0,0,0,2,2,0,充足,3F-09・3F-10
2026-10-29T20:00,統括,2,0,0,0,0,0,2,1,0,充足,1F-35・1F-36
2026-10-29T20:30,1F,2,0,0,0,0,0,2,2,0,充足,1F-32・1F-34
2026-10-29T20:30,2F,2,0,0,0,0,0,2,2,0,充足,2F-11・2F-12
2026-10-29T20:30,3F,2,0,0,0,0,0,2,2,0,充足,3F-09・3F-10
2026-10-29T20:30,統括,2,0,0,0,0,0,2,1,0,充足,1F-35・1F-36
2026-10-29T21:00,1F,2,1,0,0,0,1,2,2,0,充足,1F-34・1F-35
2026-10-29T21:00,2F,2,0,0,0,0,0,2,2,0,充足,2F-11・2F-12
2026-10-29T21:00,3F,2,0,0,0,0,0,2,2,0,充足,3F-09・3F-10
2026-10-29T21:00,統括,2,0,0,0,1,0,1,1,0,充足,1F-36
2026-10-29T21:30,1F,2,1,0,0,0,1,2,2,0,充足,1F-34・1F-35
2026-10-29T21:30,2F,2,0,0,0,0,0,2,2,0,充足,2F-11・2F-12
2026-10-29T21:30,3F,2,0,0,0,0,0,2,2,0,充足,3F-09・3F-10
2026-10-29T21:30,統括,2,0,0,0,1,0,1,1,0,充足,1F-36
2026-10-29T22:00,1F,3,2,0,0,1,2,2,2,0,充足,1F-23・1F-35
2026-10-29T22:00,2F,2,0,0,0,0,0,2,2,0,充足,2F-11・2F-12
2026-10-29T22:00,3F,2,0,0,0,0,0,2,2,0,充足,3F-09・3F-10
2026-10-29T22:00,統括,2,0,0,0,1,0,1,1,0,充足,1F-36
2026-10-29T22:30,1F,3,2,0,0,1,2,2,2,0,充足,1F-23・1F-35
2026-10-29T22:30,2F,2,0,0,0,0,0,2,2,0,充足,2F-11・2F-12
2026-10-29T22:30,3F,2,0,0,0,0,0,2,2,0,充足,3F-09・3F-10
2026-10-29T22:30,統括,2,0,0,0,1,0,1,1,0,充足,1F-36
2026-10-29T23:00,1F,3,1,0,0,1,1,2,2,0,充足,1F-23・1F-32
2026-10-29T23:00,2F,2,1,0,0,0,1,2,2,0,充足,1F-35・2F-12
2026-10-29T23:00,3F,2,0,0,0,0,0,2,2,0,充足,3F-09・3F-10
2026-10-29T23:00,統括,2,0,0,0,1,0,1,1,0,充足,1F-36
2026-10-29T23:30,1F,3,1,0,0,1,1,2,2,0,充足,1F-23・1F-32
2026-10-29T23:30,2F,2,1,0,0,0,1,2,2,0,充足,1F-35・2F-12
2026-10-29T23:30,3F,2,0,0,0,0,0,2,2,0,充足,3F-09・3F-10
2026-10-29T23:30,統括,2,0,0,0,1,0,1,1,0,充足,1F-36
2026-10-30T00:00,1F,3,0,0,0,1,0,2,2,0,充足,1F-32・1F-34
2026-10-30T00:00,2F,2,2,0,0,0,2,2,2,0,充足,1F-23・1F-35
2026-10-30T00:00,3F,2,0,0,0,0,0,2,2,0,充足,3F-09・3F-10
2026-10-30T00:00,統括,2,0,0,0,1,0,1,1,0,充足,1F-36
2026-10-30T00:30,1F,3,0,0,0,1,0,2,2,0,充足,1F-32・1F-34
2026-10-30T00:30,2F,2,2,0,0,0,2,2,2,0,充足,1F-23・1F-35
2026-10-30T00:30,3F,2,0,0,0,0,0,2,2,0,充足,3F-09・3F-10
2026-10-30T00:30,統括,2,0,0,0,1,0,1,1,0,充足,1F-36
2026-10-30T01:00,1F,2,0,0,0,0,0,2,2,0,充足,1F-32・1F-34
2026-10-30T01:00,2F,3,1,0,0,1,1,2,2,0,充足,2F-11・3F-24
2026-10-30T01:00,3F,2,1,0,0,0,1,2,2,0,充足,1F-35・3F-10
2026-10-30T01:00,統括,2,0,0,0,1,0,1,1,0,充足,1F-36
2026-10-30T01:30,1F,2,0,0,0,0,0,2,2,0,充足,1F-32・1F-34
2026-10-30T01:30,2F,3,1,0,0,1,1,2,2,0,充足,2F-11・3F-24
2026-10-30T01:30,3F,2,1,0,0,0,1,2,2,0,充足,1F-35・3F-10
2026-10-30T01:30,統括,2,0,0,0,1,0,1,1,0,充足,1F-36
2026-10-30T02:00,1F,2,0,0,0,0,0,2,2,0,充足,1F-32・1F-34
2026-10-30T02:00,2F,3,0,0,0,1,0,2,2,0,充足,2F-11・2F-12
2026-10-30T02:00,3F,2,2,0,0,0,2,2,2,0,充足,1F-35・3F-24
2026-10-30T02:00,統括,2,0,0,0,1,0,1,1,0,充足,1F-36
2026-10-30T02:30,1F,2,0,0,0,0,0,2,2,0,充足,1F-32・1F-34
2026-10-30T02:30,2F,3,0,0,0,1,0,2,2,0,充足,2F-11・2F-12
2026-10-30T02:30,3F,2,2,0,0,0,2,2,2,0,充足,1F-35・3F-24
2026-10-30T02:30,統括,2,0,0,0,1,0,1,1,0,充足,1F-36
2026-10-30T03:00,1F,2,0,0,0,0,0,2,2,0,充足,1F-32・1F-34
2026-10-30T03:00,2F,3,0,0,0,1,0,2,2,0,充足,2F-11・2F-12
2026-10-30T03:00,3F,2,1,0,0,0,1,2,2,0,充足,3F-09・3F-24
2026-10-30T03:00,統括,2,1,0,0,0,0,1,1,0,充足,1F-36
2026-10-30T03:30,1F,2,0,0,0,0,0,2,2,0,充足,1F-32・1F-34
2026-10-30T03:30,2F,3,0,0,0,1,0,2,2,0,充足,2F-11・2F-12
2026-10-30T03:30,3F,2,1,0,0,0,1,2,2,0,充足,3F-09・3F-24
2026-10-30T03:30,統括,2,1,0,0,0,0,1,1,0,充足,1F-36
2026-10-30T04:00,1F,2,0,0,0,0,0,2,2,0,充足,1F-32・1F-34
2026-10-30T04:00,2F,2,0,0,0,0,0,2,2,0,充足,2F-11・2F-12
2026-10-30T04:00,3F,2,0,0,0,0,0,2,2,0,充足,3F-09・3F-10
2026-10-30T04:00,統括,2,1,0,0,0,0,1,1,0,充足,1F-36
2026-10-30T04:30,1F,2,0,0,0,0,0,2,2,0,充足,1F-32・1F-34
2026-10-30T04:30,2F,2,0,0,0,0,0,2,2,0,充足,2F-11・2F-12
2026-10-30T04:30,3F,2,0,0,0,0,0,2,2,0,充足,3F-09・3F-10
2026-10-30T04:30,統括,2,1,0,0,0,0,1,1,0,充足,1F-36
2026-10-30T05:00,1F,2,0,0,0,0,0,2,2,0,充足,1F-32・1F-34
2026-10-30T05:00,2F,2,0,0,0,0,0,2,2,0,充足,2F-11・2F-12
2026-10-30T05:00,3F,2,0,0,0,0,0,2,2,0,充足,3F-09・3F-10
2026-10-30T05:00,統括,2,1,0,0,0,0,1,1,0,充足,1F-35
2026-10-30T05:30,1F,2,0,0,0,0,0,2,2,0,充足,1F-32・1F-34
2026-10-30T05:30,2F,2,0,0,0,0,0,2,2,0,充足,2F-11・2F-12
2026-10-30T05:30,3F,2,0,0,0,0,0,2,2,0,充足,3F-09・3F-10
2026-10-30T05:30,統括,2,1,0,0,0,0,1,1,0,充足,1F-35
2026-10-30T06:00,1F,2,0,0,0,0,0,2,2,0,充足,1F-32・1F-34
2026-10-30T06:00,2F,2,0,0,0,0,0,2,2,0,充足,2F-11・2F-12
2026-10-30T06:00,3F,2,0,0,0,0,0,2,2,0,充足,3F-09・3F-10
2026-10-30T06:00,統括,2,1,0,0,0,0,1,1,0,充足,1F-35
2026-10-30T06:30,1F,2,0,0,0,0,0,2,2,0,充足,1F-32・1F-34
2026-10-30T06:30,2F,2,0,0,0,0,0,2,2,0,充足,2F-11・2F-12
2026-10-30T06:30,3F,2,0,0,0,0,0,2,2,0,充足,3F-09・3F-10
2026-10-30T06:30,統括,2,1,0,0,0,0,1,1,0,充足,1F-35
2026-10-30T07:00,1F,7,0,0,0,0,0,7,4,0,充足,1F-09・1F-10・1F-11・1F-12・1F-15・1F-32・1F-34
2026-10-30T07:00,2F,7,0,0,0,0,0,7,4,0,充足,2F-11・2F-12・2F-26・2F-27・2F-28・2F-29・2F-30
2026-10-30T07:00,3F,7,0,0,0,0,0,7,4,0,充足,3F-08・3F-09・3F-10・3F-15・3F-16・3F-25・3F-26
2026-10-30T07:00,統括,2,0,0,0,0,0,2,0,0,充足,1F-35・1F-36
2026-10-30T07:30,1F,7,0,0,0,0,0,7,4,0,充足,1F-09・1F-10・1F-11・1F-12・1F-15・1F-32・1F-34
2026-10-30T07:30,2F,7,0,0,0,0,0,7,4,0,充足,2F-11・2F-12・2F-26・2F-27・2F-28・2F-29・2F-30
2026-10-30T07:30,3F,7,0,0,0,0,0,7,4,0,充足,3F-08・3F-09・3F-10・3F-15・3F-16・3F-25・3F-26
2026-10-30T07:30,統括,2,0,0,0,0,0,2,0,0,充足,1F-35・1F-36
2026-10-30T08:00,1F,7,0,0,0,0,0,7,4,0,充足,1F-09・1F-10・1F-11・1F-12・1F-15・1F-32・1F-34
2026-10-30T08:00,2F,7,0,0,0,0,0,7,4,0,充足,2F-11・2F-12・2F-26・2F-27・2F-28・2F-29・2F-30
2026-10-30T08:00,3F,7,0,0,0,0,0,7,4,0,充足,3F-08・3F-09・3F-10・3F-15・3F-16・3F-25・3F-26
2026-10-30T08:00,統括,2,0,0,0,0,0,2,0,0,充足,1F-35・1F-36
2026-10-30T08:30,1F,8,0,0,0,0,0,8,4,0,充足,1F-09・1F-10・1F-11・1F-12・1F-15・1F-32・1F-34・1F-43
2026-10-30T08:30,2F,7,0,0,0,0,0,7,4,0,充足,2F-11・2F-12・2F-26・2F-27・2F-28・2F-29・2F-30
2026-10-30T08:30,3F,7,0,0,0,0,0,7,4,0,充足,3F-08・3F-09・3F-10・3F-15・3F-16・3F-25・3F-26
2026-10-30T08:30,統括,2,0,0,0,0,0,2,0,0,充足,1F-35・1F-36
2026-10-30T09:00,1F,6,0,0,0,0,0,6,4,0,充足,1F-09・1F-10・1F-11・1F-12・1F-15・1F-43
2026-10-30T09:00,2F,5,0,0,0,0,0,5,4,0,充足,2F-26・2F-27・2F-28・2F-29・2F-30
2026-10-30T09:00,3F,5,0,0,0,0,0,5,4,0,充足,3F-08・3F-15・3F-16・3F-25・3F-26
2026-10-30T09:00,統括,0,0,0,0,0,0,0,0,0,充足,
2026-10-30T09:30,1F,6,0,0,0,0,0,6,4,0,充足,1F-09・1F-10・1F-11・1F-12・1F-15・1F-43
2026-10-30T09:30,2F,5,0,0,0,0,0,5,4,0,充足,2F-26・2F-27・2F-28・2F-29・2F-30
2026-10-30T09:30,3F,5,0,0,0,0,0,5,4,0,充足,3F-08・3F-15・3F-16・3F-25・3F-26
2026-10-30T09:30,統括,0,0,0,0,0,0,0,0,0,充足,
2026-10-30T10:00,1F,11,0,1,0,0,0,10,4,0,充足,1F-10・1F-11・1F-12・1F-13・1F-14・1F-15・1F-16・1F-41・1F-42・1F-43
2026-10-30T10:00,2F,10,0,1,0,0,0,9,4,0,充足,2F-01・2F-06・2F-09・2F-10・2F-25・2F-27・2F-28・2F-29・2F-30
2026-10-30T10:00,3F,10,0,1,0,0,0,9,4,0,充足,3F-15・3F-16・3F-25・3F-26・3F-27・3F-28・3F-29・3F-30・3F-31
2026-10-30T10:00,統括,0,0,0,0,0,0,0,0,0,充足,
2026-10-30T10:30,1F,11,0,1,0,0,0,10,4,0,充足,1F-10・1F-11・1F-12・1F-13・1F-14・1F-15・1F-16・1F-41・1F-42・1F-43
2026-10-30T10:30,2F,10,0,1,0,0,0,9,4,0,充足,2F-01・2F-06・2F-09・2F-10・2F-25・2F-27・2F-28・2F-29・2F-30
2026-10-30T10:30,3F,10,0,1,0,0,0,9,4,0,充足,3F-15・3F-16・3F-25・3F-26・3F-27・3F-28・3F-29・3F-30・3F-31
2026-10-30T10:30,統括,0,0,0,0,0,0,0,0,0,充足,
2026-10-30T11:00,1F,11,5,0,0,0,0,6,4,0,充足,1F-13・1F-14・1F-16・1F-41・1F-42・1F-43
2026-10-30T11:00,2F,10,5,0,0,0,0,5,4,0,充足,2F-01・2F-06・2F-09・2F-10・2F-25
2026-10-30T11:00,3F,10,5,0,0,0,0,5,4,0,充足,3F-27・3F-28・3F-29・3F-30・3F-31
2026-10-30T11:00,統括,0,0,0,0,0,0,0,0,0,充足,
2026-10-30T11:30,1F,11,5,0,0,0,0,6,4,0,充足,1F-13・1F-14・1F-16・1F-41・1F-42・1F-43
2026-10-30T11:30,2F,10,5,0,0,0,0,5,4,0,充足,2F-01・2F-06・2F-09・2F-10・2F-25
2026-10-30T11:30,3F,10,5,0,0,0,0,5,4,0,充足,3F-27・3F-28・3F-29・3F-30・3F-31
2026-10-30T11:30,統括,0,0,0,0,0,0,0,0,0,充足,
2026-10-30T12:00,1F,11,1,0,0,0,0,10,4,0,充足,1F-09・1F-10・1F-11・1F-12・1F-13・1F-14・1F-15・1F-16・1F-41・1F-42
2026-10-30T12:00,2F,10,0,0,0,0,0,10,4,0,充足,2F-01・2F-06・2F-09・2F-10・2F-25・2F-26・2F-27・2F-28・2F-29・2F-30
2026-10-30T12:00,3F,10,0,0,0,0,0,10,4,0,充足,3F-08・3F-15・3F-16・3F-25・3F-26・3F-27・3F-28・3F-29・3F-30・3F-31
2026-10-30T12:00,統括,0,0,0,0,0,0,0,0,0,充足,
2026-10-30T12:30,1F,11,1,0,0,0,0,10,4,0,充足,1F-09・1F-10・1F-11・1F-12・1F-13・1F-14・1F-15・1F-16・1F-41・1F-42
2026-10-30T12:30,2F,10,0,0,0,0,0,10,4,0,充足,2F-01・2F-06・2F-09・2F-10・2F-25・2F-26・2F-27・2F-28・2F-29・2F-30
2026-10-30T12:30,3F,10,0,0,0,0,0,10,4,0,充足,3F-08・3F-15・3F-16・3F-25・3F-26・3F-27・3F-28・3F-29・3F-30・3F-31
2026-10-30T12:30,統括,0,0,0,0,0,0,0,0,0,充足,
2026-10-30T13:00,1F,11,5,0,0,0,0,6,4,0,充足,1F-09・1F-10・1F-11・1F-12・1F-15・1F-43
2026-10-30T13:00,2F,10,5,0,0,0,0,5,4,0,充足,2F-26・2F-27・2F-28・2F-29・2F-30
2026-10-30T13:00,3F,10,5,0,0,0,0,5,4,0,充足,3F-08・3F-15・3F-16・3F-25・3F-26
2026-10-30T13:00,統括,0,0,0,0,0,0,0,0,0,充足,
2026-10-30T13:30,1F,11,5,0,0,0,0,6,4,0,充足,1F-09・1F-10・1F-11・1F-12・1F-15・1F-43
2026-10-30T13:30,2F,10,5,0,0,0,0,5,4,0,充足,2F-26・2F-27・2F-28・2F-29・2F-30
2026-10-30T13:30,3F,10,5,0,0,0,0,5,4,0,充足,3F-08・3F-15・3F-16・3F-25・3F-26
2026-10-30T13:30,統括,0,0,0,0,0,0,0,0,0,充足,
2026-10-30T14:00,1F,11,0,0,0,0,0,11,4,0,充足,1F-09・1F-10・1F-11・1F-12・1F-13・1F-14・1F-15・1F-16・1F-41・1F-42・1F-43
2026-10-30T14:00,2F,10,0,0,0,0,0,10,4,0,充足,2F-01・2F-06・2F-09・2F-10・2F-25・2F-26・2F-27・2F-28・2F-29・2F-30
2026-10-30T14:00,3F,10,0,0,0,0,0,10,4,0,充足,3F-08・3F-15・3F-16・3F-25・3F-26・3F-27・3F-28・3F-29・3F-30・3F-31
2026-10-30T14:00,統括,0,0,0,0,0,0,0,0,0,充足,
2026-10-30T14:30,1F,11,0,0,0,0,0,11,4,0,充足,1F-09・1F-10・1F-11・1F-12・1F-13・1F-14・1F-15・1F-16・1F-41・1F-42・1F-43
2026-10-30T14:30,2F,10,0,0,0,0,0,10,4,0,充足,2F-01・2F-06・2F-09・2F-10・2F-25・2F-26・2F-27・2F-28・2F-29・2F-30
2026-10-30T14:30,3F,10,0,0,0,0,0,10,4,0,充足,3F-08・3F-15・3F-16・3F-25・3F-26・3F-27・3F-28・3F-29・3F-30・3F-31
2026-10-30T14:30,統括,0,0,0,0,0,0,0,0,0,充足,
2026-10-30T15:00,1F,11,0,1,0,0,0,10,4,0,充足,1F-09・1F-10・1F-11・1F-12・1F-13・1F-14・1F-15・1F-41・1F-42・1F-43
2026-10-30T15:00,2F,10,0,1,0,0,0,9,4,0,充足,2F-01・2F-09・2F-10・2F-25・2F-26・2F-27・2F-28・2F-29・2F-30
2026-10-30T15:00,3F,10,0,1,0,0,0,9,4,0,充足,3F-08・3F-15・3F-16・3F-25・3F-26・3F-28・3F-29・3F-30・3F-31
2026-10-30T15:00,統括,0,0,0,0,0,0,0,0,0,充足,
2026-10-30T15:30,1F,11,0,1,0,0,0,10,4,0,充足,1F-09・1F-10・1F-11・1F-12・1F-13・1F-14・1F-15・1F-41・1F-42・1F-43
2026-10-30T15:30,2F,10,0,1,0,0,0,9,4,0,充足,2F-01・2F-09・2F-10・2F-25・2F-26・2F-27・2F-28・2F-29・2F-30
2026-10-30T15:30,3F,10,0,1,0,0,0,9,4,0,充足,3F-08・3F-15・3F-16・3F-25・3F-26・3F-28・3F-29・3F-30・3F-31
2026-10-30T15:30,統括,0,0,0,0,0,0,0,0,0,充足,
2026-10-30T16:00,1F,8,0,0,0,0,0,8,4,0,充足,1F-13・1F-14・1F-16・1F-37・1F-38・1F-41・1F-42・1F-43
2026-10-30T16:00,2F,7,0,0,0,0,0,7,4,0,充足,2F-01・2F-06・2F-09・2F-10・2F-13・2F-14・2F-25
2026-10-30T16:00,3F,7,0,0,0,0,0,7,4,0,充足,3F-11・3F-12・3F-27・3F-28・3F-29・3F-30・3F-31
2026-10-30T16:00,統括,2,0,0,0,0,0,2,0,0,充足,1F-39・1F-40
2026-10-30T16:30,1F,8,2,0,0,0,0,6,4,0,充足,1F-13・1F-14・1F-16・1F-41・1F-42・1F-43
2026-10-30T16:30,2F,7,2,0,0,0,0,5,4,0,充足,2F-01・2F-06・2F-09・2F-10・2F-25
2026-10-30T16:30,3F,7,0,0,0,0,0,7,4,0,充足,3F-11・3F-12・3F-27・3F-28・3F-29・3F-30・3F-31
2026-10-30T16:30,統括,2,0,0,0,0,0,2,0,0,充足,1F-39・1F-40
2026-10-30T17:00,1F,8,2,0,0,0,0,6,4,0,充足,1F-13・1F-14・1F-16・1F-41・1F-42・1F-43
2026-10-30T17:00,2F,7,2,0,0,0,0,5,4,0,充足,2F-01・2F-06・2F-09・2F-10・2F-25
2026-10-30T17:00,3F,7,0,0,0,0,0,7,4,0,充足,3F-11・3F-12・3F-27・3F-28・3F-29・3F-30・3F-31
2026-10-30T17:00,統括,2,0,0,0,0,0,2,0,0,充足,1F-39・1F-40
2026-10-30T17:30,1F,7,0,0,0,0,0,7,4,0,充足,1F-13・1F-14・1F-16・1F-37・1F-38・1F-41・1F-42
2026-10-30T17:30,2F,7,0,0,0,0,0,7,4,0,充足,2F-01・2F-06・2F-09・2F-10・2F-13・2F-14・2F-25
2026-10-30T17:30,3F,7,2,0,0,0,0,5,4,0,充足,3F-27・3F-28・3F-29・3F-30・3F-31
2026-10-30T17:30,統括,2,2,0,0,0,0,0,0,0,充足,
2026-10-30T18:00,1F,7,0,0,0,0,0,7,4,0,充足,1F-13・1F-14・1F-16・1F-37・1F-38・1F-41・1F-42
2026-10-30T18:00,2F,7,0,0,0,0,0,7,4,0,充足,2F-01・2F-06・2F-09・2F-10・2F-13・2F-14・2F-25
2026-10-30T18:00,3F,7,2,0,0,0,0,5,4,0,充足,3F-27・3F-28・3F-29・3F-30・3F-31
2026-10-30T18:00,統括,2,2,0,0,0,0,0,0,0,充足,
2026-10-30T18:30,1F,7,0,0,0,0,0,7,4,0,充足,1F-13・1F-14・1F-16・1F-37・1F-38・1F-41・1F-42
2026-10-30T18:30,2F,7,0,0,0,0,0,7,4,0,充足,2F-01・2F-06・2F-09・2F-10・2F-13・2F-14・2F-25
2026-10-30T18:30,3F,7,0,0,0,0,0,7,4,0,充足,3F-11・3F-12・3F-27・3F-28・3F-29・3F-30・3F-31
2026-10-30T18:30,統括,2,0,0,0,0,0,2,0,0,充足,1F-39・1F-40
2026-10-30T19:00,1F,2,0,0,0,0,0,2,2,0,充足,1F-37・1F-38
2026-10-30T19:00,2F,2,0,0,0,0,0,2,2,0,充足,2F-13・2F-14
2026-10-30T19:00,3F,2,0,0,0,0,0,2,2,0,充足,3F-11・3F-12
2026-10-30T19:00,統括,2,0,0,0,0,0,2,1,0,充足,1F-39・1F-40
2026-10-30T19:30,1F,2,0,0,0,0,0,2,2,0,充足,1F-37・1F-38
2026-10-30T19:30,2F,2,0,0,0,0,0,2,2,0,充足,2F-13・2F-14
2026-10-30T19:30,3F,2,0,0,0,0,0,2,2,0,充足,3F-11・3F-12
2026-10-30T19:30,統括,2,0,0,0,0,0,2,1,0,充足,1F-39・1F-40
2026-10-30T20:00,1F,2,0,0,0,0,0,2,2,0,充足,1F-37・1F-38
2026-10-30T20:00,2F,2,0,0,0,0,0,2,2,0,充足,2F-13・2F-14
2026-10-30T20:00,3F,2,0,0,0,0,0,2,2,0,充足,3F-11・3F-12
2026-10-30T20:00,統括,2,0,0,0,0,0,2,1,0,充足,1F-39・1F-40
2026-10-30T20:30,1F,2,0,0,0,0,0,2,2,0,充足,1F-37・1F-38
2026-10-30T20:30,2F,2,0,0,0,0,0,2,2,0,充足,2F-13・2F-14
2026-10-30T20:30,3F,2,0,0,0,0,0,2,2,0,充足,3F-11・3F-12
2026-10-30T20:30,統括,2,0,0,0,0,0,2,1,0,充足,1F-39・1F-40
2026-10-30T21:00,1F,2,1,0,0,0,1,2,2,0,充足,1F-38・1F-39
2026-10-30T21:00,2F,2,0,0,0,0,0,2,2,0,充足,2F-13・2F-14
2026-10-30T21:00,3F,2,0,0,0,0,0,2,2,0,充足,3F-11・3F-12
2026-10-30T21:00,統括,2,0,0,0,1,0,1,1,0,充足,1F-40
2026-10-30T21:30,1F,2,1,0,0,0,1,2,2,0,充足,1F-38・1F-39
2026-10-30T21:30,2F,2,0,0,0,0,0,2,2,0,充足,2F-13・2F-14
2026-10-30T21:30,3F,2,0,0,0,0,0,2,2,0,充足,3F-11・3F-12
2026-10-30T21:30,統括,2,0,0,0,1,0,1,1,0,充足,1F-40
2026-10-30T22:00,1F,3,2,0,0,1,2,2,2,0,充足,1F-26・1F-39
2026-10-30T22:00,2F,2,0,0,0,0,0,2,2,0,充足,2F-13・2F-14
2026-10-30T22:00,3F,2,0,0,0,0,0,2,2,0,充足,3F-11・3F-12
2026-10-30T22:00,統括,2,0,0,0,1,0,1,1,0,充足,1F-40
2026-10-30T22:30,1F,3,2,0,0,1,2,2,2,0,充足,1F-26・1F-39
2026-10-30T22:30,2F,2,0,0,0,0,0,2,2,0,充足,2F-13・2F-14
2026-10-30T22:30,3F,2,0,0,0,0,0,2,2,0,充足,3F-11・3F-12
2026-10-30T22:30,統括,2,0,0,0,1,0,1,1,0,充足,1F-40
2026-10-30T23:00,1F,3,1,0,0,1,1,2,2,0,充足,1F-26・1F-37
2026-10-30T23:00,2F,2,1,0,0,0,1,2,2,0,充足,1F-39・2F-14
2026-10-30T23:00,3F,2,0,0,0,0,0,2,2,0,充足,3F-11・3F-12
2026-10-30T23:00,統括,2,0,0,0,1,0,1,1,0,充足,1F-40
2026-10-30T23:30,1F,3,1,0,0,1,1,2,2,0,充足,1F-26・1F-37
2026-10-30T23:30,2F,2,1,0,0,0,1,2,2,0,充足,1F-39・2F-14
2026-10-30T23:30,3F,2,0,0,0,0,0,2,2,0,充足,3F-11・3F-12
2026-10-30T23:30,統括,2,0,0,0,1,0,1,1,0,充足,1F-40
2026-10-31T00:00,1F,3,0,0,0,1,0,2,2,0,充足,1F-37・1F-38
2026-10-31T00:00,2F,2,2,0,0,0,2,2,2,0,充足,1F-26・1F-39
2026-10-31T00:00,3F,2,0,0,0,0,0,2,2,0,充足,3F-11・3F-12
2026-10-31T00:00,統括,2,0,0,0,1,0,1,1,0,充足,1F-40
2026-10-31T00:30,1F,3,0,0,0,1,0,2,2,0,充足,1F-37・1F-38
2026-10-31T00:30,2F,2,2,0,0,0,2,2,2,0,充足,1F-26・1F-39
2026-10-31T00:30,3F,2,0,0,0,0,0,2,2,0,充足,3F-11・3F-12
2026-10-31T00:30,統括,2,0,0,0,1,0,1,1,0,充足,1F-40
2026-10-31T01:00,1F,2,0,0,0,0,0,2,2,0,充足,1F-37・1F-38
2026-10-31T01:00,2F,3,1,0,0,1,1,2,2,0,充足,1F-24・2F-13
2026-10-31T01:00,3F,2,1,0,0,0,1,2,2,0,充足,1F-39・3F-12
2026-10-31T01:00,統括,2,0,0,0,1,0,1,1,0,充足,1F-40
2026-10-31T01:30,1F,2,0,0,0,0,0,2,2,0,充足,1F-37・1F-38
2026-10-31T01:30,2F,3,1,0,0,1,1,2,2,0,充足,1F-24・2F-13
2026-10-31T01:30,3F,2,1,0,0,0,1,2,2,0,充足,1F-39・3F-12
2026-10-31T01:30,統括,2,0,0,0,1,0,1,1,0,充足,1F-40
2026-10-31T02:00,1F,2,0,0,0,0,0,2,2,0,充足,1F-37・1F-38
2026-10-31T02:00,2F,3,0,0,0,1,0,2,2,0,充足,2F-13・2F-14
2026-10-31T02:00,3F,2,2,0,0,0,2,2,2,0,充足,1F-24・1F-39
2026-10-31T02:00,統括,2,0,0,0,1,0,1,1,0,充足,1F-40
2026-10-31T02:30,1F,2,0,0,0,0,0,2,2,0,充足,1F-37・1F-38
2026-10-31T02:30,2F,3,0,0,0,1,0,2,2,0,充足,2F-13・2F-14
2026-10-31T02:30,3F,2,2,0,0,0,2,2,2,0,充足,1F-24・1F-39
2026-10-31T02:30,統括,2,0,0,0,1,0,1,1,0,充足,1F-40
2026-10-31T03:00,1F,2,0,0,0,0,0,2,2,0,充足,1F-37・1F-38
2026-10-31T03:00,2F,3,0,0,0,1,0,2,2,0,充足,2F-13・2F-14
2026-10-31T03:00,3F,2,1,0,0,0,1,2,2,0,充足,1F-24・3F-11
2026-10-31T03:00,統括,2,1,0,0,0,0,1,1,0,充足,1F-40
2026-10-31T03:30,1F,2,0,0,0,0,0,2,2,0,充足,1F-37・1F-38
2026-10-31T03:30,2F,3,0,0,0,1,0,2,2,0,充足,2F-13・2F-14
2026-10-31T03:30,3F,2,1,0,0,0,1,2,2,0,充足,1F-24・3F-11
2026-10-31T03:30,統括,2,1,0,0,0,0,1,1,0,充足,1F-40
2026-10-31T04:00,1F,2,0,0,0,0,0,2,2,0,充足,1F-37・1F-38
2026-10-31T04:00,2F,2,0,0,0,0,0,2,2,0,充足,2F-13・2F-14
2026-10-31T04:00,3F,2,0,0,0,0,0,2,2,0,充足,3F-11・3F-12
2026-10-31T04:00,統括,2,1,0,0,0,0,1,1,0,充足,1F-40
2026-10-31T04:30,1F,2,0,0,0,0,0,2,2,0,充足,1F-37・1F-38
2026-10-31T04:30,2F,2,0,0,0,0,0,2,2,0,充足,2F-13・2F-14
2026-10-31T04:30,3F,2,0,0,0,0,0,2,2,0,充足,3F-11・3F-12
2026-10-31T04:30,統括,2,1,0,0,0,0,1,1,0,充足,1F-40
2026-10-31T05:00,1F,2,0,0,0,0,0,2,2,0,充足,1F-37・1F-38
2026-10-31T05:00,2F,2,0,0,0,0,0,2,2,0,充足,2F-13・2F-14
2026-10-31T05:00,3F,2,0,0,0,0,0,2,2,0,充足,3F-11・3F-12
2026-10-31T05:00,統括,2,1,0,0,0,0,1,1,0,充足,1F-39
2026-10-31T05:30,1F,2,0,0,0,0,0,2,2,0,充足,1F-37・1F-38
2026-10-31T05:30,2F,2,0,0,0,0,0,2,2,0,充足,2F-13・2F-14
2026-10-31T05:30,3F,2,0,0,0,0,0,2,2,0,充足,3F-11・3F-12
2026-10-31T05:30,統括,2,1,0,0,0,0,1,1,0,充足,1F-39
2026-10-31T06:00,1F,2,0,0,0,0,0,2,2,0,充足,1F-37・1F-38
2026-10-31T06:00,2F,2,0,0,0,0,0,2,2,0,充足,2F-13・2F-14
2026-10-31T06:00,3F,2,0,0,0,0,0,2,2,0,充足,3F-11・3F-12
2026-10-31T06:00,統括,2,1,0,0,0,0,1,1,0,充足,1F-39
2026-10-31T06:30,1F,2,0,0,0,0,0,2,2,0,充足,1F-37・1F-38
2026-10-31T06:30,2F,2,0,0,0,0,0,2,2,0,充足,2F-13・2F-14
2026-10-31T06:30,3F,2,0,0,0,0,0,2,2,0,充足,3F-11・3F-12
2026-10-31T06:30,統括,2,1,0,0,0,0,1,1,0,充足,1F-39
2026-10-31T07:00,1F,7,0,0,0,0,0,7,4,0,充足,1F-01・1F-02・1F-03・1F-04・1F-05・1F-37・1F-38
2026-10-31T07:00,2F,7,0,0,0,0,0,7,4,0,充足,2F-02・2F-03・2F-04・2F-05・2F-11・2F-13・2F-14
2026-10-31T07:00,3F,7,0,0,0,0,0,7,4,0,充足,3F-11・3F-12・3F-32・3F-33・3F-34・3F-35・3F-36
2026-10-31T07:00,統括,2,0,0,0,0,0,2,0,0,充足,1F-39・1F-40
2026-10-31T07:30,1F,7,0,0,0,0,0,7,4,0,充足,1F-01・1F-02・1F-03・1F-04・1F-05・1F-37・1F-38
2026-10-31T07:30,2F,7,0,0,0,0,0,7,4,0,充足,2F-02・2F-03・2F-04・2F-05・2F-11・2F-13・2F-14
2026-10-31T07:30,3F,7,0,0,0,0,0,7,4,0,充足,3F-11・3F-12・3F-32・3F-33・3F-34・3F-35・3F-36
2026-10-31T07:30,統括,2,0,0,0,0,0,2,0,0,充足,1F-39・1F-40
2026-10-31T08:00,1F,7,0,0,0,0,0,7,4,0,充足,1F-01・1F-02・1F-03・1F-04・1F-05・1F-37・1F-38
2026-10-31T08:00,2F,7,0,0,0,0,0,7,4,0,充足,2F-02・2F-03・2F-04・2F-05・2F-11・2F-13・2F-14
2026-10-31T08:00,3F,7,0,0,0,0,0,7,4,0,充足,3F-11・3F-12・3F-32・3F-33・3F-34・3F-35・3F-36
2026-10-31T08:00,統括,2,0,0,0,0,0,2,0,0,充足,1F-39・1F-40
2026-10-31T08:30,1F,7,0,0,0,0,0,7,4,0,充足,1F-01・1F-02・1F-03・1F-04・1F-05・1F-37・1F-38
2026-10-31T08:30,2F,7,0,0,0,0,0,7,4,0,充足,2F-02・2F-03・2F-04・2F-05・2F-11・2F-13・2F-14
2026-10-31T08:30,3F,7,0,0,0,0,0,7,4,0,充足,3F-11・3F-12・3F-32・3F-33・3F-34・3F-35・3F-36
2026-10-31T08:30,統括,2,0,0,0,0,0,2,0,0,充足,1F-39・1F-40
2026-10-31T09:00,1F,5,0,0,0,0,0,5,4,0,充足,1F-01・1F-02・1F-03・1F-04・1F-05
2026-10-31T09:00,2F,5,0,0,0,0,0,5,4,0,充足,2F-02・2F-03・2F-04・2F-05・2F-11
2026-10-31T09:00,3F,5,0,0,0,0,0,5,4,0,充足,3F-32・3F-33・3F-34・3F-35・3F-36
2026-10-31T09:00,統括,0,0,0,0,0,0,0,0,0,充足,
2026-10-31T09:30,1F,5,0,0,0,0,0,5,4,0,充足,1F-01・1F-02・1F-03・1F-04・1F-05
2026-10-31T09:30,2F,5,0,0,0,0,0,5,4,0,充足,2F-02・2F-03・2F-04・2F-05・2F-11
2026-10-31T09:30,3F,5,0,0,0,0,0,5,4,0,充足,3F-32・3F-33・3F-34・3F-35・3F-36
2026-10-31T09:30,統括,0,0,0,0,0,0,0,0,0,充足,
2026-10-31T10:00,1F,10,0,1,0,0,0,9,4,0,充足,1F-02・1F-03・1F-04・1F-05・1F-06・1F-07・1F-08・1F-09・1F-10
2026-10-31T10:00,2F,10,0,1,0,0,0,9,4,0,充足,2F-02・2F-03・2F-04・2F-05・2F-07・2F-08・2F-15・2F-16・2F-26
2026-10-31T10:00,3F,10,0,1,0,0,0,9,4,0,充足,3F-33・3F-34・3F-35・3F-36・3F-37・3F-38・3F-39・3F-40・3F-41
2026-10-31T10:00,統括,0,0,0,0,0,0,0,0,0,充足,
2026-10-31T10:30,1F,10,0,1,0,0,0,9,4,0,充足,1F-02・1F-03・1F-04・1F-05・1F-06・1F-07・1F-08・1F-09・1F-10
2026-10-31T10:30,2F,10,0,1,0,0,0,9,4,0,充足,2F-02・2F-03・2F-04・2F-05・2F-07・2F-08・2F-15・2F-16・2F-26
2026-10-31T10:30,3F,10,0,1,0,0,0,9,4,0,充足,3F-33・3F-34・3F-35・3F-36・3F-37・3F-38・3F-39・3F-40・3F-41
2026-10-31T10:30,統括,0,0,0,0,0,0,0,0,0,充足,
2026-10-31T11:00,1F,10,5,0,0,0,0,5,4,0,充足,1F-06・1F-07・1F-08・1F-09・1F-10
2026-10-31T11:00,2F,10,5,0,0,0,0,5,4,0,充足,2F-07・2F-08・2F-15・2F-16・2F-26
2026-10-31T11:00,3F,10,5,0,0,0,0,5,4,0,充足,3F-37・3F-38・3F-39・3F-40・3F-41
2026-10-31T11:00,統括,0,0,0,0,0,0,0,0,0,充足,
2026-10-31T11:30,1F,10,5,0,0,0,0,5,4,0,充足,1F-06・1F-07・1F-08・1F-09・1F-10
2026-10-31T11:30,2F,10,5,0,0,0,0,5,4,0,充足,2F-07・2F-08・2F-15・2F-16・2F-26
2026-10-31T11:30,3F,10,5,0,0,0,0,5,4,0,充足,3F-37・3F-38・3F-39・3F-40・3F-41
2026-10-31T11:30,統括,0,0,0,0,0,0,0,0,0,充足,
2026-10-31T12:00,1F,10,0,0,0,0,0,10,4,0,充足,1F-01・1F-02・1F-03・1F-04・1F-05・1F-06・1F-07・1F-08・1F-09・1F-10
2026-10-31T12:00,2F,10,0,0,0,0,0,10,4,0,充足,2F-02・2F-03・2F-04・2F-05・2F-07・2F-08・2F-11・2F-15・2F-16・2F-26
2026-10-31T12:00,3F,10,0,0,0,0,0,10,4,0,充足,3F-32・3F-33・3F-34・3F-35・3F-36・3F-37・3F-38・3F-39・3F-40・3F-41
2026-10-31T12:00,統括,0,0,0,0,0,0,0,0,0,充足,
2026-10-31T12:30,1F,10,0,0,0,0,0,10,4,0,充足,1F-01・1F-02・1F-03・1F-04・1F-05・1F-06・1F-07・1F-08・1F-09・1F-10
2026-10-31T12:30,2F,10,0,0,0,0,0,10,4,0,充足,2F-02・2F-03・2F-04・2F-05・2F-07・2F-08・2F-11・2F-15・2F-16・2F-26
2026-10-31T12:30,3F,10,0,0,0,0,0,10,4,0,充足,3F-32・3F-33・3F-34・3F-35・3F-36・3F-37・3F-38・3F-39・3F-40・3F-41
2026-10-31T12:30,統括,0,0,0,0,0,0,0,0,0,充足,
2026-10-31T13:00,1F,10,5,0,0,0,0,5,4,0,充足,1F-01・1F-02・1F-03・1F-04・1F-05
2026-10-31T13:00,2F,10,5,0,0,0,0,5,4,0,充足,2F-02・2F-03・2F-04・2F-05・2F-11
2026-10-31T13:00,3F,10,5,0,0,0,0,5,4,0,充足,3F-32・3F-33・3F-34・3F-35・3F-36
2026-10-31T13:00,統括,0,0,0,0,0,0,0,0,0,充足,
2026-10-31T13:30,1F,10,5,0,0,0,0,5,4,0,充足,1F-01・1F-02・1F-03・1F-04・1F-05
2026-10-31T13:30,2F,10,5,0,0,0,0,5,4,0,充足,2F-02・2F-03・2F-04・2F-05・2F-11
2026-10-31T13:30,3F,10,5,0,0,0,0,5,4,0,充足,3F-32・3F-33・3F-34・3F-35・3F-36
2026-10-31T13:30,統括,0,0,0,0,0,0,0,0,0,充足,
2026-10-31T14:00,1F,10,0,0,0,0,0,10,4,0,充足,1F-01・1F-02・1F-03・1F-04・1F-05・1F-06・1F-07・1F-08・1F-09・1F-10
2026-10-31T14:00,2F,10,0,0,0,0,0,10,4,0,充足,2F-02・2F-03・2F-04・2F-05・2F-07・2F-08・2F-11・2F-15・2F-16・2F-26
2026-10-31T14:00,3F,11,0,0,0,0,0,11,4,0,充足,3F-18・3F-32・3F-33・3F-34・3F-35・3F-36・3F-37・3F-38・3F-39・3F-40・3F-41
2026-10-31T14:00,統括,0,0,0,0,0,0,0,0,0,充足,
2026-10-31T14:30,1F,10,0,0,0,0,0,10,4,0,充足,1F-01・1F-02・1F-03・1F-04・1F-05・1F-06・1F-07・1F-08・1F-09・1F-10
2026-10-31T14:30,2F,10,0,0,0,0,0,10,4,0,充足,2F-02・2F-03・2F-04・2F-05・2F-07・2F-08・2F-11・2F-15・2F-16・2F-26
2026-10-31T14:30,3F,11,0,0,0,0,0,11,4,0,充足,3F-18・3F-32・3F-33・3F-34・3F-35・3F-36・3F-37・3F-38・3F-39・3F-40・3F-41
2026-10-31T14:30,統括,0,0,0,0,0,0,0,0,0,充足,
2026-10-31T15:00,1F,10,0,1,0,0,0,9,4,0,充足,1F-01・1F-02・1F-03・1F-04・1F-05・1F-07・1F-08・1F-09・1F-10
2026-10-31T15:00,2F,10,0,1,0,0,0,9,4,0,充足,2F-02・2F-03・2F-04・2F-05・2F-08・2F-11・2F-15・2F-16・2F-26
2026-10-31T15:00,3F,11,0,1,0,0,0,10,4,0,充足,3F-18・3F-32・3F-33・3F-34・3F-35・3F-36・3F-38・3F-39・3F-40・3F-41
2026-10-31T15:00,統括,0,0,0,0,0,0,0,0,0,充足,
2026-10-31T15:30,1F,10,0,1,0,0,0,9,4,0,充足,1F-01・1F-02・1F-03・1F-04・1F-05・1F-07・1F-08・1F-09・1F-10
2026-10-31T15:30,2F,10,0,1,0,0,0,9,4,0,充足,2F-02・2F-03・2F-04・2F-05・2F-08・2F-11・2F-15・2F-16・2F-26
2026-10-31T15:30,3F,11,0,1,0,0,0,10,4,0,充足,3F-18・3F-32・3F-33・3F-34・3F-35・3F-36・3F-38・3F-39・3F-40・3F-41
2026-10-31T15:30,統括,0,0,0,0,0,0,0,0,0,充足,
2026-10-31T16:00,1F,7,0,0,0,0,0,7,4,0,充足,1F-06・1F-07・1F-08・1F-09・1F-10・1F-34・1F-35
2026-10-31T16:00,2F,7,0,0,0,0,0,7,4,0,充足,1F-36・2F-07・2F-08・2F-15・2F-16・2F-25・2F-26
2026-10-31T16:00,3F,8,0,0,0,0,0,8,4,0,充足,3F-13・3F-14・3F-18・3F-37・3F-38・3F-39・3F-40・3F-41
2026-10-31T16:00,統括,2,0,0,0,0,0,2,0,0,充足,1F-41・1F-42
2026-10-31T16:30,1F,7,2,0,0,0,0,5,4,0,充足,1F-06・1F-07・1F-08・1F-09・1F-10
2026-10-31T16:30,2F,7,2,0,0,0,0,5,4,0,充足,2F-07・2F-08・2F-15・2F-16・2F-26
2026-10-31T16:30,3F,8,0,0,0,0,0,8,4,0,充足,3F-13・3F-14・3F-18・3F-37・3F-38・3F-39・3F-40・3F-41
2026-10-31T16:30,統括,2,0,0,0,0,0,2,0,0,充足,1F-41・1F-42
2026-10-31T17:00,1F,7,2,0,0,0,0,5,4,0,充足,1F-06・1F-07・1F-08・1F-09・1F-10
2026-10-31T17:00,2F,7,2,0,0,0,0,5,4,0,充足,2F-07・2F-08・2F-15・2F-16・2F-26
2026-10-31T17:00,3F,8,0,0,0,0,0,8,4,0,充足,3F-13・3F-14・3F-18・3F-37・3F-38・3F-39・3F-40・3F-41
2026-10-31T17:00,統括,2,0,0,0,0,0,2,0,0,充足,1F-41・1F-42
2026-10-31T17:30,1F,7,0,0,0,0,0,7,4,0,充足,1F-06・1F-07・1F-08・1F-09・1F-10・1F-34・1F-35
2026-10-31T17:30,2F,7,0,0,0,0,0,7,4,0,充足,1F-36・2F-07・2F-08・2F-15・2F-16・2F-25・2F-26
2026-10-31T17:30,3F,8,2,0,0,0,0,6,4,0,充足,3F-18・3F-37・3F-38・3F-39・3F-40・3F-41
2026-10-31T17:30,統括,2,2,0,0,0,0,0,0,0,充足,
2026-10-31T18:00,1F,7,0,0,0,0,0,7,4,0,充足,1F-06・1F-07・1F-08・1F-09・1F-10・1F-34・1F-35
2026-10-31T18:00,2F,7,0,0,0,0,0,7,4,0,充足,1F-36・2F-07・2F-08・2F-15・2F-16・2F-25・2F-26
2026-10-31T18:00,3F,8,2,0,0,0,0,6,4,0,充足,3F-18・3F-37・3F-38・3F-39・3F-40・3F-41
2026-10-31T18:00,統括,2,2,0,0,0,0,0,0,0,充足,
2026-10-31T18:30,1F,7,0,0,0,0,0,7,4,0,充足,1F-06・1F-07・1F-08・1F-09・1F-10・1F-34・1F-35
2026-10-31T18:30,2F,7,0,0,0,0,0,7,4,0,充足,1F-36・2F-07・2F-08・2F-15・2F-16・2F-25・2F-26
2026-10-31T18:30,3F,8,0,0,0,0,0,8,4,0,充足,3F-13・3F-14・3F-18・3F-37・3F-38・3F-39・3F-40・3F-41
2026-10-31T18:30,統括,2,0,0,0,0,0,2,0,0,充足,1F-41・1F-42
2026-10-31T19:00,1F,2,0,0,0,0,0,2,2,0,充足,1F-34・1F-35
2026-10-31T19:00,2F,2,0,0,0,0,0,2,2,0,充足,1F-36・2F-25
2026-10-31T19:00,3F,2,0,0,0,0,0,2,2,0,充足,3F-13・3F-14
2026-10-31T19:00,統括,2,0,0,0,0,0,2,1,0,充足,1F-41・1F-42
2026-10-31T19:30,1F,2,0,0,0,0,0,2,2,0,充足,1F-34・1F-35
2026-10-31T19:30,2F,2,0,0,0,0,0,2,2,0,充足,1F-36・2F-25
2026-10-31T19:30,3F,2,0,0,0,0,0,2,2,0,充足,3F-13・3F-14
2026-10-31T19:30,統括,2,0,0,0,0,0,2,1,0,充足,1F-41・1F-42
2026-10-31T20:00,1F,2,0,0,0,0,0,2,2,0,充足,1F-34・1F-35
2026-10-31T20:00,2F,2,0,0,0,0,0,2,2,0,充足,1F-36・2F-25
2026-10-31T20:00,3F,2,0,0,0,0,0,2,2,0,充足,3F-13・3F-14
2026-10-31T20:00,統括,2,0,0,0,0,0,2,1,0,充足,1F-41・1F-42
2026-10-31T20:30,1F,2,0,0,0,0,0,2,2,0,充足,1F-34・1F-35
2026-10-31T20:30,2F,2,0,0,0,0,0,2,2,0,充足,1F-36・2F-25
2026-10-31T20:30,3F,2,0,0,0,0,0,2,2,0,充足,3F-13・3F-14
2026-10-31T20:30,統括,2,0,0,0,0,0,2,1,0,充足,1F-41・1F-42
2026-10-31T21:00,1F,2,1,0,0,0,1,2,2,0,充足,1F-35・1F-41
2026-10-31T21:00,2F,2,0,0,0,0,0,2,2,0,充足,1F-36・2F-25
2026-10-31T21:00,3F,2,0,0,0,0,0,2,2,0,充足,3F-13・3F-14
2026-10-31T21:00,統括,2,0,0,0,1,0,1,1,0,充足,1F-42
2026-10-31T21:30,1F,2,1,0,0,0,1,2,2,0,充足,1F-35・1F-41
2026-10-31T21:30,2F,2,0,0,0,0,0,2,2,0,充足,1F-36・2F-25
2026-10-31T21:30,3F,2,0,0,0,0,0,2,2,0,充足,3F-13・3F-14
2026-10-31T21:30,統括,2,0,0,0,1,0,1,1,0,充足,1F-42
2026-10-31T22:00,1F,3,2,0,0,1,2,2,2,0,充足,1F-25・1F-41
2026-10-31T22:00,2F,2,0,0,0,0,0,2,2,0,充足,1F-36・2F-25
2026-10-31T22:00,3F,2,0,0,0,0,0,2,2,0,充足,3F-13・3F-14
2026-10-31T22:00,統括,2,0,0,0,1,0,1,1,0,充足,1F-42
2026-10-31T22:30,1F,3,2,0,0,1,2,2,2,0,充足,1F-25・1F-41
2026-10-31T22:30,2F,2,0,0,0,0,0,2,2,0,充足,1F-36・2F-25
2026-10-31T22:30,3F,2,0,0,0,0,0,2,2,0,充足,3F-13・3F-14
2026-10-31T22:30,統括,2,0,0,0,1,0,1,1,0,充足,1F-42
2026-10-31T23:00,1F,3,1,0,0,1,1,2,2,0,充足,1F-25・1F-34
2026-10-31T23:00,2F,2,1,0,0,0,1,2,2,0,充足,1F-41・2F-25
2026-10-31T23:00,3F,2,0,0,0,0,0,2,2,0,充足,3F-13・3F-14
2026-10-31T23:00,統括,2,0,0,0,1,0,1,1,0,充足,1F-42
2026-10-31T23:30,1F,3,1,0,0,1,1,2,2,0,充足,1F-25・1F-34
2026-10-31T23:30,2F,2,1,0,0,0,1,2,2,0,充足,1F-41・2F-25
2026-10-31T23:30,3F,2,0,0,0,0,0,2,2,0,充足,3F-13・3F-14
2026-10-31T23:30,統括,2,0,0,0,1,0,1,1,0,充足,1F-42
