staff_id,shift_date,start,end,kind,target
1F-01,2026-09-30,2026-09-30T16:30,2026-09-30T17:30,BREAK,
1F-01,2026-09-30,2026-09-30T21:00,2026-09-30T23:00,BREAK,
1F-02,2026-09-30,2026-09-30T16:30,2026-09-30T17:30,BREAK,
1F-02,2026-09-30,2026-09-30T22:00,2026-10-01T00:00,BREAK,
2F-01,2026-09-30,2026-09-30T16:30,2026-09-30T17:30,BREAK,
2F-01,2026-09-30,2026-09-30T23:00,2026-10-01T01:00,BREAK,
2F-02,2026-09-30,2026-09-30T16:30,2026-09-30T17:30,BREAK,
2F-02,2026-09-30,2026-10-01T00:00,2026-10-01T02:00,BREAK,
3F-01,2026-09-30,2026-09-30T17:30,2026-09-30T18:30,BREAK,
3F-01,2026-09-30,2026-10-01T01:00,2026-10-01T03:00,BREAK,
3F-02,2026-09-30,2026-09-30T17:30,2026-09-30T18:30,BREAK,
3F-02,2026-09-30,2026-10-01T02:00,2026-10-01T04:00,BREAK,
1F-03,2026-09-30,2026-09-30T17:30,2026-09-30T18:30,BREAK,
1F-03,2026-09-30,2026-10-01T03:00,2026-10-01T05:00,BREAK,
1F-04,2026-09-30,2026-09-30T17:30,2026-09-30T18:30,BREAK,
1F-04,2026-09-30,2026-10-01T05:00,2026-10-01T07:00,BREAK,
1F-03,2026-09-30,2026-09-30T21:00,2026-09-30T21:30,TRANSFER,1F
1F-03,2026-09-30,2026-09-30T21:30,2026-09-30T22:00,TRANSFER,1F
1F-23,2026-09-30,2026-09-30T22:00,2026-09-30T22:30,TRANSFER,1F
1F-03,2026-09-30,2026-09-30T22:00,2026-09-30T22:30,TRANSFER,1F
1F-23,2026-09-30,2026-09-30T22:30,2026-09-30T23:00,TRANSFER,1F
1F-03,2026-09-30,2026-09-30T22:30,2026-09-30T23:00,TRANSFER,1F
1F-23,2026-09-30,2026-09-30T23:00,2026-09-30T23:30,TRANSFER,1F
1F-03,2026-09-30,2026-09-30T23:00,2026-09-30T23:30,TRANSFER,2F
1F-23,2026-09-30,2026-09-30T23:30,2026-10-01T00:00,TRANSFER,1F
1F-03,2026-09-30,2026-09-30T23:30,2026-10-01T00:00,TRANSFER,2F
1F-23,2026-09-30,2026-10-01T00:00,2026-10-01T00:30,TRANSFER,2F
1F-03,2026-09-30,2026-10-01T00:00,2026-10-01T00:30,TRANSFER,2F
1F-23,2026-09-30,2026-10-01T00:30,2026-10-01T01:00,TRANSFER,2F
1F-03,2026-09-30,2026-10-01T00:30,2026-10-01T01:00,TRANSFER,2F
2F-24,2026-10-01,2026-10-01T01:00,2026-10-01T01:30,TRANSFER,2F
1F-03,2026-09-30,2026-10-01T01:00,2026-10-01T01:30,TRANSFER,3F
2F-24,2026-10-01,2026-10-01T01:30,2026-10-01T02:00,TRANSFER,2F
1F-03,2026-09-30,2026-10-01T01:30,2026-10-01T02:00,TRANSFER,3F
2F-24,2026-10-01,2026-10-01T02:00,2026-10-01T02:30,TRANSFER,3F
1F-03,2026-09-30,2026-10-01T02:00,2026-10-01T02:30,TRANSFER,3F
2F-24,2026-10-01,2026-10-01T02:30,2026-10-01T03:00,TRANSFER,3F
1F-03,2026-09-30,2026-10-01T02:30,2026-10-01T03:00,TRANSFER,3F
2F-24,2026-10-01,2026-10-01T03:00,2026-10-01T03:30,TRANSFER,3F
2F-24,2026-10-01,2026-10-01T03:30,2026-10-01T04:00,TRANSFER,3F
1F-05,2026-10-01,2026-10-01T16:30,2026-10-01T17:30,BREAK,
1F-05,2026-10-01,2026-10-01T21:00,2026-10-01T23:00,BREAK,
1F-06,2026-10-01,2026-10-01T16:30,2026-10-01T17:30,BREAK,
1F-06,2026-10-01,2026-10-01T22:00,2026-10-02T00:00,BREAK,
2F-03,2026-10-01,2026-10-01T16:30,2026-10-01T17:30,BREAK,
2F-03,2026-10-01,2026-10-01T23:00,2026-10-02T01:00,BREAK,
2F-04,2026-10-01,2026-10-01T16:30,2026-10-01T17:30,BREAK,
2F-04,2026-10-01,2026-10-02T00:00,2026-10-02T02:00,BREAK,
3F-03,2026-10-01,2026-10-01T17:30,2026-10-01T18:30,BREAK,
3F-03,2026-10-01,2026-10-02T01:00,2026-10-02T03:00,BREAK,
3F-04,2026-10-01,2026-10-01T17:30,2026-10-01T18:30,BREAK,
3F-04,2026-10-01,2026-10-02T02:00,2026-10-02T04:00,BREAK,
1F-25,2026-10-01,2026-10-01T17:30,2026-10-01T18:30,BREAK,
1F-25,2026-10-01,2026-10-02T03:00,2026-10-02T05:00,BREAK,
1F-26,2026-10-01,2026-10-01T17:30,2026-10-01T18:30,BREAK,
1F-26,2026-10-01,2026-10-02T05:00,2026-10-02T07:00,BREAK,
1F-25,2026-10-01,2026-10-01T21:00,2026-10-01T21:30,TRANSFER,1F
1F-25,2026-10-01,2026-10-01T21:30,2026-10-01T22:00,TRANSFER,1F
2F-23,2026-10-01,2026-10-01T22:00,2026-10-01T22:30,TRANSFER,1F
1F-25,2026-10-01,2026-10-01T22:00,2026-10-01T22:30,TRANSFER,1F
2F-23,2026-10-01,2026-10-01T22:30,2026-10-01T23:00,TRANSFER,1F
1F-25,2026-10-01,2026-10-01T22:30,2026-10-01T23:00,TRANSFER,1F
2F-23,2026-10-01,2026-10-01T23:00,2026-10-01T23:30,TRANSFER,1F
1F-25,2026-10-01,2026-10-01T23:00,2026-10-01T23:30,TRANSFER,2F
2F-23,2026-10-01,2026-10-01T23:30,2026-10-02T00:00,TRANSFER,1F
1F-25,2026-10-01,2026-10-01T23:30,2026-10-02T00:00,TRANSFER,2F
2F-23,2026-10-01,2026-10-02T00:00,2026-10-02T00:30,TRANSFER,2F
1F-25,2026-10-01,2026-10-02T00:00,2026-10-02T00:30,TRANSFER,2F
2F-23,2026-10-01,2026-10-02T00:30,2026-10-02T01:00,TRANSFER,2F
1F-25,2026-10-01,2026-10-02T00:30,2026-10-02T01:00,TRANSFER,2F
2F-24,2026-10-02,2026-10-02T01:00,2026-10-02T01:30,TRANSFER,2F
1F-25,2026-10-01,2026-10-02T01:00,2026-10-02T01:30,TRANSFER,3F
2F-24,2026-10-02,2026-10-02T01:30,2026-10-02T02:00,TRANSFER,2F
1F-25,2026-10-01,2026-10-02T01:30,2026-10-02T02:00,TRANSFER,3F
2F-24,2026-10-02,2026-10-02T02:00,2026-10-02T02:30,TRANSFER,3F
1F-25,2026-10-01,2026-10-02T02:00,2026-10-02T02:30,TRANSFER,3F
2F-24,2026-10-02,2026-10-02T02:30,2026-10-02T03:00,TRANSFER,3F
1F-25,2026-10-01,2026-10-02T02:30,2026-10-02T03:00,TRANSFER,3F
2F-24,2026-10-02,2026-10-02T03:00,2026-10-02T03:30,TRANSFER,3F
2F-24,2026-10-02,2026-10-02T03:30,2026-10-02T04:00,TRANSFER,3F
1F-07,2026-10-02,2026-10-02T16:30,2026-10-02T17:30,BREAK,
1F-07,2026-10-02,2026-10-02T21:00,2026-10-02T23:00,BREAK,
1F-08,2026-10-02,2026-10-02T16:30,2026-10-02T17:30,BREAK,
1F-08,2026-10-02,2026-10-02T22:00,2026-10-03T00:00,BREAK,
2F-05,2026-10-02,2026-10-02T16:30,2026-10-02T17:30,BREAK,
2F-05,2026-10-02,2026-10-02T23:00,2026-10-03T01:00,BREAK,
2F-06,2026-10-02,2026-10-02T16:30,2026-10-02T17:30,BREAK,
2F-06,2026-10-02,2026-10-03T00:00,2026-10-03T02:00,BREAK,
3F-05,2026-10-02,2026-10-02T17:30,2026-10-02T18:30,BREAK,
3F-05,2026-10-02,2026-10-03T01:00,2026-10-03T03:00,BREAK,
3F-06,2026-10-02,2026-10-02T17:30,2026-10-02T18:30,BREAK,
3F-06,2026-10-02,2026-10-03T02:00,2026-10-03T04:00,BREAK,
1F-01,2026-10-02,2026-10-02T17:30,2026-10-02T18:30,BREAK,
1F-01,2026-10-02,2026-10-03T03:00,2026-10-03T05:00,BREAK,
1F-02,2026-10-02,2026-10-02T17:30,2026-10-02T18:30,BREAK,
1F-02,2026-10-02,2026-10-03T05:00,2026-10-03T07:00,BREAK,
1F-01,2026-10-02,2026-10-02T21:00,2026-10-02T21:30,TRANSFER,1F
1F-01,2026-10-02,2026-10-02T21:30,2026-10-02T22:00,TRANSFER,1F
1F-23,2026-10-02,2026-10-02T22:00,2026-10-02T22:30,TRANSFER,1F
1F-01,2026-10-02,2026-10-02T22:00,2026-10-02T22:30,TRANSFER,1F
1F-23,2026-10-02,2026-10-02T22:30,2026-10-02T23:00,TRANSFER,1F
1F-01,2026-10-02,2026-10-02T22:30,2026-10-02T23:00,TRANSFER,1F
1F-23,2026-10-02,2026-10-02T23:00,2026-10-02T23:30,TRANSFER,1F
1F-01,2026-10-02,2026-10-02T23:00,2026-10-02T23:30,TRANSFER,2F
1F-23,2026-10-02,2026-10-02T23:30,2026-10-03T00:00,TRANSFER,1F
1F-01,2026-10-02,2026-10-02T23:30,2026-10-03T00:00,TRANSFER,2F
1F-23,2026-10-02,2026-10-03T00:00,2026-10-03T00:30,TRANSFER,2F
1F-01,2026-10-02,2026-10-03T00:00,2026-10-03T00:30,TRANSFER,2F
1F-23,2026-10-02,2026-10-03T00:30,2026-10-03T01:00,TRANSFER,2F
1F-01,2026-10-02,2026-10-03T00:30,2026-10-03T01:00,TRANSFER,2F
2F-24,2026-10-03,2026-10-03T01:00,2026-10-03T01:30,TRANSFER,2F
1F-01,2026-10-02,2026-10-03T01:00,2026-10-03T01:30,TRANSFER,3F
2F-24,2026-10-03,2026-10-03T01:30,2026-10-03T02:00,TRANSFER,2F
1F-01,2026-10-02,2026-10-03T01:30,2026-10-03T02:00,TRANSFER,3F
2F-24,2026-10-03,2026-10-03T02:00,2026-10-03T02:30,TRANSFER,3F
1F-01,2026-10-02,2026-10-03T02:00,2026-10-03T02:30,TRANSFER,3F
2F-24,2026-10-03,2026-10-03T02:30,2026-10-03T03:00,TRANSFER,3F
1F-01,2026-10-02,2026-10-03T02:30,2026-10-03T03:00,TRANSFER,3F
2F-24,2026-10-03,2026-10-03T03:00,2026-10-03T03:30,TRANSFER,3F
2F-24,2026-10-03,2026-10-03T03:30,2026-10-03T04:00,TRANSFER,3F
1F-09,2026-10-03,2026-10-03T16:30,2026-10-03T17:30,BREAK,
1F-09,2026-10-03,2026-10-03T21:00,2026-10-03T23:00,BREAK,
1F-10,2026-10-03,2026-10-03T16:30,2026-10-03T17:30,BREAK,
1F-10,2026-10-03,2026-10-03T22:00,2026-10-04T00:00,BREAK,
2F-07,2026-10-03,2026-10-03T16:30,2026-10-03T17:30,BREAK,
2F-07,2026-10-03,2026-10-03T23:00,2026-10-04T01:00,BREAK,
2F-08,2026-10-03,2026-10-03T16:30,2026-10-03T17:30,BREAK,
2F-08,2026-10-03,2026-10-04T00:00,2026-10-04T02:00,BREAK,
3F-07,2026-10-03,2026-10-03T17:30,2026-10-03T18:30,BREAK,
3F-07,2026-10-03,2026-10-04T01:00,2026-10-04T03:00,BREAK,
3F-08,2026-10-03,2026-10-03T17:30,2026-10-03T18:30,BREAK,
3F-08,2026-10-03,2026-10-04T02:00,2026-10-04T04:00,BREAK,
1F-03,2026-10-03,2026-10-03T17:30,2026-10-03T18:30,BREAK,
1F-03,2026-10-03,2026-10-04T03:00,2026-10-04T05:00,BREAK,
1F-04,2026-10-03,2026-10-03T17:30,2026-10-03T18:30,BREAK,
1F-04,2026-10-03,2026-10-04T05:00,2026-10-04T07:00,BREAK,
1F-03,2026-10-03,2026-10-03T21:00,2026-10-03T21:30,TRANSFER,1F
1F-03,2026-10-03,2026-10-03T21:30,2026-10-03T22:00,TRANSFER,1F
1F-25,2026-10-03,2026-10-03T22:00,2026-10-03T22:30,TRANSFER,1F
1F-03,2026-10-03,2026-10-03T22:00,2026-10-03T22:30,TRANSFER,1F
1F-25,2026-10-03,2026-10-03T22:30,2026-10-03T23:00,TRANSFER,1F
1F-03,2026-10-03,2026-10-03T22:30,2026-10-03T23:00,TRANSFER,1F
1F-25,2026-10-03,2026-10-03T23:00,2026-10-03T23:30,TRANSFER,1F
1F-03,2026-10-03,2026-10-03T23:00,2026-10-03T23:30,TRANSFER,2F
1F-25,2026-10-03,2026-10-03T23:30,2026-10-04T00:00,TRANSFER,1F
1F-03,2026-10-03,2026-10-03T23:30,2026-10-04T00:00,TRANSFER,2F
1F-25,2026-10-03,2026-10-04T00:00,2026-10-04T00:30,TRANSFER,2F
1F-03,2026-10-03,2026-10-04T00:00,2026-10-04T00:30,TRANSFER,2F
1F-25,2026-10-03,2026-10-04T00:30,2026-10-04T01:00,TRANSFER,2F
1F-03,2026-10-03,2026-10-04T00:30,2026-10-04T01:00,TRANSFER,2F
1F-24,2026-10-04,2026-10-04T01:00,2026-10-04T01:30,TRANSFER,2F
1F-03,2026-10-03,2026-10-04T01:00,2026-10-04T01:30,TRANSFER,3F
1F-24,2026-10-04,2026-10-04T01:30,2026-10-04T02:00,TRANSFER,2F
1F-03,2026-10-03,2026-10-04T01:30,2026-10-04T02:00,TRANSFER,3F
1F-24,2026-10-04,2026-10-04T02:00,2026-10-04T02:30,TRANSFER,3F
1F-03,2026-10-03,2026-10-04T02:00,2026-10-04T02:30,TRANSFER,3F
1F-24,2026-10-04,2026-10-04T02:30,2026-10-04T03:00,TRANSFER,3F
1F-03,2026-10-03,2026-10-04T02:30,2026-10-04T03:00,TRANSFER,3F
1F-24,2026-10-04,2026-10-04T03:00,2026-10-04T03:30,TRANSFER,3F
1F-24,2026-10-04,2026-10-04T03:30,2026-10-04T04:00,TRANSFER,3F
1F-11,2026-10-04,2026-10-04T16:30,2026-10-04T17:30,BREAK,
1F-11,2026-10-04,2026-10-04T21:00,2026-10-04T23:00,BREAK,
1F-12,2026-10-04,2026-10-04T16:30,2026-10-04T17:30,BREAK,
1F-12,2026-10-04,2026-10-04T22:00,2026-10-05T00:00,BREAK,
2F-01,2026-10-04,2026-10-04T16:30,2026-10-04T17:30,BREAK,
2F-01,2026-10-04,2026-10-04T23:00,2026-10-05T01:00,BREAK,
2F-02,2026-10-04,2026-10-04T16:30,2026-10-04T17:30,BREAK,
2F-02,2026-10-04,2026-10-05T00:00,2026-10-05T02:00,BREAK,
3F-01,2026-10-04,2026-10-04T17:30,2026-10-04T18:30,BREAK,
3F-01,2026-10-04,2026-10-05T01:00,2026-10-05T03:00,BREAK,
3F-02,2026-10-04,2026-10-04T17:30,2026-10-04T18:30,BREAK,
3F-02,2026-10-04,2026-10-05T02:00,2026-10-05T04:00,BREAK,
1F-26,2026-10-04,2026-10-04T17:30,2026-10-04T18:30,BREAK,
1F-26,2026-10-04,2026-10-05T03:00,2026-10-05T05:00,BREAK,
2F-03,2026-10-04,2026-10-04T17:30,2026-10-04T18:30,BREAK,
2F-03,2026-10-04,2026-10-05T05:00,2026-10-05T07:00,BREAK,
1F-26,2026-10-04,2026-10-04T21:00,2026-10-04T21:30,TRANSFER,1F
1F-26,2026-10-04,2026-10-04T21:30,2026-10-04T22:00,TRANSFER,1F
1F-23,2026-10-04,2026-10-04T22:00,2026-10-04T22:30,TRANSFER,1F
1F-26,2026-10-04,2026-10-04T22:00,2026-10-04T22:30,TRANSFER,1F
1F-23,2026-10-04,2026-10-04T22:30,2026-10-04T23:00,TRANSFER,1F
1F-26,2026-10-04,2026-10-04T22:30,2026-10-04T23:00,TRANSFER,1F
1F-23,2026-10-04,2026-10-04T23:00,2026-10-04T23:30,TRANSFER,1F
1F-26,2026-10-04,2026-10-04T23:00,2026-10-04T23:30,TRANSFER,2F
1F-23,2026-10-04,2026-10-04T23:30,2026-10-05T00:00,TRANSFER,1F
1F-26,2026-10-04,2026-10-04T23:30,2026-10-05T00:00,TRANSFER,2F
1F-23,2026-10-04,2026-10-05T00:00,2026-10-05T00:30,TRANSFER,2F
1F-26,2026-10-04,2026-10-05T00:00,2026-10-05T00:30,TRANSFER,2F
1F-23,2026-10-04,2026-10-05T00:30,2026-10-05T01:00,TRANSFER,2F
1F-26,2026-10-04,2026-10-05T00:30,2026-10-05T01:00,TRANSFER,2F
2F-24,2026-10-05,2026-10-05T01:00,2026-10-05T01:30,TRANSFER,2F
1F-26,2026-10-04,2026-10-05T01:00,2026-10-05T01:30,TRANSFER,3F
2F-24,2026-10-05,2026-10-05T01:30,2026-10-05T02:00,TRANSFER,2F
1F-26,2026-10-04,2026-10-05T01:30,2026-10-05T02:00,TRANSFER,3F
2F-24,2026-10-05,2026-10-05T02:00,2026-10-05T02:30,TRANSFER,3F
1F-26,2026-10-04,2026-10-05T02:00,2026-10-05T02:30,TRANSFER,3F
2F-24,2026-10-05,2026-10-05T02:30,2026-10-05T03:00,TRANSFER,3F
1F-26,2026-10-04,2026-10-05T02:30,2026-10-05T03:00,TRANSFER,3F
2F-24,2026-10-05,2026-10-05T03:00,2026-10-05T03:30,TRANSFER,3F
2F-24,2026-10-05,2026-10-05T03:30,2026-10-05T04:00,TRANSFER,3F
1F-05,2026-10-05,2026-10-05T16:30,2026-10-05T17:30,BREAK,
1F-05,2026-10-05,2026-10-05T21:00,2026-10-05T23:00,BREAK,
1F-06,2026-10-05,2026-10-05T16:30,2026-10-05T17:30,BREAK,
1F-06,2026-10-05,2026-10-05T22:00,2026-10-06T00:00,BREAK,
2F-04,2026-10-05,2026-10-05T16:30,2026-10-05T17:30,BREAK,
2F-04,2026-10-05,2026-10-05T23:00,2026-10-06T01:00,BREAK,
2F-05,2026-10-05,2026-10-05T16:30,2026-10-05T17:30,BREAK,
2F-05,2026-10-05,2026-10-06T00:00,2026-10-06T02:00,BREAK,
3F-03,2026-10-05,2026-10-05T17:30,2026-10-05T18:30,BREAK,
3F-03,2026-10-05,2026-10-06T01:00,2026-10-06T03:00,BREAK,
3F-04,2026-10-05,2026-10-05T17:30,2026-10-05T18:30,BREAK,
3F-04,2026-10-05,2026-10-06T02:00,2026-10-06T04:00,BREAK,
1F-01,2026-10-05,2026-10-05T17:30,2026-10-05T18:30,BREAK,
1F-01,2026-10-05,2026-10-06T03:00,2026-10-06T05:00,BREAK,
1F-02,2026-10-05,2026-10-05T17:30,2026-10-05T18:30,BREAK,
1F-02,2026-10-05,2026-10-06T05:00,2026-10-06T07:00,BREAK,
1F-01,2026-10-05,2026-10-05T21:00,2026-10-05T21:30,TRANSFER,1F
1F-01,2026-10-05,2026-10-05T21:30,2026-10-05T22:00,TRANSFER,1F
1F-25,2026-10-05,2026-10-05T22:00,2026-10-05T22:30,TRANSFER,1F
1F-01,2026-10-05,2026-10-05T22:00,2026-10-05T22:30,TRANSFER,1F
1F-25,2026-10-05,2026-10-05T22:30,2026-10-05T23:00,TRANSFER,1F
1F-01,2026-10-05,2026-10-05T22:30,2026-10-05T23:00,TRANSFER,1F
1F-25,2026-10-05,2026-10-05T23:00,2026-10-05T23:30,TRANSFER,1F
1F-01,2026-10-05,2026-10-05T23:00,2026-10-05T23:30,TRANSFER,2F
1F-25,2026-10-05,2026-10-05T23:30,2026-10-06T00:00,TRANSFER,1F
1F-01,2026-10-05,2026-10-05T23:30,2026-10-06T00:00,TRANSFER,2F
1F-25,2026-10-05,2026-10-06T00:00,2026-10-06T00:30,TRANSFER,2F
1F-01,2026-10-05,2026-10-06T00:00,2026-10-06T00:30,TRANSFER,2F
1F-25,2026-10-05,2026-10-06T00:30,2026-10-06T01:00,TRANSFER,2F
1F-01,2026-10-05,2026-10-06T00:30,2026-10-06T01:00,TRANSFER,2F
2F-24,2026-10-06,2026-10-06T01:00,2026-10-06T01:30,TRANSFER,2F
1F-01,2026-10-05,2026-10-06T01:00,2026-10-06T01:30,TRANSFER,3F
2F-24,2026-10-06,2026-10-06T01:30,2026-10-06T02:00,TRANSFER,2F
1F-01,2026-10-05,2026-10-06T01:30,2026-10-06T02:00,TRANSFER,3F
2F-24,2026-10-06,2026-10-06T02:00,2026-10-06T02:30,TRANSFER,3F
1F-01,2026-10-05,2026-10-06T02:00,2026-10-06T02:30,TRANSFER,3F
2F-24,2026-10-06,2026-10-06T02:30,2026-10-06T03:00,TRANSFER,3F
1F-01,2026-10-05,2026-10-06T02:30,2026-10-06T03:00,TRANSFER,3F
2F-24,2026-10-06,2026-10-06T03:00,2026-10-06T03:30,TRANSFER,3F
2F-24,2026-10-06,2026-10-06T03:30,2026-10-06T04:00,TRANSFER,3F
1F-07,2026-10-06,2026-10-06T16:30,2026-10-06T17:30,BREAK,
1F-07,2026-10-06,2026-10-06T21:00,2026-10-06T23:00,BREAK,
1F-08,2026-10-06,2026-10-06T16:30,2026-10-06T17:30,BREAK,
1F-08,2026-10-06,2026-10-06T22:00,2026-10-07T00:00,BREAK,
2F-07,2026-10-06,2026-10-06T16:30,2026-10-06T17:30,BREAK,
2F-07,2026-10-06,2026-10-06T23:00,2026-10-07T01:00,BREAK,
2F-08,2026-10-06,2026-10-06T16:30,2026-10-06T17:30,BREAK,
2F-08,2026-10-06,2026-10-07T00:00,2026-10-07T02:00,BREAK,
3F-05,2026-10-06,2026-10-06T17:30,2026-10-06T18:30,BREAK,
3F-05,2026-10-06,2026-10-07T01:00,2026-10-07T03:00,BREAK,
3F-06,2026-10-06,2026-10-06T17:30,2026-10-06T18:30,BREAK,
3F-06,2026-10-06,2026-10-07T02:00,2026-10-07T04:00,BREAK,
1F-03,2026-10-06,2026-10-06T17:30,2026-10-06T18:30,BREAK,
1F-03,2026-10-06,2026-10-07T03:00,2026-10-07T05:00,BREAK,
1F-04,2026-10-06,2026-10-06T17:30,2026-10-06T18:30,BREAK,
1F-04,2026-10-06,2026-10-07T05:00,2026-10-07T07:00,BREAK,
1F-03,2026-10-06,2026-10-06T21:00,2026-10-06T21:30,TRANSFER,1F
1F-03,2026-10-06,2026-10-06T21:30,2026-10-06T22:00,TRANSFER,1F
1F-23,2026-10-06,2026-10-06T22:00,2026-10-06T22:30,TRANSFER,1F
1F-03,2026-10-06,2026-10-06T22:00,2026-10-06T22:30,TRANSFER,1F
1F-23,2026-10-06,2026-10-06T22:30,2026-10-06T23:00,TRANSFER,1F
1F-03,2026-10-06,2026-10-06T22:30,2026-10-06T23:00,TRANSFER,1F
1F-23,2026-10-06,2026-10-06T23:00,2026-10-06T23:30,TRANSFER,1F
1F-03,2026-10-06,2026-10-06T23:00,2026-10-06T23:30,TRANSFER,2F
1F-23,2026-10-06,2026-10-06T23:30,2026-10-07T00:00,TRANSFER,1F
1F-03,2026-10-06,2026-10-06T23:30,2026-10-07T00:00,TRANSFER,2F
1F-23,2026-10-06,2026-10-07T00:00,2026-10-07T00:30,TRANSFER,2F
1F-03,2026-10-06,2026-10-07T00:00,2026-10-07T00:30,TRANSFER,2F
1F-23,2026-10-06,2026-10-07T00:30,2026-10-07T01:00,TRANSFER,2F
1F-03,2026-10-06,2026-10-07T00:30,2026-10-07T01:00,TRANSFER,2F
2F-24,2026-10-07,2026-10-07T01:00,2026-10-07T01:30,TRANSFER,2F
1F-03,2026-10-06,2026-10-07T01:00,2026-10-07T01:30,TRANSFER,3F
2F-24,2026-10-07,2026-10-07T01:30,2026-10-07T02:00,TRANSFER,2F
1F-03,2026-10-06,2026-10-07T01:30,2026-10-07T02:00,TRANSFER,3F
2F-24,2026-10-07,2026-10-07T02:00,2026-10-07T02:30,TRANSFER,3F
1F-03,2026-10-06,2026-10-07T02:00,2026-10-07T02:30,TRANSFER,3F
2F-24,2026-10-07,2026-10-07T02:30,2026-10-07T03:00,TRANSFER,3F
1F-03,2026-10-06,2026-10-07T02:30,2026-10-07T03:00,TRANSFER,3F
2F-24,2026-10-07,2026-10-07T03:00,2026-10-07T03:30,TRANSFER,3F
2F-24,2026-10-07,2026-10-07T03:30,2026-10-07T04:00,TRANSFER,3F
1F-09,2026-10-07,2026-10-07T16:30,2026-10-07T17:30,BREAK,
1F-09,2026-10-07,2026-10-07T21:00,2026-10-07T23:00,BREAK,
1F-10,2026-10-07,2026-10-07T16:30,2026-10-07T17:30,BREAK,
1F-10,2026-10-07,2026-10-07T22:00,2026-10-08T00:00,BREAK,
2F-09,2026-10-07,2026-10-07T16:30,2026-10-07T17:30,BREAK,
2F-09,2026-10-07,2026-10-07T23:00,2026-10-08T01:00,BREAK,
2F-10,2026-10-07,2026-10-07T16:30,2026-10-07T17:30,BREAK,
2F-10,2026-10-07,2026-10-08T00:00,2026-10-08T02:00,BREAK,
3F-07,2026-10-07,2026-10-07T17:30,2026-10-07T18:30,BREAK,
3F-07,2026-10-07,2026-10-08T01:00,2026-10-08T03:00,BREAK,
3F-08,2026-10-07,2026-10-07T17:30,2026-10-07T18:30,BREAK,
3F-08,2026-10-07,2026-10-08T02:00,2026-10-08T04:00,BREAK,
1F-25,2026-10-07,2026-10-07T17:30,2026-10-07T18:30,BREAK,
1F-25,2026-10-07,2026-10-08T03:00,2026-10-08T05:00,BREAK,
1F-26,2026-10-07,2026-10-07T17:30,2026-10-07T18:30,BREAK,
1F-26,2026-10-07,2026-10-08T05:00,2026-10-08T07:00,BREAK,
1F-25,2026-10-07,2026-10-07T21:00,2026-10-07T21:30,TRANSFER,1F
1F-25,2026-10-07,2026-10-07T21:30,2026-10-07T22:00,TRANSFER,1F
2F-23,2026-10-07,2026-10-07T22:00,2026-10-07T22:30,TRANSFER,1F
1F-25,2026-10-07,2026-10-07T22:00,2026-10-07T22:30,TRANSFER,1F
2F-23,2026-10-07,2026-10-07T22:30,2026-10-07T23:00,TRANSFER,1F
1F-25,2026-10-07,2026-10-07T22:30,2026-10-07T23:00,TRANSFER,1F
2F-23,2026-10-07,2026-10-07T23:00,2026-10-07T23:30,TRANSFER,1F
1F-25,2026-10-07,2026-10-07T23:00,2026-10-07T23:30,TRANSFER,2F
2F-23,2026-10-07,2026-10-07T23:30,2026-10-08T00:00,TRANSFER,1F
1F-25,2026-10-07,2026-10-07T23:30,2026-10-08T00:00,TRANSFER,2F
2F-23,2026-10-07,2026-10-08T00:00,2026-10-08T00:30,TRANSFER,2F
1F-25,2026-10-07,2026-10-08T00:00,2026-10-08T00:30,TRANSFER,2F
2F-23,2026-10-07,2026-10-08T00:30,2026-10-08T01:00,TRANSFER,2F
1F-25,2026-10-07,2026-10-08T00:30,2026-10-08T01:00,TRANSFER,2F
1F-24,2026-10-08,2026-10-08T01:00,2026-10-08T01:30,TRANSFER,2F
1F-25,2026-10-07,2026-10-08T01:00,2026-10-08T01:30,TRANSFER,3F
1F-24,2026-10-08,2026-10-08T01:30,2026-10-08T02:00,TRANSFER,2F
1F-25,2026-10-07,2026-10-08T01:30,2026-10-08T02:00,TRANSFER,3F
1F-24,2026-10-08,2026-10-08T02:00,2026-10-08T02:30,TRANSFER,3F
1F-25,2026-10-07,2026-10-08T02:00,2026-10-08T02:30,TRANSFER,3F
1F-24,2026-10-08,2026-10-08T02:30,2026-10-08T03:00,TRANSFER,3F
1F-25,2026-10-07,2026-10-08T02:30,2026-10-08T03:00,TRANSFER,3F
1F-24,2026-10-08,2026-10-08T03:00,2026-10-08T03:30,TRANSFER,3F
1F-24,2026-10-08,2026-10-08T03:30,2026-10-08T04:00,TRANSFER,3F
1F-14,2026-10-08,2026-10-08T16:30,2026-10-08T17:30,BREAK,
1F-14,2026-10-08,2026-10-08T21:00,2026-10-08T23:00,BREAK,
1F-13,2026-10-08,2026-10-08T16:30,2026-10-08T17:30,BREAK,
1F-13,2026-10-08,2026-10-08T22:00,2026-10-09T00:00,BREAK,
2F-13,2026-10-08,2026-10-08T16:30,2026-10-08T17:30,BREAK,
2F-13,2026-10-08,2026-10-08T23:00,2026-10-09T01:00,BREAK,
2F-14,2026-10-08,2026-10-08T16:30,2026-10-08T17:30,BREAK,
2F-14,2026-10-08,2026-10-09T00:00,2026-10-09T02:00,BREAK,
3F-13,2026-10-08,2026-10-08T17:30,2026-10-08T18:30,BREAK,
3F-13,2026-10-08,2026-10-09T01:00,2026-10-09T03:00,BREAK,
3F-14,2026-10-08,2026-10-08T17:30,2026-10-08T18:30,BREAK,
3F-14,2026-10-08,2026-10-09T02:00,2026-10-09T04:00,BREAK,
2F-01,2026-10-08,2026-10-08T17:30,2026-10-08T18:30,BREAK,
2F-01,2026-10-08,2026-10-09T03:00,2026-10-09T05:00,BREAK,
2F-02,2026-10-08,2026-10-08T17:30,2026-10-08T18:30,BREAK,
2F-02,2026-10-08,2026-10-09T05:00,2026-10-09T07:00,BREAK,
2F-01,2026-10-08,2026-10-08T21:00,2026-10-08T21:30,TRANSFER,1F
2F-01,2026-10-08,2026-10-08T21:30,2026-10-08T22:00,TRANSFER,1F
1F-23,2026-10-08,2026-10-08T22:00,2026-10-08T22:30,TRANSFER,1F
2F-01,2026-10-08,2026-10-08T22:00,2026-10-08T22:30,TRANSFER,1F
1F-23,2026-10-08,2026-10-08T22:30,2026-10-08T23:00,TRANSFER,1F
2F-01,2026-10-08,2026-10-08T22:30,2026-10-08T23:00,TRANSFER,1F
1F-23,2026-10-08,2026-10-08T23:00,2026-10-08T23:30,TRANSFER,1F
2F-01,2026-10-08,2026-10-08T23:00,2026-10-08T23:30,TRANSFER,2F
1F-23,2026-10-08,2026-10-08T23:30,2026-10-09T00:00,TRANSFER,1F
2F-01,2026-10-08,2026-10-08T23:30,2026-10-09T00:00,TRANSFER,2F
1F-23,2026-10-08,2026-10-09T00:00,2026-10-09T00:30,TRANSFER,2F
2F-01,2026-10-08,2026-10-09T00:00,2026-10-09T00:30,TRANSFER,2F
1F-23,2026-10-08,2026-10-09T00:30,2026-10-09T01:00,TRANSFER,2F
2F-01,2026-10-08,2026-10-09T00:30,2026-10-09T01:00,TRANSFER,2F
3F-24,2026-10-09,2026-10-09T01:00,2026-10-09T01:30,TRANSFER,2F
2F-01,2026-10-08,2026-10-09T01:00,2026-10-09T01:30,TRANSFER,3F
3F-24,2026-10-09,2026-10-09T01:30,2026-10-09T02:00,TRANSFER,2F
2F-01,2026-10-08,2026-10-09T01:30,2026-10-09T02:00,TRANSFER,3F
3F-24,2026-10-09,2026-10-09T02:00,2026-10-09T02:30,TRANSFER,3F
2F-01,2026-10-08,2026-10-09T02:00,2026-10-09T02:30,TRANSFER,3F
3F-24,2026-10-09,2026-10-09T02:30,2026-10-09T03:00,TRANSFER,3F
2F-01,2026-10-08,2026-10-09T02:30,2026-10-09T03:00,TRANSFER,3F
3F-24,2026-10-09,2026-10-09T03:00,2026-10-09T03:30,TRANSFER,3F
3F-24,2026-10-09,2026-10-09T03:30,2026-10-09T04:00,TRANSFER,3F
1F-11,2026-10-09,2026-10-09T16:30,2026-10-09T17:30,BREAK,
1F-11,2026-10-09,2026-10-09T21:00,2026-10-09T23:00,BREAK,
1F-12,2026-10-09,2026-10-09T16:30,2026-10-09T17:30,BREAK,
1F-12,2026-10-09,2026-10-09T22:00,2026-10-10T00:00,BREAK,
2F-11,2026-10-09,2026-10-09T16:30,2026-10-09T17:30,BREAK,
2F-11,2026-10-09,2026-10-09T23:00,2026-10-10T01:00,BREAK,
2F-12,2026-10-09,2026-10-09T16:30,2026-10-09T17:30,BREAK,
2F-12,2026-10-09,2026-10-10T00:00,2026-10-10T02:00,BREAK,
3F-10,2026-10-09,2026-10-09T17:30,2026-10-09T18:30,BREAK,
3F-10,2026-10-09,2026-10-10T01:00,2026-10-10T03:00,BREAK,
3F-11,2026-10-09,2026-10-09T17:30,2026-10-09T18:30,BREAK,
3F-11,2026-10-09,2026-10-10T02:00,2026-10-10T04:00,BREAK,
2F-03,2026-10-09,2026-10-09T17:30,2026-10-09T18:30,BREAK,
2F-03,2026-10-09,2026-10-10T03:00,2026-10-10T05:00,BREAK,
3F-01,2026-10-09,2026-10-09T17:30,2026-10-09T18:30,BREAK,
3F-01,2026-10-09,2026-10-10T05:00,2026-10-10T07:00,BREAK,
2F-03,2026-10-09,2026-10-09T21:00,2026-10-09T21:30,TRANSFER,1F
2F-03,2026-10-09,2026-10-09T21:30,2026-10-09T22:00,TRANSFER,1F
1F-25,2026-10-09,2026-10-09T22:00,2026-10-09T22:30,TRANSFER,1F
2F-03,2026-10-09,2026-10-09T22:00,2026-10-09T22:30,TRANSFER,1F
1F-25,2026-10-09,2026-10-09T22:30,2026-10-09T23:00,TRANSFER,1F
2F-03,2026-10-09,2026-10-09T22:30,2026-10-09T23:00,TRANSFER,1F
1F-25,2026-10-09,2026-10-09T23:00,2026-10-09T23:30,TRANSFER,1F
2F-03,2026-10-09,2026-10-09T23:00,2026-10-09T23:30,TRANSFER,2F
1F-25,2026-10-09,2026-10-09T23:30,2026-10-10T00:00,TRANSFER,1F
2F-03,2026-10-09,2026-10-09T23:30,2026-10-10T00:00,TRANSFER,2F
1F-25,2026-10-09,2026-10-10T00:00,2026-10-10T00:30,TRANSFER,2F
2F-03,2026-10-09,2026-10-10T00:00,2026-10-10T00:30,TRANSFER,2F
1F-25,2026-10-09,2026-10-10T00:30,2026-10-10T01:00,TRANSFER,2F
2F-03,2026-10-09,2026-10-10T00:30,2026-10-10T01:00,TRANSFER,2F
1F-24,2026-10-10,2026-10-10T01:00,2026-10-10T01:30,TRANSFER,2F
2F-03,2026-10-09,2026-10-10T01:00,2026-10-10T01:30,TRANSFER,3F
1F-24,2026-10-10,2026-10-10T01:30,2026-10-10T02:00,TRANSFER,2F
2F-03,2026-10-09,2026-10-10T01:30,2026-10-10T02:00,TRANSFER,3F
1F-24,2026-10-10,2026-10-10T02:00,2026-10-10T02:30,TRANSFER,3F
2F-03,2026-10-09,2026-10-10T02:00,2026-10-10T02:30,TRANSFER,3F
1F-24,2026-10-10,2026-10-10T02:30,2026-10-10T03:00,TRANSFER,3F
2F-03,2026-10-09,2026-10-10T02:30,2026-10-10T03:00,TRANSFER,3F
1F-24,2026-10-10,2026-10-10T03:00,2026-10-10T03:30,TRANSFER,3F
1F-24,2026-10-10,2026-10-10T03:30,2026-10-10T04:00,TRANSFER,3F
1F-07,2026-10-10,2026-10-10T16:30,2026-10-10T17:30,BREAK,
1F-07,2026-10-10,2026-10-10T21:00,2026-10-10T23:00,BREAK,
1F-08,2026-10-10,2026-10-10T16:30,2026-10-10T17:30,BREAK,
1F-08,2026-10-10,2026-10-10T22:00,2026-10-11T00:00,BREAK,
2F-07,2026-10-10,2026-10-10T16:30,2026-10-10T17:30,BREAK,
2F-07,2026-10-10,2026-10-10T23:00,2026-10-11T01:00,BREAK,
2F-08,2026-10-10,2026-10-10T16:30,2026-10-10T17:30,BREAK,
2F-08,2026-10-10,2026-10-11T00:00,2026-10-11T02:00,BREAK,
3F-09,2026-10-10,2026-10-10T17:30,2026-10-10T18:30,BREAK,
3F-09,2026-10-10,2026-10-11T01:00,2026-10-11T03:00,BREAK,
3F-12,2026-10-10,2026-10-10T17:30,2026-10-10T18:30,BREAK,
3F-12,2026-10-10,2026-10-11T02:00,2026-10-11T04:00,BREAK,
3F-02,2026-10-10,2026-10-10T17:30,2026-10-10T18:30,BREAK,
3F-02,2026-10-10,2026-10-11T03:00,2026-10-11T05:00,BREAK,
2F-04,2026-10-10,2026-10-10T17:30,2026-10-10T18:30,BREAK,
2F-04,2026-10-10,2026-10-11T05:00,2026-10-11T07:00,BREAK,
3F-02,2026-10-10,2026-10-10T21:00,2026-10-10T21:30,TRANSFER,1F
3F-02,2026-10-10,2026-10-10T21:30,2026-10-10T22:00,TRANSFER,1F
1F-26,2026-10-10,2026-10-10T22:00,2026-10-10T22:30,TRANSFER,1F
3F-02,2026-10-10,2026-10-10T22:00,2026-10-10T22:30,TRANSFER,1F
1F-26,2026-10-10,2026-10-10T22:30,2026-10-10T23:00,TRANSFER,1F
3F-02,2026-10-10,2026-10-10T22:30,2026-10-10T23:00,TRANSFER,1F
1F-26,2026-10-10,2026-10-10T23:00,2026-10-10T23:30,TRANSFER,1F
3F-02,2026-10-10,2026-10-10T23:00,2026-10-10T23:30,TRANSFER,2F
1F-26,2026-10-10,2026-10-10T23:30,2026-10-11T00:00,TRANSFER,1F
3F-02,2026-10-10,2026-10-10T23:30,2026-10-11T00:00,TRANSFER,2F
1F-26,2026-10-10,2026-10-11T00:00,2026-10-11T00:30,TRANSFER,2F
3F-02,2026-10-10,2026-10-11T00:00,2026-10-11T00:30,TRANSFER,2F
1F-26,2026-10-10,2026-10-11T00:30,2026-10-11T01:00,TRANSFER,2F
3F-02,2026-10-10,2026-10-11T00:30,2026-10-11T01:00,TRANSFER,2F
3F-24,2026-10-11,2026-10-11T01:00,2026-10-11T01:30,TRANSFER,2F
3F-02,2026-10-10,2026-10-11T01:00,2026-10-11T01:30,TRANSFER,3F
3F-24,2026-10-11,2026-10-11T01:30,2026-10-11T02:00,TRANSFER,2F
3F-02,2026-10-10,2026-10-11T01:30,2026-10-11T02:00,TRANSFER,3F
3F-24,2026-10-11,2026-10-11T02:00,2026-10-11T02:30,TRANSFER,3F
3F-02,2026-10-10,2026-10-11T02:00,2026-10-11T02:30,TRANSFER,3F
3F-24,2026-10-11,2026-10-11T02:30,2026-10-11T03:00,TRANSFER,3F
3F-02,2026-10-10,2026-10-11T02:30,2026-10-11T03:00,TRANSFER,3F
3F-24,2026-10-11,2026-10-11T03:00,2026-10-11T03:30,TRANSFER,3F
3F-24,2026-10-11,2026-10-11T03:30,2026-10-11T04:00,TRANSFER,3F
1F-09,2026-10-11,2026-10-11T16:30,2026-10-11T17:30,BREAK,
1F-09,2026-10-11,2026-10-11T21:00,2026-10-11T23:00,BREAK,
1F-10,2026-10-11,2026-10-11T16:30,2026-10-11T17:30,BREAK,
1F-10,2026-10-11,2026-10-11T22:00,2026-10-12T00:00,BREAK,
2F-05,2026-10-11,2026-10-11T16:30,2026-10-11T17:30,BREAK,
2F-05,2026-10-11,2026-10-11T23:00,2026-10-12T01:00,BREAK,
2F-06,2026-10-11,2026-10-11T16:30,2026-10-11T17:30,BREAK,
2F-06,2026-10-11,2026-10-12T00:00,2026-10-12T02:00,BREAK,
3F-04,2026-10-11,2026-10-11T17:30,2026-10-11T18:30,BREAK,
3F-04,2026-10-11,2026-10-12T01:00,2026-10-12T03:00,BREAK,
3F-05,2026-10-11,2026-10-11T17:30,2026-10-11T18:30,BREAK,
3F-05,2026-10-11,2026-10-12T02:00,2026-10-12T04:00,BREAK,
3F-01,2026-10-11,2026-10-11T17:30,2026-10-11T18:30,BREAK,
3F-01,2026-10-11,2026-10-12T03:00,2026-10-12T05:00,BREAK,
1F-01,2026-10-11,2026-10-11T17:30,2026-10-11T18:30,BREAK,
1F-01,2026-10-11,2026-10-12T05:00,2026-10-12T07:00,BREAK,
3F-01,2026-10-11,2026-10-11T21:00,2026-10-11T21:30,TRANSFER,1F
3F-01,2026-10-11,2026-10-11T21:30,2026-10-11T22:00,TRANSFER,1F
3F-23,2026-10-11,2026-10-11T22:00,2026-10-11T22:30,TRANSFER,1F
3F-01,2026-10-11,2026-10-11T22:00,2026-10-11T22:30,TRANSFER,1F
3F-23,2026-10-11,2026-10-11T22:30,2026-10-11T23:00,TRANSFER,1F
3F-01,2026-10-11,2026-10-11T22:30,2026-10-11T23:00,TRANSFER,1F
3F-23,2026-10-11,2026-10-11T23:00,2026-10-11T23:30,TRANSFER,1F
3F-01,2026-10-11,2026-10-11T23:00,2026-10-11T23:30,TRANSFER,2F
3F-23,2026-10-11,2026-10-11T23:30,2026-10-12T00:00,TRANSFER,1F
3F-01,2026-10-11,2026-10-11T23:30,2026-10-12T00:00,TRANSFER,2F
3F-23,2026-10-11,2026-10-12T00:00,2026-10-12T00:30,TRANSFER,2F
3F-01,2026-10-11,2026-10-12T00:00,2026-10-12T00:30,TRANSFER,2F
3F-23,2026-10-11,2026-10-12T00:30,2026-10-12T01:00,TRANSFER,2F
3F-01,2026-10-11,2026-10-12T00:30,2026-10-12T01:00,TRANSFER,2F
2F-24,2026-10-12,2026-10-12T01:00,2026-10-12T01:30,TRANSFER,2F
3F-01,2026-10-11,2026-10-12T01:00,2026-10-12T01:30,TRANSFER,3F
2F-24,2026-10-12,2026-10-12T01:30,2026-10-12T02:00,TRANSFER,2F
3F-01,2026-10-11,2026-10-12T01:30,2026-10-12T02:00,TRANSFER,3F
2F-24,2026-10-12,2026-10-12T02:00,2026-10-12T02:30,TRANSFER,3F
3F-01,2026-10-11,2026-10-12T02:00,2026-10-12T02:30,TRANSFER,3F
2F-24,2026-10-12,2026-10-12T02:30,2026-10-12T03:00,TRANSFER,3F
3F-01,2026-10-11,2026-10-12T02:30,2026-10-12T03:00,TRANSFER,3F
2F-24,2026-10-12,2026-10-12T03:00,2026-10-12T03:30,TRANSFER,3F
2F-24,2026-10-12,2026-10-12T03:30,2026-10-12T04:00,TRANSFER,3F
1F-11,2026-10-12,2026-10-12T16:30,2026-10-12T17:30,BREAK,
1F-11,2026-10-12,2026-10-12T21:00,2026-10-12T23:00,BREAK,
1F-12,2026-10-12,2026-10-12T16:30,2026-10-12T17:30,BREAK,
1F-12,2026-10-12,2026-10-12T22:00,2026-10-13T00:00,BREAK,
2F-09,2026-10-12,2026-10-12T16:30,2026-10-12T17:30,BREAK,
2F-09,2026-10-12,2026-10-12T23:00,2026-10-13T01:00,BREAK,
2F-10,2026-10-12,2026-10-12T16:30,2026-10-12T17:30,BREAK,
2F-10,2026-10-12,2026-10-13T00:00,2026-10-13T02:00,BREAK,
3F-03,2026-10-12,2026-10-12T17:30,2026-10-12T18:30,BREAK,
3F-03,2026-10-12,2026-10-13T01:00,2026-10-13T03:00,BREAK,
3F-06,2026-10-12,2026-10-12T17:30,2026-10-12T18:30,BREAK,
3F-06,2026-10-12,2026-10-13T02:00,2026-10-13T04:00,BREAK,
1F-02,2026-10-12,2026-10-12T17:30,2026-10-12T18:30,BREAK,
1F-02,2026-10-12,2026-10-13T03:00,2026-10-13T05:00,BREAK,
1F-03,2026-10-12,2026-10-12T17:30,2026-10-12T18:30,BREAK,
1F-03,2026-10-12,2026-10-13T05:00,2026-10-13T07:00,BREAK,
1F-02,2026-10-12,2026-10-12T21:00,2026-10-12T21:30,TRANSFER,1F
1F-02,2026-10-12,2026-10-12T21:30,2026-10-12T22:00,TRANSFER,1F
1F-23,2026-10-12,2026-10-12T22:00,2026-10-12T22:30,TRANSFER,1F
1F-02,2026-10-12,2026-10-12T22:00,2026-10-12T22:30,TRANSFER,1F
1F-23,2026-10-12,2026-10-12T22:30,2026-10-12T23:00,TRANSFER,1F
1F-02,2026-10-12,2026-10-12T22:30,2026-10-12T23:00,TRANSFER,1F
1F-23,2026-10-12,2026-10-12T23:00,2026-10-12T23:30,TRANSFER,1F
1F-02,2026-10-12,2026-10-12T23:00,2026-10-12T23:30,TRANSFER,2F
1F-23,2026-10-12,2026-10-12T23:30,2026-10-13T00:00,TRANSFER,1F
1F-02,2026-10-12,2026-10-12T23:30,2026-10-13T00:00,TRANSFER,2F
1F-23,2026-10-12,2026-10-13T00:00,2026-10-13T00:30,TRANSFER,2F
1F-02,2026-10-12,2026-10-13T00:00,2026-10-13T00:30,TRANSFER,2F
1F-23,2026-10-12,2026-10-13T00:30,2026-10-13T01:00,TRANSFER,2F
1F-02,2026-10-12,2026-10-13T00:30,2026-10-13T01:00,TRANSFER,2F
2F-24,2026-10-13,2026-10-13T01:00,2026-10-13T01:30,TRANSFER,2F
1F-02,2026-10-12,2026-10-13T01:00,2026-10-13T01:30,TRANSFER,3F
2F-24,2026-10-13,2026-10-13T01:30,2026-10-13T02:00,TRANSFER,2F
1F-02,2026-10-12,2026-10-13T01:30,2026-10-13T02:00,TRANSFER,3F
2F-24,2026-10-13,2026-10-13T02:00,2026-10-13T02:30,TRANSFER,3F
1F-02,2026-10-12,2026-10-13T02:00,2026-10-13T02:30,TRANSFER,3F
2F-24,2026-10-13,2026-10-13T02:30,2026-10-13T03:00,TRANSFER,3F
1F-02,2026-10-12,2026-10-13T02:30,2026-10-13T03:00,TRANSFER,3F
2F-24,2026-10-13,2026-10-13T03:00,2026-10-13T03:30,TRANSFER,3F
2F-24,2026-10-13,2026-10-13T03:30,2026-10-13T04:00,TRANSFER,3F
1F-04,2026-10-13,2026-10-13T16:30,2026-10-13T17:30,BREAK,
1F-04,2026-10-13,2026-10-13T21:00,2026-10-13T23:00,BREAK,
1F-05,2026-10-13,2026-10-13T16:30,2026-10-13T17:30,BREAK,
1F-05,2026-10-13,2026-10-13T22:00,2026-10-14T00:00,BREAK,
2F-01,2026-10-13,2026-10-13T16:30,2026-10-13T17:30,BREAK,
2F-01,2026-10-13,2026-10-13T23:00,2026-10-14T01:00,BREAK,
2F-02,2026-10-13,2026-10-13T16:30,2026-10-13T17:30,BREAK,
2F-02,2026-10-13,2026-10-14T00:00,2026-10-14T02:00,BREAK,
3F-02,2026-10-13,2026-10-13T17:30,2026-10-13T18:30,BREAK,
3F-02,2026-10-13,2026-10-14T01:00,2026-10-14T03:00,BREAK,
3F-07,2026-10-13,2026-10-13T17:30,2026-10-13T18:30,BREAK,
3F-07,2026-10-13,2026-10-14T02:00,2026-10-14T04:00,BREAK,
1F-25,2026-10-13,2026-10-13T17:30,2026-10-13T18:30,BREAK,
1F-25,2026-10-13,2026-10-14T03:00,2026-10-14T05:00,BREAK,
1F-26,2026-10-13,2026-10-13T17:30,2026-10-13T18:30,BREAK,
1F-26,2026-10-13,2026-10-14T05:00,2026-10-14T07:00,BREAK,
1F-25,2026-10-13,2026-10-13T21:00,2026-10-13T21:30,TRANSFER,1F
1F-25,2026-10-13,2026-10-13T21:30,2026-10-13T22:00,TRANSFER,1F
2F-23,2026-10-13,2026-10-13T22:00,2026-10-13T22:30,TRANSFER,1F
1F-25,2026-10-13,2026-10-13T22:00,2026-10-13T22:30,TRANSFER,1F
2F-23,2026-10-13,2026-10-13T22:30,2026-10-13T23:00,TRANSFER,1F
1F-25,2026-10-13,2026-10-13T22:30,2026-10-13T23:00,TRANSFER,1F
2F-23,2026-10-13,2026-10-13T23:00,2026-10-13T23:30,TRANSFER,1F
1F-25,2026-10-13,2026-10-13T23:00,2026-10-13T23:30,TRANSFER,2F
2F-23,2026-10-13,2026-10-13T23:30,2026-10-14T00:00,TRANSFER,1F
1F-25,2026-10-13,2026-10-13T23:30,2026-10-14T00:00,TRANSFER,2F
2F-23,2026-10-13,2026-10-14T00:00,2026-10-14T00:30,TRANSFER,2F
1F-25,2026-10-13,2026-10-14T00:00,2026-10-14T00:30,TRANSFER,2F
2F-23,2026-10-13,2026-10-14T00:30,2026-10-14T01:00,TRANSFER,2F
1F-25,2026-10-13,2026-10-14T00:30,2026-10-14T01:00,TRANSFER,2F
2F-24,2026-10-14,2026-10-14T01:00,2026-10-14T01:30,TRANSFER,2F
1F-25,2026-10-13,2026-10-14T01:00,2026-10-14T01:30,TRANSFER,3F
2F-24,2026-10-14,2026-10-14T01:30,2026-10-14T02:00,TRANSFER,2F
1F-25,2026-10-13,2026-10-14T01:30,2026-10-14T02:00,TRANSFER,3F
2F-24,2026-10-14,2026-10-14T02:00,2026-10-14T02:30,TRANSFER,3F
1F-25,2026-10-13,2026-10-14T02:00,2026-10-14T02:30,TRANSFER,3F
2F-24,2026-10-14,2026-10-14T02:30,2026-10-14T03:00,TRANSFER,3F
1F-25,2026-10-13,2026-10-14T02:30,2026-10-14T03:00,TRANSFER,3F
2F-24,2026-10-14,2026-10-14T03:00,2026-10-14T03:30,TRANSFER,3F
2F-24,2026-10-14,2026-10-14T03:30,2026-10-14T04:00,TRANSFER,3F
1F-06,2026-10-14,2026-10-14T16:30,2026-10-14T17:30,BREAK,
1F-06,2026-10-14,2026-10-14T21:00,2026-10-14T23:00,BREAK,
1F-07,2026-10-14,2026-10-14T16:30,2026-10-14T17:30,BREAK,
1F-07,2026-10-14,2026-10-14T22:00,2026-10-15T00:00,BREAK,
2F-03,2026-10-14,2026-10-14T16:30,2026-10-14T17:30,BREAK,
2F-03,2026-10-14,2026-10-14T23:00,2026-10-15T01:00,BREAK,
2F-04,2026-10-14,2026-10-14T16:30,2026-10-14T17:30,BREAK,
2F-04,2026-10-14,2026-10-15T00:00,2026-10-15T02:00,BREAK,
3F-08,2026-10-14,2026-10-14T17:30,2026-10-14T18:30,BREAK,
3F-08,2026-10-14,2026-10-15T01:00,2026-10-15T03:00,BREAK,
3F-09,2026-10-14,2026-10-14T17:30,2026-10-14T18:30,BREAK,
3F-09,2026-10-14,2026-10-15T02:00,2026-10-15T04:00,BREAK,
1F-01,2026-10-14,2026-10-14T17:30,2026-10-14T18:30,BREAK,
1F-01,2026-10-14,2026-10-15T03:00,2026-10-15T05:00,BREAK,
3F-01,2026-10-14,2026-10-14T17:30,2026-10-14T18:30,BREAK,
3F-01,2026-10-14,2026-10-15T05:00,2026-10-15T07:00,BREAK,
1F-01,2026-10-14,2026-10-14T21:00,2026-10-14T21:30,TRANSFER,1F
1F-01,2026-10-14,2026-10-14T21:30,2026-10-14T22:00,TRANSFER,1F
1F-23,2026-10-14,2026-10-14T22:00,2026-10-14T22:30,TRANSFER,1F
1F-01,2026-10-14,2026-10-14T22:00,2026-10-14T22:30,TRANSFER,1F
1F-23,2026-10-14,2026-10-14T22:30,2026-10-14T23:00,TRANSFER,1F
1F-01,2026-10-14,2026-10-14T22:30,2026-10-14T23:00,TRANSFER,1F
1F-23,2026-10-14,2026-10-14T23:00,2026-10-14T23:30,TRANSFER,1F
1F-01,2026-10-14,2026-10-14T23:00,2026-10-14T23:30,TRANSFER,2F
1F-23,2026-10-14,2026-10-14T23:30,2026-10-15T00:00,TRANSFER,1F
1F-01,2026-10-14,2026-10-14T23:30,2026-10-15T00:00,TRANSFER,2F
1F-23,2026-10-14,2026-10-15T00:00,2026-10-15T00:30,TRANSFER,2F
1F-01,2026-10-14,2026-10-15T00:00,2026-10-15T00:30,TRANSFER,2F
1F-23,2026-10-14,2026-10-15T00:30,2026-10-15T01:00,TRANSFER,2F
1F-01,2026-10-14,2026-10-15T00:30,2026-10-15T01:00,TRANSFER,2F
1F-24,2026-10-15,2026-10-15T01:00,2026-10-15T01:30,TRANSFER,2F
1F-01,2026-10-14,2026-10-15T01:00,2026-10-15T01:30,TRANSFER,3F
1F-24,2026-10-15,2026-10-15T01:30,2026-10-15T02:00,TRANSFER,2F
1F-01,2026-10-14,2026-10-15T01:30,2026-10-15T02:00,TRANSFER,3F
1F-24,2026-10-15,2026-10-15T02:00,2026-10-15T02:30,TRANSFER,3F
1F-01,2026-10-14,2026-10-15T02:00,2026-10-15T02:30,TRANSFER,3F
1F-24,2026-10-15,2026-10-15T02:30,2026-10-15T03:00,TRANSFER,3F
1F-01,2026-10-14,2026-10-15T02:30,2026-10-15T03:00,TRANSFER,3F
1F-24,2026-10-15,2026-10-15T03:00,2026-10-15T03:30,TRANSFER,3F
1F-24,2026-10-15,2026-10-15T03:30,2026-10-15T04:00,TRANSFER,3F
1F-08,2026-10-15,2026-10-15T16:30,2026-10-15T17:30,BREAK,
1F-08,2026-10-15,2026-10-15T21:00,2026-10-15T23:00,BREAK,
1F-13,2026-10-15,2026-10-15T16:30,2026-10-15T17:30,BREAK,
1F-13,2026-10-15,2026-10-15T22:00,2026-10-16T00:00,BREAK,
2F-07,2026-10-15,2026-10-15T16:30,2026-10-15T17:30,BREAK,
2F-07,2026-10-15,2026-10-15T23:00,2026-10-16T01:00,BREAK,
2F-08,2026-10-15,2026-10-15T16:30,2026-10-15T17:30,BREAK,
2F-08,2026-10-15,2026-10-16T00:00,2026-10-16T02:00,BREAK,
3F-10,2026-10-15,2026-10-15T17:30,2026-10-15T18:30,BREAK,
3F-10,2026-10-15,2026-10-16T01:00,2026-10-16T03:00,BREAK,
3F-11,2026-10-15,2026-10-15T17:30,2026-10-15T18:30,BREAK,
3F-11,2026-10-15,2026-10-16T02:00,2026-10-16T04:00,BREAK,
3F-04,2026-10-15,2026-10-15T17:30,2026-10-15T18:30,BREAK,
3F-04,2026-10-15,2026-10-16T03:00,2026-10-16T05:00,BREAK,
1F-02,2026-10-15,2026-10-15T17:30,2026-10-15T18:30,BREAK,
1F-02,2026-10-15,2026-10-16T05:00,2026-10-16T07:00,BREAK,
3F-04,2026-10-15,2026-10-15T21:00,2026-10-15T21:30,TRANSFER,1F
3F-04,2026-10-15,2026-10-15T21:30,2026-10-15T22:00,TRANSFER,1F
1F-25,2026-10-15,2026-10-15T22:00,2026-10-15T22:30,TRANSFER,1F
3F-04,2026-10-15,2026-10-15T22:00,2026-10-15T22:30,TRANSFER,1F
1F-25,2026-10-15,2026-10-15T22:30,2026-10-15T23:00,TRANSFER,1F
3F-04,2026-10-15,2026-10-15T22:30,2026-10-15T23:00,TRANSFER,1F
1F-25,2026-10-15,2026-10-15T23:00,2026-10-15T23:30,TRANSFER,1F
3F-04,2026-10-15,2026-10-15T23:00,2026-10-15T23:30,TRANSFER,2F
1F-25,2026-10-15,2026-10-15T23:30,2026-10-16T00:00,TRANSFER,1F
3F-04,2026-10-15,2026-10-15T23:30,2026-10-16T00:00,TRANSFER,2F
1F-25,2026-10-15,2026-10-16T00:00,2026-10-16T00:30,TRANSFER,2F
3F-04,2026-10-15,2026-10-16T00:00,2026-10-16T00:30,TRANSFER,2F
1F-25,2026-10-15,2026-10-16T00:30,2026-10-16T01:00,TRANSFER,2F
3F-04,2026-10-15,2026-10-16T00:30,2026-10-16T01:00,TRANSFER,2F
3F-24,2026-10-16,2026-10-16T01:00,2026-10-16T01:30,TRANSFER,2F
3F-04,2026-10-15,2026-10-16T01:00,2026-10-16T01:30,TRANSFER,3F
3F-24,2026-10-16,2026-10-16T01:30,2026-10-16T02:00,TRANSFER,2F
3F-04,2026-10-15,2026-10-16T01:30,2026-10-16T02:00,TRANSFER,3F
3F-24,2026-10-16,2026-10-16T02:00,2026-10-16T02:30,TRANSFER,3F
3F-04,2026-10-15,2026-10-16T02:00,2026-10-16T02:30,TRANSFER,3F
3F-24,2026-10-16,2026-10-16T02:30,2026-10-16T03:00,TRANSFER,3F
3F-04,2026-10-15,2026-10-16T02:30,2026-10-16T03:00,TRANSFER,3F
3F-24,2026-10-16,2026-10-16T03:00,2026-10-16T03:30,TRANSFER,3F
3F-24,2026-10-16,2026-10-16T03:30,2026-10-16T04:00,TRANSFER,3F
1F-14,2026-10-16,2026-10-16T16:30,2026-10-16T17:30,BREAK,
1F-14,2026-10-16,2026-10-16T21:00,2026-10-16T23:00,BREAK,
1F-09,2026-10-16,2026-10-16T16:30,2026-10-16T17:30,BREAK,
1F-09,2026-10-16,2026-10-16T22:00,2026-10-17T00:00,BREAK,
2F-11,2026-10-16,2026-10-16T16:30,2026-10-16T17:30,BREAK,
2F-11,2026-10-16,2026-10-16T23:00,2026-10-17T01:00,BREAK,
2F-12,2026-10-16,2026-10-16T16:30,2026-10-16T17:30,BREAK,
2F-12,2026-10-16,2026-10-17T00:00,2026-10-17T02:00,BREAK,
3F-12,2026-10-16,2026-10-16T17:30,2026-10-16T18:30,BREAK,
3F-12,2026-10-16,2026-10-17T01:00,2026-10-17T03:00,BREAK,
3F-13,2026-10-16,2026-10-16T17:30,2026-10-16T18:30,BREAK,
3F-13,2026-10-16,2026-10-17T02:00,2026-10-17T04:00,BREAK,
1F-03,2026-10-16,2026-10-16T17:30,2026-10-16T18:30,BREAK,
1F-03,2026-10-16,2026-10-17T03:00,2026-10-17T05:00,BREAK,
1F-04,2026-10-16,2026-10-16T17:30,2026-10-16T18:30,BREAK,
1F-04,2026-10-16,2026-10-17T05:00,2026-10-17T07:00,BREAK,
1F-03,2026-10-16,2026-10-16T21:00,2026-10-16T21:30,TRANSFER,1F
1F-03,2026-10-16,2026-10-16T21:30,2026-10-16T22:00,TRANSFER,1F
1F-23,2026-10-16,2026-10-16T22:00,2026-10-16T22:30,TRANSFER,1F
1F-03,2026-10-16,2026-10-16T22:00,2026-10-16T22:30,TRANSFER,1F
1F-23,2026-10-16,2026-10-16T22:30,2026-10-16T23:00,TRANSFER,1F
1F-03,2026-10-16,2026-10-16T22:30,2026-10-16T23:00,TRANSFER,1F
1F-23,2026-10-16,2026-10-16T23:00,2026-10-16T23:30,TRANSFER,1F
1F-03,2026-10-16,2026-10-16T23:00,2026-10-16T23:30,TRANSFER,2F
1F-23,2026-10-16,2026-10-16T23:30,2026-10-17T00:00,TRANSFER,1F
1F-03,2026-10-16,2026-10-16T23:30,2026-10-17T00:00,TRANSFER,2F
1F-23,2026-10-16,2026-10-17T00:00,2026-10-17T00:30,TRANSFER,2F
1F-03,2026-10-16,2026-10-17T00:00,2026-10-17T00:30,TRANSFER,2F
1F-23,2026-10-16,2026-10-17T00:30,2026-10-17T01:00,TRANSFER,2F
1F-03,2026-10-16,2026-10-17T00:30,2026-10-17T01:00,TRANSFER,2F
1F-24,2026-10-17,2026-10-17T01:00,2026-10-17T01:30,TRANSFER,2F
1F-03,2026-10-16,2026-10-17T01:00,2026-10-17T01:30,TRANSFER,3F
1F-24,2026-10-17,2026-10-17T01:30,2026-10-17T02:00,TRANSFER,2F
1F-03,2026-10-16,2026-10-17T01:30,2026-10-17T02:00,TRANSFER,3F
1F-24,2026-10-17,2026-10-17T02:00,2026-10-17T02:30,TRANSFER,3F
1F-03,2026-10-16,2026-10-17T02:00,2026-10-17T02:30,TRANSFER,3F
1F-24,2026-10-17,2026-10-17T02:30,2026-10-17T03:00,TRANSFER,3F
1F-03,2026-10-16,2026-10-17T02:30,2026-10-17T03:00,TRANSFER,3F
1F-24,2026-10-17,2026-10-17T03:00,2026-10-17T03:30,TRANSFER,3F
1F-24,2026-10-17,2026-10-17T03:30,2026-10-17T04:00,TRANSFER,3F
1F-10,2026-10-17,2026-10-17T16:30,2026-10-17T17:30,BREAK,
1F-10,2026-10-17,2026-10-17T21:00,2026-10-17T23:00,BREAK,
1F-05,2026-10-17,2026-10-17T16:30,2026-10-17T17:30,BREAK,
1F-05,2026-10-17,2026-10-17T22:00,2026-10-18T00:00,BREAK,
2F-13,2026-10-17,2026-10-17T16:30,2026-10-17T17:30,BREAK,
2F-13,2026-10-17,2026-10-17T23:00,2026-10-18T01:00,BREAK,
2F-14,2026-10-17,2026-10-17T16:30,2026-10-17T17:30,BREAK,
2F-14,2026-10-17,2026-10-18T00:00,2026-10-18T02:00,BREAK,
3F-14,2026-10-17,2026-10-17T17:30,2026-10-17T18:30,BREAK,
3F-14,2026-10-17,2026-10-18T01:00,2026-10-18T03:00,BREAK,
3F-05,2026-10-17,2026-10-17T17:30,2026-10-17T18:30,BREAK,
3F-05,2026-10-17,2026-10-18T02:00,2026-10-18T04:00,BREAK,
1F-26,2026-10-17,2026-10-17T17:30,2026-10-17T18:30,BREAK,
1F-26,2026-10-17,2026-10-18T03:00,2026-10-18T05:00,BREAK,
2F-01,2026-10-17,2026-10-17T17:30,2026-10-17T18:30,BREAK,
2F-01,2026-10-17,2026-10-18T05:00,2026-10-18T07:00,BREAK,
1F-26,2026-10-17,2026-10-17T21:00,2026-10-17T21:30,TRANSFER,1F
1F-26,2026-10-17,2026-10-17T21:30,2026-10-17T22:00,TRANSFER,1F
1F-25,2026-10-17,2026-10-17T22:00,2026-10-17T22:30,TRANSFER,1F
1F-26,2026-10-17,2026-10-17T22:00,2026-10-17T22:30,TRANSFER,1F
1F-25,2026-10-17,2026-10-17T22:30,2026-10-17T23:00,TRANSFER,1F
1F-26,2026-10-17,2026-10-17T22:30,2026-10-17T23:00,TRANSFER,1F
1F-25,2026-10-17,2026-10-17T23:00,2026-10-17T23:30,TRANSFER,1F
1F-26,2026-10-17,2026-10-17T23:00,2026-10-17T23:30,TRANSFER,2F
1F-25,2026-10-17,2026-10-17T23:30,2026-10-18T00:00,TRANSFER,1F
1F-26,2026-10-17,2026-10-17T23:30,2026-10-18T00:00,TRANSFER,2F
1F-25,2026-10-17,2026-10-18T00:00,2026-10-18T00:30,TRANSFER,2F
1F-26,2026-10-17,2026-10-18T00:00,2026-10-18T00:30,TRANSFER,2F
1F-25,2026-10-17,2026-10-18T00:30,2026-10-18T01:00,TRANSFER,2F
1F-26,2026-10-17,2026-10-18T00:30,2026-10-18T01:00,TRANSFER,2F
3F-24,2026-10-18,2026-10-18T01:00,2026-10-18T01:30,TRANSFER,2F
1F-26,2026-10-17,2026-10-18T01:00,2026-10-18T01:30,TRANSFER,3F
3F-24,2026-10-18,2026-10-18T01:30,2026-10-18T02:00,TRANSFER,2F
1F-26,2026-10-17,2026-10-18T01:30,2026-10-18T02:00,TRANSFER,3F
3F-24,2026-10-18,2026-10-18T02:00,2026-10-18T02:30,TRANSFER,3F
1F-26,2026-10-17,2026-10-18T02:00,2026-10-18T02:30,TRANSFER,3F
3F-24,2026-10-18,2026-10-18T02:30,2026-10-18T03:00,TRANSFER,3F
1F-26,2026-10-17,2026-10-18T02:30,2026-10-18T03:00,TRANSFER,3F
3F-24,2026-10-18,2026-10-18T03:00,2026-10-18T03:30,TRANSFER,3F
3F-24,2026-10-18,2026-10-18T03:30,2026-10-18T04:00,TRANSFER,3F
1F-06,2026-10-18,2026-10-18T16:30,2026-10-18T17:30,BREAK,
1F-06,2026-10-18,2026-10-18T21:00,2026-10-18T23:00,BREAK,
1F-07,2026-10-18,2026-10-18T16:30,2026-10-18T17:30,BREAK,
1F-07,2026-10-18,2026-10-18T22:00,2026-10-19T00:00,BREAK,
2F-05,2026-10-18,2026-10-18T16:30,2026-10-18T17:30,BREAK,
2F-05,2026-10-18,2026-10-18T23:00,2026-10-19T01:00,BREAK,
2F-06,2026-10-18,2026-10-18T16:30,2026-10-18T17:30,BREAK,
2F-06,2026-10-18,2026-10-19T00:00,2026-10-19T02:00,BREAK,
3F-02,2026-10-18,2026-10-18T17:30,2026-10-18T18:30,BREAK,
3F-02,2026-10-18,2026-10-19T01:00,2026-10-19T03:00,BREAK,
3F-03,2026-10-18,2026-10-18T17:30,2026-10-18T18:30,BREAK,
3F-03,2026-10-18,2026-10-19T02:00,2026-10-19T04:00,BREAK,
2F-02,2026-10-18,2026-10-18T17:30,2026-10-18T18:30,BREAK,
2F-02,2026-10-18,2026-10-19T03:00,2026-10-19T05:00,BREAK,
2F-03,2026-10-18,2026-10-18T17:30,2026-10-18T18:30,BREAK,
2F-03,2026-10-18,2026-10-19T05:00,2026-10-19T07:00,BREAK,
2F-02,2026-10-18,2026-10-18T21:00,2026-10-18T21:30,TRANSFER,1F
2F-02,2026-10-18,2026-10-18T21:30,2026-10-18T22:00,TRANSFER,1F
3F-23,2026-10-18,2026-10-18T22:00,2026-10-18T22:30,TRANSFER,1F
2F-02,2026-10-18,2026-10-18T22:00,2026-10-18T22:30,TRANSFER,1F
3F-23,2026-10-18,2026-10-18T22:30,2026-10-18T23:00,TRANSFER,1F
2F-02,2026-10-18,2026-10-18T22:30,2026-10-18T23:00,TRANSFER,1F
3F-23,2026-10-18,2026-10-18T23:00,2026-10-18T23:30,TRANSFER,1F
2F-02,2026-10-18,2026-10-18T23:00,2026-10-18T23:30,TRANSFER,2F
3F-23,2026-10-18,2026-10-18T23:30,2026-10-19T00:00,TRANSFER,1F
2F-02,2026-10-18,2026-10-18T23:30,2026-10-19T00:00,TRANSFER,2F
3F-23,2026-10-18,2026-10-19T00:00,2026-10-19T00:30,TRANSFER,2F
2F-02,2026-10-18,2026-10-19T00:00,2026-10-19T00:30,TRANSFER,2F
3F-23,2026-10-18,2026-10-19T00:30,2026-10-19T01:00,TRANSFER,2F
2F-02,2026-10-18,2026-10-19T00:30,2026-10-19T01:00,TRANSFER,2F
2F-24,2026-10-19,2026-10-19T01:00,2026-10-19T01:30,TRANSFER,2F
2F-02,2026-10-18,2026-10-19T01:00,2026-10-19T01:30,TRANSFER,3F
2F-24,2026-10-19,2026-10-19T01:30,2026-10-19T02:00,TRANSFER,2F
2F-02,2026-10-18,2026-10-19T01:30,2026-10-19T02:00,TRANSFER,3F
2F-24,2026-10-19,2026-10-19T02:00,2026-10-19T02:30,TRANSFER,3F
2F-02,2026-10-18,2026-10-19T02:00,2026-10-19T02:30,TRANSFER,3F
2F-24,2026-10-19,2026-10-19T02:30,2026-10-19T03:00,TRANSFER,3F
2F-02,2026-10-18,2026-10-19T02:30,2026-10-19T03:00,TRANSFER,3F
2F-24,2026-10-19,2026-10-19T03:00,2026-10-19T03:30,TRANSFER,3F
2F-24,2026-10-19,2026-10-19T03:30,2026-10-19T04:00,TRANSFER,3F
1F-05,2026-10-19,2026-10-19T16:30,2026-10-19T17:30,BREAK,
1F-05,2026-10-19,2026-10-19T21:00,2026-10-19T23:00,BREAK,
1F-08,2026-10-19,2026-10-19T16:30,2026-10-19T17:30,BREAK,
1F-08,2026-10-19,2026-10-19T22:00,2026-10-20T00:00,BREAK,
2F-04,2026-10-19,2026-10-19T16:30,2026-10-19T17:30,BREAK,
2F-04,2026-10-19,2026-10-19T23:00,2026-10-20T01:00,BREAK,
2F-07,2026-10-19,2026-10-19T16:30,2026-10-19T17:30,BREAK,
2F-07,2026-10-19,2026-10-20T00:00,2026-10-20T02:00,BREAK,
3F-04,2026-10-19,2026-10-19T17:30,2026-10-19T18:30,BREAK,
3F-04,2026-10-19,2026-10-20T01:00,2026-10-20T03:00,BREAK,
3F-05,2026-10-19,2026-10-19T17:30,2026-10-19T18:30,BREAK,
3F-05,2026-10-19,2026-10-20T02:00,2026-10-20T04:00,BREAK,
1F-25,2026-10-19,2026-10-19T17:30,2026-10-19T18:30,BREAK,
1F-25,2026-10-19,2026-10-20T03:00,2026-10-20T05:00,BREAK,
1F-27,2026-10-19,2026-10-19T17:30,2026-10-19T18:30,BREAK,
1F-27,2026-10-19,2026-10-20T05:00,2026-10-20T07:00,BREAK,
1F-25,2026-10-19,2026-10-19T21:00,2026-10-19T21:30,TRANSFER,1F
1F-25,2026-10-19,2026-10-19T21:30,2026-10-19T22:00,TRANSFER,1F
1F-23,2026-10-19,2026-10-19T22:00,2026-10-19T22:30,TRANSFER,1F
1F-25,2026-10-19,2026-10-19T22:00,2026-10-19T22:30,TRANSFER,1F
1F-23,2026-10-19,2026-10-19T22:30,2026-10-19T23:00,TRANSFER,1F
1F-25,2026-10-19,2026-10-19T22:30,2026-10-19T23:00,TRANSFER,1F
1F-23,2026-10-19,2026-10-19T23:00,2026-10-19T23:30,TRANSFER,1F
1F-25,2026-10-19,2026-10-19T23:00,2026-10-19T23:30,TRANSFER,2F
1F-23,2026-10-19,2026-10-19T23:30,2026-10-20T00:00,TRANSFER,1F
1F-25,2026-10-19,2026-10-19T23:30,2026-10-20T00:00,TRANSFER,2F
1F-23,2026-10-19,2026-10-20T00:00,2026-10-20T00:30,TRANSFER,2F
1F-25,2026-10-19,2026-10-20T00:00,2026-10-20T00:30,TRANSFER,2F
1F-23,2026-10-19,2026-10-20T00:30,2026-10-20T01:00,TRANSFER,2F
1F-25,2026-10-19,2026-10-20T00:30,2026-10-20T01:00,TRANSFER,2F
2F-24,2026-10-20,2026-10-20T01:00,2026-10-20T01:30,TRANSFER,2F
1F-25,2026-10-19,2026-10-20T01:00,2026-10-20T01:30,TRANSFER,3F
2F-24,2026-10-20,2026-10-20T01:30,2026-10-20T02:00,TRANSFER,2F
1F-25,2026-10-19,2026-10-20T01:30,2026-10-20T02:00,TRANSFER,3F
2F-24,2026-10-20,2026-10-20T02:00,2026-10-20T02:30,TRANSFER,3F
1F-25,2026-10-19,2026-10-20T02:00,2026-10-20T02:30,TRANSFER,3F
2F-24,2026-10-20,2026-10-20T02:30,2026-10-20T03:00,TRANSFER,3F
1F-25,2026-10-19,2026-10-20T02:30,2026-10-20T03:00,TRANSFER,3F
2F-24,2026-10-20,2026-10-20T03:00,2026-10-20T03:30,TRANSFER,3F
2F-24,2026-10-20,2026-10-20T03:30,2026-10-20T04:00,TRANSFER,3F
1F-09,2026-10-20,2026-10-20T16:30,2026-10-20T17:30,BREAK,
1F-09,2026-10-20,2026-10-20T21:00,2026-10-20T23:00,BREAK,
1F-10,2026-10-20,2026-10-20T16:30,2026-10-20T17:30,BREAK,
1F-10,2026-10-20,2026-10-20T22:00,2026-10-21T00:00,BREAK,
2F-08,2026-10-20,2026-10-20T16:30,2026-10-20T17:30,BREAK,
2F-08,2026-10-20,2026-10-20T23:00,2026-10-21T01:00,BREAK,
2F-09,2026-10-20,2026-10-20T16:30,2026-10-20T17:30,BREAK,
2F-09,2026-10-20,2026-10-21T00:00,2026-10-21T02:00,BREAK,
3F-06,2026-10-20,2026-10-20T17:30,2026-10-20T18:30,BREAK,
3F-06,2026-10-20,2026-10-21T01:00,2026-10-21T03:00,BREAK,
3F-07,2026-10-20,2026-10-20T17:30,2026-10-20T18:30,BREAK,
3F-07,2026-10-20,2026-10-21T02:00,2026-10-21T04:00,BREAK,
3F-03,2026-10-20,2026-10-20T17:30,2026-10-20T18:30,BREAK,
3F-03,2026-10-20,2026-10-21T03:00,2026-10-21T05:00,BREAK,
1F-28,2026-10-20,2026-10-20T17:30,2026-10-20T18:30,BREAK,
1F-28,2026-10-20,2026-10-21T05:00,2026-10-21T07:00,BREAK,
3F-03,2026-10-20,2026-10-20T21:00,2026-10-20T21:30,TRANSFER,1F
3F-03,2026-10-20,2026-10-20T21:30,2026-10-20T22:00,TRANSFER,1F
1F-26,2026-10-20,2026-10-20T22:00,2026-10-20T22:30,TRANSFER,1F
3F-03,2026-10-20,2026-10-20T22:00,2026-10-20T22:30,TRANSFER,1F
1F-26,2026-10-20,2026-10-20T22:30,2026-10-20T23:00,TRANSFER,1F
3F-03,2026-10-20,2026-10-20T22:30,2026-10-20T23:00,TRANSFER,1F
1F-26,2026-10-20,2026-10-20T23:00,2026-10-20T23:30,TRANSFER,1F
3F-03,2026-10-20,2026-10-20T23:00,2026-10-20T23:30,TRANSFER,2F
1F-26,2026-10-20,2026-10-20T23:30,2026-10-21T00:00,TRANSFER,1F
3F-03,2026-10-20,2026-10-20T23:30,2026-10-21T00:00,TRANSFER,2F
1F-26,2026-10-20,2026-10-21T00:00,2026-10-21T00:30,TRANSFER,2F
3F-03,2026-10-20,2026-10-21T00:00,2026-10-21T00:30,TRANSFER,2F
1F-26,2026-10-20,2026-10-21T00:30,2026-10-21T01:00,TRANSFER,2F
3F-03,2026-10-20,2026-10-21T00:30,2026-10-21T01:00,TRANSFER,2F
2F-24,2026-10-21,2026-10-21T01:00,2026-10-21T01:30,TRANSFER,2F
3F-03,2026-10-20,2026-10-21T01:00,2026-10-21T01:30,TRANSFER,3F
2F-24,2026-10-21,2026-10-21T01:30,2026-10-21T02:00,TRANSFER,2F
3F-03,2026-10-20,2026-10-21T01:30,2026-10-21T02:00,TRANSFER,3F
2F-24,2026-10-21,2026-10-21T02:00,2026-10-21T02:30,TRANSFER,3F
3F-03,2026-10-20,2026-10-21T02:00,2026-10-21T02:30,TRANSFER,3F
2F-24,2026-10-21,2026-10-21T02:30,2026-10-21T03:00,TRANSFER,3F
3F-03,2026-10-20,2026-10-21T02:30,2026-10-21T03:00,TRANSFER,3F
2F-24,2026-10-21,2026-10-21T03:00,2026-10-21T03:30,TRANSFER,3F
2F-24,2026-10-21,2026-10-21T03:30,2026-10-21T04:00,TRANSFER,3F
1F-11,2026-10-21,2026-10-21T16:30,2026-10-21T17:30,BREAK,
1F-11,2026-10-21,2026-10-21T21:00,2026-10-21T23:00,BREAK,
1F-12,2026-10-21,2026-10-21T16:30,2026-10-21T17:30,BREAK,
1F-12,2026-10-21,2026-10-21T22:00,2026-10-22T00:00,BREAK,
2F-10,2026-10-21,2026-10-21T16:30,2026-10-21T17:30,BREAK,
2F-10,2026-10-21,2026-10-21T23:00,2026-10-22T01:00,BREAK,
2F-11,2026-10-21,2026-10-21T16:30,2026-10-21T17:30,BREAK,
2F-11,2026-10-21,2026-10-22T00:00,2026-10-22T02:00,BREAK,
3F-08,2026-10-21,2026-10-21T17:30,2026-10-21T18:30,BREAK,
3F-08,2026-10-21,2026-10-22T01:00,2026-10-22T03:00,BREAK,
3F-09,2026-10-21,2026-10-21T17:30,2026-10-21T18:30,BREAK,
3F-09,2026-10-21,2026-10-22T02:00,2026-10-22T04:00,BREAK,
1F-25,2026-10-21,2026-10-21T17:30,2026-10-21T18:30,BREAK,
1F-25,2026-10-21,2026-10-22T03:00,2026-10-22T05:00,BREAK,
1F-27,2026-10-21,2026-10-21T17:30,2026-10-21T18:30,BREAK,
1F-27,2026-10-21,2026-10-22T05:00,2026-10-22T07:00,BREAK,
1F-25,2026-10-21,2026-10-21T21:00,2026-10-21T21:30,TRANSFER,1F
1F-25,2026-10-21,2026-10-21T21:30,2026-10-21T22:00,TRANSFER,1F
1F-23,2026-10-21,2026-10-21T22:00,2026-10-21T22:30,TRANSFER,1F
1F-25,2026-10-21,2026-10-21T22:00,2026-10-21T22:30,TRANSFER,1F
1F-23,2026-10-21,2026-10-21T22:30,2026-10-21T23:00,TRANSFER,1F
1F-25,2026-10-21,2026-10-21T22:30,2026-10-21T23:00,TRANSFER,1F
1F-23,2026-10-21,2026-10-21T23:00,2026-10-21T23:30,TRANSFER,1F
1F-25,2026-10-21,2026-10-21T23:00,2026-10-21T23:30,TRANSFER,2F
1F-23,2026-10-21,2026-10-21T23:30,2026-10-22T00:00,TRANSFER,1F
1F-25,2026-10-21,2026-10-21T23:30,2026-10-22T00:00,TRANSFER,2F
1F-23,2026-10-21,2026-10-22T00:00,2026-10-22T00:30,TRANSFER,2F
1F-25,2026-10-21,2026-10-22T00:00,2026-10-22T00:30,TRANSFER,2F
1F-23,2026-10-21,2026-10-22T00:30,2026-10-22T01:00,TRANSFER,2F
1F-25,2026-10-21,2026-10-22T00:30,2026-10-22T01:00,TRANSFER,2F
1F-24,2026-10-22,2026-10-22T01:00,2026-10-22T01:30,TRANSFER,2F
1F-25,2026-10-21,2026-10-22T01:00,2026-10-22T01:30,TRANSFER,3F
1F-24,2026-10-22,2026-10-22T01:30,2026-10-22T02:00,TRANSFER,2F
1F-25,2026-10-21,2026-10-22T01:30,2026-10-22T02:00,TRANSFER,3F
1F-24,2026-10-22,2026-10-22T02:00,2026-10-22T02:30,TRANSFER,3F
1F-25,2026-10-21,2026-10-22T02:00,2026-10-22T02:30,TRANSFER,3F
1F-24,2026-10-22,2026-10-22T02:30,2026-10-22T03:00,TRANSFER,3F
1F-25,2026-10-21,2026-10-22T02:30,2026-10-22T03:00,TRANSFER,3F
1F-24,2026-10-22,2026-10-22T03:00,2026-10-22T03:30,TRANSFER,3F
1F-24,2026-10-22,2026-10-22T03:30,2026-10-22T04:00,TRANSFER,3F
1F-13,2026-10-22,2026-10-22T16:30,2026-10-22T17:30,BREAK,
1F-13,2026-10-22,2026-10-22T21:00,2026-10-22T23:00,BREAK,
1F-14,2026-10-22,2026-10-22T16:30,2026-10-22T17:30,BREAK,
1F-14,2026-10-22,2026-10-22T22:00,2026-10-23T00:00,BREAK,
2F-12,2026-10-22,2026-10-22T16:30,2026-10-22T17:30,BREAK,
2F-12,2026-10-22,2026-10-22T23:00,2026-10-23T01:00,BREAK,
2F-13,2026-10-22,2026-10-22T16:30,2026-10-22T17:30,BREAK,
2F-13,2026-10-22,2026-10-23T00:00,2026-10-23T02:00,BREAK,
3F-10,2026-10-22,2026-10-22T17:30,2026-10-22T18:30,BREAK,
3F-10,2026-10-22,2026-10-23T01:00,2026-10-23T03:00,BREAK,
3F-11,2026-10-22,2026-10-22T17:30,2026-10-22T18:30,BREAK,
3F-11,2026-10-22,2026-10-23T02:00,2026-10-23T04:00,BREAK,
1F-28,2026-10-22,2026-10-22T17:30,2026-10-22T18:30,BREAK,
1F-28,2026-10-22,2026-10-23T03:00,2026-10-23T05:00,BREAK,
1F-29,2026-10-22,2026-10-22T17:30,2026-10-22T18:30,BREAK,
1F-29,2026-10-22,2026-10-23T05:00,2026-10-23T07:00,BREAK,
1F-28,2026-10-22,2026-10-22T21:00,2026-10-22T21:30,TRANSFER,1F
1F-28,2026-10-22,2026-10-22T21:30,2026-10-22T22:00,TRANSFER,1F
1F-26,2026-10-22,2026-10-22T22:00,2026-10-22T22:30,TRANSFER,1F
1F-28,2026-10-22,2026-10-22T22:00,2026-10-22T22:30,TRANSFER,1F
1F-26,2026-10-22,2026-10-22T22:30,2026-10-22T23:00,TRANSFER,1F
1F-28,2026-10-22,2026-10-22T22:30,2026-10-22T23:00,TRANSFER,1F
1F-26,2026-10-22,2026-10-22T23:00,2026-10-22T23:30,TRANSFER,1F
1F-28,2026-10-22,2026-10-22T23:00,2026-10-22T23:30,TRANSFER,2F
1F-26,2026-10-22,2026-10-22T23:30,2026-10-23T00:00,TRANSFER,1F
1F-28,2026-10-22,2026-10-22T23:30,2026-10-23T00:00,TRANSFER,2F
1F-26,2026-10-22,2026-10-23T00:00,2026-10-23T00:30,TRANSFER,2F
1F-28,2026-10-22,2026-10-23T00:00,2026-10-23T00:30,TRANSFER,2F
1F-26,2026-10-22,2026-10-23T00:30,2026-10-23T01:00,TRANSFER,2F
1F-28,2026-10-22,2026-10-23T00:30,2026-10-23T01:00,TRANSFER,2F
3F-24,2026-10-23,2026-10-23T01:00,2026-10-23T01:30,TRANSFER,2F
1F-28,2026-10-22,2026-10-23T01:00,2026-10-23T01:30,TRANSFER,3F
3F-24,2026-10-23,2026-10-23T01:30,2026-10-23T02:00,TRANSFER,2F
1F-28,2026-10-22,2026-10-23T01:30,2026-10-23T02:00,TRANSFER,3F
3F-24,2026-10-23,2026-10-23T02:00,2026-10-23T02:30,TRANSFER,3F
1F-28,2026-10-22,2026-10-23T02:00,2026-10-23T02:30,TRANSFER,3F
3F-24,2026-10-23,2026-10-23T02:30,2026-10-23T03:00,TRANSFER,3F
1F-28,2026-10-22,2026-10-23T02:30,2026-10-23T03:00,TRANSFER,3F
3F-24,2026-10-23,2026-10-23T03:00,2026-10-23T03:30,TRANSFER,3F
3F-24,2026-10-23,2026-10-23T03:30,2026-10-23T04:00,TRANSFER,3F
1F-06,2026-10-23,2026-10-23T16:30,2026-10-23T17:30,BREAK,
1F-06,2026-10-23,2026-10-23T21:00,2026-10-23T23:00,BREAK,
1F-11,2026-10-23,2026-10-23T16:30,2026-10-23T17:30,BREAK,
1F-11,2026-10-23,2026-10-23T22:00,2026-10-24T00:00,BREAK,
2F-14,2026-10-23,2026-10-23T16:30,2026-10-23T17:30,BREAK,
2F-14,2026-10-23,2026-10-23T23:00,2026-10-24T01:00,BREAK,
2F-05,2026-10-23,2026-10-23T16:30,2026-10-23T17:30,BREAK,
2F-05,2026-10-23,2026-10-24T00:00,2026-10-24T02:00,BREAK,
3F-12,2026-10-23,2026-10-23T17:30,2026-10-23T18:30,BREAK,
3F-12,2026-10-23,2026-10-24T01:00,2026-10-24T03:00,BREAK,
3F-13,2026-10-23,2026-10-23T17:30,2026-10-23T18:30,BREAK,
3F-13,2026-10-23,2026-10-24T02:00,2026-10-24T04:00,BREAK,
1F-30,2026-10-23,2026-10-23T17:30,2026-10-23T18:30,BREAK,
1F-30,2026-10-23,2026-10-24T03:00,2026-10-24T05:00,BREAK,
1F-31,2026-10-23,2026-10-23T17:30,2026-10-23T18:30,BREAK,
1F-31,2026-10-23,2026-10-24T05:00,2026-10-24T07:00,BREAK,
1F-30,2026-10-23,2026-10-23T21:00,2026-10-23T21:30,TRANSFER,1F
1F-30,2026-10-23,2026-10-23T21:30,2026-10-23T22:00,TRANSFER,1F
1F-23,2026-10-23,2026-10-23T22:00,2026-10-23T22:30,TRANSFER,1F
1F-30,2026-10-23,2026-10-23T22:00,2026-10-23T22:30,TRANSFER,1F
1F-23,2026-10-23,2026-10-23T22:30,2026-10-23T23:00,TRANSFER,1F
1F-30,2026-10-23,2026-10-23T22:30,2026-10-23T23:00,TRANSFER,1F
1F-23,2026-10-23,2026-10-23T23:00,2026-10-23T23:30,TRANSFER,1F
1F-30,2026-10-23,2026-10-23T23:00,2026-10-23T23:30,TRANSFER,2F
1F-23,2026-10-23,2026-10-23T23:30,2026-10-24T00:00,TRANSFER,1F
1F-30,2026-10-23,2026-10-23T23:30,2026-10-24T00:00,TRANSFER,2F
1F-23,2026-10-23,2026-10-24T00:00,2026-10-24T00:30,TRANSFER,2F
1F-30,2026-10-23,2026-10-24T00:00,2026-10-24T00:30,TRANSFER,2F
1F-23,2026-10-23,2026-10-24T00:30,2026-10-24T01:00,TRANSFER,2F
1F-30,2026-10-23,2026-10-24T00:30,2026-10-24T01:00,TRANSFER,2F
1F-24,2026-10-24,2026-10-24T01:00,2026-10-24T01:30,TRANSFER,2F
1F-30,2026-10-23,2026-10-24T01:00,2026-10-24T01:30,TRANSFER,3F
1F-24,2026-10-24,2026-10-24T01:30,2026-10-24T02:00,TRANSFER,2F
1F-30,2026-10-23,2026-10-24T01:30,2026-10-24T02:00,TRANSFER,3F
1F-24,2026-10-24,2026-10-24T02:00,2026-10-24T02:30,TRANSFER,3F
1F-30,2026-10-23,2026-10-24T02:00,2026-10-24T02:30,TRANSFER,3F
1F-24,2026-10-24,2026-10-24T02:30,2026-10-24T03:00,TRANSFER,3F
1F-30,2026-10-23,2026-10-24T02:30,2026-10-24T03:00,TRANSFER,3F
1F-24,2026-10-24,2026-10-24T03:00,2026-10-24T03:30,TRANSFER,3F
1F-24,2026-10-24,2026-10-24T03:30,2026-10-24T04:00,TRANSFER,3F
1F-12,2026-10-24,2026-10-24T16:30,2026-10-24T17:30,BREAK,
1F-12,2026-10-24,2026-10-24T21:00,2026-10-24T23:00,BREAK,
1F-13,2026-10-24,2026-10-24T16:30,2026-10-24T17:30,BREAK,
1F-13,2026-10-24,2026-10-24T22:00,2026-10-25T00:00,BREAK,
2F-06,2026-10-24,2026-10-24T16:30,2026-10-24T17:30,BREAK,
2F-06,2026-10-24,2026-10-24T23:00,2026-10-25T01:00,BREAK,
2F-09,2026-10-24,2026-10-24T16:30,2026-10-24T17:30,BREAK,
2F-09,2026-10-24,2026-10-25T00:00,2026-10-25T02:00,BREAK,
3F-14,2026-10-24,2026-10-24T17:30,2026-10-24T18:30,BREAK,
3F-14,2026-10-24,2026-10-25T01:00,2026-10-25T03:00,BREAK,
3F-06,2026-10-24,2026-10-24T17:30,2026-10-24T18:30,BREAK,
3F-06,2026-10-24,2026-10-25T02:00,2026-10-25T04:00,BREAK,
1F-29,2026-10-24,2026-10-24T17:30,2026-10-24T18:30,BREAK,
1F-29,2026-10-24,2026-10-25T03:00,2026-10-25T05:00,BREAK,
1F-32,2026-10-24,2026-10-24T17:30,2026-10-24T18:30,BREAK,
1F-32,2026-10-24,2026-10-25T05:00,2026-10-25T07:00,BREAK,
1F-29,2026-10-24,2026-10-24T21:00,2026-10-24T21:30,TRANSFER,1F
1F-29,2026-10-24,2026-10-24T21:30,2026-10-24T22:00,TRANSFER,1F
1F-26,2026-10-24,2026-10-24T22:00,2026-10-24T22:30,TRANSFER,1F
1F-29,2026-10-24,2026-10-24T22:00,2026-10-24T22:30,TRANSFER,1F
1F-26,2026-10-24,2026-10-24T22:30,2026-10-24T23:00,TRANSFER,1F
1F-29,2026-10-24,2026-10-24T22:30,2026-10-24T23:00,TRANSFER,1F
1F-26,2026-10-24,2026-10-24T23:00,2026-10-24T23:30,TRANSFER,1F
1F-29,2026-10-24,2026-10-24T23:00,2026-10-24T23:30,TRANSFER,2F
1F-26,2026-10-24,2026-10-24T23:30,2026-10-25T00:00,TRANSFER,1F
1F-29,2026-10-24,2026-10-24T23:30,2026-10-25T00:00,TRANSFER,2F
1F-26,2026-10-24,2026-10-25T00:00,2026-10-25T00:30,TRANSFER,2F
1F-29,2026-10-24,2026-10-25T00:00,2026-10-25T00:30,TRANSFER,2F
1F-26,2026-10-24,2026-10-25T00:30,2026-10-25T01:00,TRANSFER,2F
1F-29,2026-10-24,2026-10-25T00:30,2026-10-25T01:00,TRANSFER,2F
3F-24,2026-10-25,2026-10-25T01:00,2026-10-25T01:30,TRANSFER,2F
1F-29,2026-10-24,2026-10-25T01:00,2026-10-25T01:30,TRANSFER,3F
3F-24,2026-10-25,2026-10-25T01:30,2026-10-25T02:00,TRANSFER,2F
1F-29,2026-10-24,2026-10-25T01:30,2026-10-25T02:00,TRANSFER,3F
3F-24,2026-10-25,2026-10-25T02:00,2026-10-25T02:30,TRANSFER,3F
1F-29,2026-10-24,2026-10-25T02:00,2026-10-25T02:30,TRANSFER,3F
3F-24,2026-10-25,2026-10-25T02:30,2026-10-25T03:00,TRANSFER,3F
1F-29,2026-10-24,2026-10-25T02:30,2026-10-25T03:00,TRANSFER,3F
3F-24,2026-10-25,2026-10-25T03:00,2026-10-25T03:30,TRANSFER,3F
3F-24,2026-10-25,2026-10-25T03:30,2026-10-25T04:00,TRANSFER,3F
1F-14,2026-10-25,2026-10-25T16:30,2026-10-25T17:30,BREAK,
1F-14,2026-10-25,2026-10-25T21:00,2026-10-25T23:00,BREAK,
1F-30,2026-10-25,2026-10-25T16:30,2026-10-25T17:30,BREAK,
1F-30,2026-10-25,2026-10-25T22:00,2026-10-26T00:00,BREAK,
2F-10,2026-10-25,2026-10-25T16:30,2026-10-25T17:30,BREAK,
2F-10,2026-10-25,2026-10-25T23:00,2026-10-26T01:00,BREAK,
2F-11,2026-10-25,2026-10-25T16:30,2026-10-25T17:30,BREAK,
2F-11,2026-10-25,2026-10-26T00:00,2026-10-26T02:00,BREAK,
3F-07,2026-10-25,2026-10-25T17:30,2026-10-25T18:30,BREAK,
3F-07,2026-10-25,2026-10-26T01:00,2026-10-26T03:00,BREAK,
3F-08,2026-10-25,2026-10-25T17:30,2026-10-25T18:30,BREAK,
3F-08,2026-10-25,2026-10-26T02:00,2026-10-26T04:00,BREAK,
1F-31,2026-10-25,2026-10-25T17:30,2026-10-25T18:30,BREAK,
1F-31,2026-10-25,2026-10-26T03:00,2026-10-26T05:00,BREAK,
1F-33,2026-10-25,2026-10-25T17:30,2026-10-25T18:30,BREAK,
1F-33,2026-10-25,2026-10-26T05:00,2026-10-26T07:00,BREAK,
1F-31,2026-10-25,2026-10-25T21:00,2026-10-25T21:30,TRANSFER,1F
1F-31,2026-10-25,2026-10-25T21:30,2026-10-25T22:00,TRANSFER,1F
1F-25,2026-10-25,2026-10-25T22:00,2026-10-25T22:30,TRANSFER,1F
1F-31,2026-10-25,2026-10-25T22:00,2026-10-25T22:30,TRANSFER,1F
1F-25,2026-10-25,2026-10-25T22:30,2026-10-25T23:00,TRANSFER,1F
1F-31,2026-10-25,2026-10-25T22:30,2026-10-25T23:00,TRANSFER,1F
1F-25,2026-10-25,2026-10-25T23:00,2026-10-25T23:30,TRANSFER,1F
1F-31,2026-10-25,2026-10-25T23:00,2026-10-25T23:30,TRANSFER,2F
1F-25,2026-10-25,2026-10-25T23:30,2026-10-26T00:00,TRANSFER,1F
1F-31,2026-10-25,2026-10-25T23:30,2026-10-26T00:00,TRANSFER,2F
1F-25,2026-10-25,2026-10-26T00:00,2026-10-26T00:30,TRANSFER,2F
1F-31,2026-10-25,2026-10-26T00:00,2026-10-26T00:30,TRANSFER,2F
1F-25,2026-10-25,2026-10-26T00:30,2026-10-26T01:00,TRANSFER,2F
1F-31,2026-10-25,2026-10-26T00:30,2026-10-26T01:00,TRANSFER,2F
2F-24,2026-10-26,2026-10-26T01:00,2026-10-26T01:30,TRANSFER,2F
1F-31,2026-10-25,2026-10-26T01:00,2026-10-26T01:30,TRANSFER,3F
2F-24,2026-10-26,2026-10-26T01:30,2026-10-26T02:00,TRANSFER,2F
1F-31,2026-10-25,2026-10-26T01:30,2026-10-26T02:00,TRANSFER,3F
2F-24,2026-10-26,2026-10-26T02:00,2026-10-26T02:30,TRANSFER,3F
1F-31,2026-10-25,2026-10-26T02:00,2026-10-26T02:30,TRANSFER,3F
2F-24,2026-10-26,2026-10-26T02:30,2026-10-26T03:00,TRANSFER,3F
1F-31,2026-10-25,2026-10-26T02:30,2026-10-26T03:00,TRANSFER,3F
2F-24,2026-10-26,2026-10-26T03:00,2026-10-26T03:30,TRANSFER,3F
2F-24,2026-10-26,2026-10-26T03:30,2026-10-26T04:00,TRANSFER,3F
1F-13,2026-10-26,2026-10-26T16:30,2026-10-26T17:30,BREAK,
1F-13,2026-10-26,2026-10-26T21:00,2026-10-26T23:00,BREAK,
1F-27,2026-10-26,2026-10-26T16:30,2026-10-26T17:30,BREAK,
1F-27,2026-10-26,2026-10-26T22:00,2026-10-27T00:00,BREAK,
2F-06,2026-10-26,2026-10-26T16:30,2026-10-26T17:30,BREAK,
2F-06,2026-10-26,2026-10-26T23:00,2026-10-27T01:00,BREAK,
2F-09,2026-10-26,2026-10-26T16:30,2026-10-26T17:30,BREAK,
2F-09,2026-10-26,2026-10-27T00:00,2026-10-27T02:00,BREAK,
3F-09,2026-10-26,2026-10-26T17:30,2026-10-26T18:30,BREAK,
3F-09,2026-10-26,2026-10-27T01:00,2026-10-27T03:00,BREAK,
3F-10,2026-10-26,2026-10-26T17:30,2026-10-26T18:30,BREAK,
3F-10,2026-10-26,2026-10-27T02:00,2026-10-27T04:00,BREAK,
1F-28,2026-10-26,2026-10-26T17:30,2026-10-26T18:30,BREAK,
1F-28,2026-10-26,2026-10-27T03:00,2026-10-27T05:00,BREAK,
1F-29,2026-10-26,2026-10-26T17:30,2026-10-26T18:30,BREAK,
1F-29,2026-10-26,2026-10-27T05:00,2026-10-27T07:00,BREAK,
1F-28,2026-10-26,2026-10-26T21:00,2026-10-26T21:30,TRANSFER,1F
1F-28,2026-10-26,2026-10-26T21:30,2026-10-26T22:00,TRANSFER,1F
1F-23,2026-10-26,2026-10-26T22:00,2026-10-26T22:30,TRANSFER,1F
1F-28,2026-10-26,2026-10-26T22:00,2026-10-26T22:30,TRANSFER,1F
1F-23,2026-10-26,2026-10-26T22:30,2026-10-26T23:00,TRANSFER,1F
1F-28,2026-10-26,2026-10-26T22:30,2026-10-26T23:00,TRANSFER,1F
1F-23,2026-10-26,2026-10-26T23:00,2026-10-26T23:30,TRANSFER,1F
1F-28,2026-10-26,2026-10-26T23:00,2026-10-26T23:30,TRANSFER,2F
1F-23,2026-10-26,2026-10-26T23:30,2026-10-27T00:00,TRANSFER,1F
1F-28,2026-10-26,2026-10-26T23:30,2026-10-27T00:00,TRANSFER,2F
1F-23,2026-10-26,2026-10-27T00:00,2026-10-27T00:30,TRANSFER,2F
1F-28,2026-10-26,2026-10-27T00:00,2026-10-27T00:30,TRANSFER,2F
1F-23,2026-10-26,2026-10-27T00:30,2026-10-27T01:00,TRANSFER,2F
1F-28,2026-10-26,2026-10-27T00:30,2026-10-27T01:00,TRANSFER,2F
2F-24,2026-10-27,2026-10-27T01:00,2026-10-27T01:30,TRANSFER,2F
1F-28,2026-10-26,2026-10-27T01:00,2026-10-27T01:30,TRANSFER,3F
2F-24,2026-10-27,2026-10-27T01:30,2026-10-27T02:00,TRANSFER,2F
1F-28,2026-10-26,2026-10-27T01:30,2026-10-27T02:00,TRANSFER,3F
2F-24,2026-10-27,2026-10-27T02:00,2026-10-27T02:30,TRANSFER,3F
1F-28,2026-10-26,2026-10-27T02:00,2026-10-27T02:30,TRANSFER,3F
2F-24,2026-10-27,2026-10-27T02:30,2026-10-27T03:00,TRANSFER,3F
1F-28,2026-10-26,2026-10-27T02:30,2026-10-27T03:00,TRANSFER,3F
2F-24,2026-10-27,2026-10-27T03:00,2026-10-27T03:30,TRANSFER,3F
2F-24,2026-10-27,2026-10-27T03:30,2026-10-27T04:00,TRANSFER,3F
1F-32,2026-10-27,2026-10-27T16:30,2026-10-27T17:30,BREAK,
1F-32,2026-10-27,2026-10-27T21:00,2026-10-27T23:00,BREAK,
1F-14,2026-10-27,2026-10-27T16:30,2026-10-27T17:30,BREAK,
1F-14,2026-10-27,2026-10-27T22:00,2026-10-28T00:00,BREAK,
2F-12,2026-10-27,2026-10-27T16:30,2026-10-27T17:30,BREAK,
2F-12,2026-10-27,2026-10-27T23:00,2026-10-28T01:00,BREAK,
2F-13,2026-10-27,2026-10-27T16:30,2026-10-27T17:30,BREAK,
2F-13,2026-10-27,2026-10-28T00:00,2026-10-28T02:00,BREAK,
3F-11,2026-10-27,2026-10-27T17:30,2026-10-27T18:30,BREAK,
3F-11,2026-10-27,2026-10-28T01:00,2026-10-28T03:00,BREAK,
3F-12,2026-10-27,2026-10-27T17:30,2026-10-27T18:30,BREAK,
3F-12,2026-10-27,2026-10-28T02:00,2026-10-28T04:00,BREAK,
1F-30,2026-10-27,2026-10-27T17:30,2026-10-27T18:30,BREAK,
1F-30,2026-10-27,2026-10-28T03:00,2026-10-28T05:00,BREAK,
1F-31,2026-10-27,2026-10-27T17:30,2026-10-27T18:30,BREAK,
1F-31,2026-10-27,2026-10-28T05:00,2026-10-28T07:00,BREAK,
1F-30,2026-10-27,2026-10-27T21:00,2026-10-27T21:30,TRANSFER,1F
1F-30,2026-10-27,2026-10-27T21:30,2026-10-27T22:00,TRANSFER,1F
1F-26,2026-10-27,2026-10-27T22:00,2026-10-27T22:30,TRANSFER,1F
1F-30,2026-10-27,2026-10-27T22:00,2026-10-27T22:30,TRANSFER,1F
1F-26,2026-10-27,2026-10-27T22:30,2026-10-27T23:00,TRANSFER,1F
1F-30,2026-10-27,2026-10-27T22:30,2026-10-27T23:00,TRANSFER,1F
1F-26,2026-10-27,2026-10-27T23:00,2026-10-27T23:30,TRANSFER,1F
1F-30,2026-10-27,2026-10-27T23:00,2026-10-27T23:30,TRANSFER,2F
1F-26,2026-10-27,2026-10-27T23:30,2026-10-28T00:00,TRANSFER,1F
1F-30,2026-10-27,2026-10-27T23:30,2026-10-28T00:00,TRANSFER,2F
1F-26,2026-10-27,2026-10-28T00:00,2026-10-28T00:30,TRANSFER,2F
1F-30,2026-10-27,2026-10-28T00:00,2026-10-28T00:30,TRANSFER,2F
1F-26,2026-10-27,2026-10-28T00:30,2026-10-28T01:00,TRANSFER,2F
1F-30,2026-10-27,2026-10-28T00:30,2026-10-28T01:00,TRANSFER,2F
2F-24,2026-10-28,2026-10-28T01:00,2026-10-28T01:30,TRANSFER,2F
1F-30,2026-10-27,2026-10-28T01:00,2026-10-28T01:30,TRANSFER,3F
2F-24,2026-10-28,2026-10-28T01:30,2026-10-28T02:00,TRANSFER,2F
1F-30,2026-10-27,2026-10-28T01:30,2026-10-28T02:00,TRANSFER,3F
2F-24,2026-10-28,2026-10-28T02:00,2026-10-28T02:30,TRANSFER,3F
1F-30,2026-10-27,2026-10-28T02:00,2026-10-28T02:30,TRANSFER,3F
2F-24,2026-10-28,2026-10-28T02:30,2026-10-28T03:00,TRANSFER,3F
1F-30,2026-10-27,2026-10-28T02:30,2026-10-28T03:00,TRANSFER,3F
2F-24,2026-10-28,2026-10-28T03:00,2026-10-28T03:30,TRANSFER,3F
2F-24,2026-10-28,2026-10-28T03:30,2026-10-28T04:00,TRANSFER,3F
1F-33,2026-10-28,2026-10-28T16:30,2026-10-28T17:30,BREAK,
1F-33,2026-10-28,2026-10-28T21:00,2026-10-28T23:00,BREAK,
1F-27,2026-10-28,2026-10-28T16:30,2026-10-28T17:30,BREAK,
1F-27,2026-10-28,2026-10-28T22:00,2026-10-29T00:00,BREAK,
2F-14,2026-10-28,2026-10-28T16:30,2026-10-28T17:30,BREAK,
2F-14,2026-10-28,2026-10-28T23:00,2026-10-29T01:00,BREAK,
2F-10,2026-10-28,2026-10-28T16:30,2026-10-28T17:30,BREAK,
2F-10,2026-10-28,2026-10-29T00:00,2026-10-29T02:00,BREAK,
3F-13,2026-10-28,2026-10-28T17:30,2026-10-28T18:30,BREAK,
3F-13,2026-10-28,2026-10-29T01:00,2026-10-29T03:00,BREAK,
3F-14,2026-10-28,2026-10-28T17:30,2026-10-28T18:30,BREAK,
3F-14,2026-10-28,2026-10-29T02:00,2026-10-29T04:00,BREAK,
1F-28,2026-10-28,2026-10-28T17:30,2026-10-28T18:30,BREAK,
1F-28,2026-10-28,2026-10-29T03:00,2026-10-29T05:00,BREAK,
1F-29,2026-10-28,2026-10-28T17:30,2026-10-28T18:30,BREAK,
1F-29,2026-10-28,2026-10-29T05:00,2026-10-29T07:00,BREAK,
1F-28,2026-10-28,2026-10-28T21:00,2026-10-28T21:30,TRANSFER,1F
1F-28,2026-10-28,2026-10-28T21:30,2026-10-28T22:00,TRANSFER,1F
1F-25,2026-10-28,2026-10-28T22:00,2026-10-28T22:30,TRANSFER,1F
1F-28,2026-10-28,2026-10-28T22:00,2026-10-28T22:30,TRANSFER,1F
1F-25,2026-10-28,2026-10-28T22:30,2026-10-28T23:00,TRANSFER,1F
1F-28,2026-10-28,2026-10-28T22:30,2026-10-28T23:00,TRANSFER,1F
1F-25,2026-10-28,2026-10-28T23:00,2026-10-28T23:30,TRANSFER,1F
1F-28,2026-10-28,2026-10-28T23:00,2026-10-28T23:30,TRANSFER,2F
1F-25,2026-10-28,2026-10-28T23:30,2026-10-29T00:00,TRANSFER,1F
1F-28,2026-10-28,2026-10-28T23:30,2026-10-29T00:00,TRANSFER,2F
1F-25,2026-10-28,2026-10-29T00:00,2026-10-29T00:30,TRANSFER,2F
1F-28,2026-10-28,2026-10-29T00:00,2026-10-29T00:30,TRANSFER,2F
1F-25,2026-10-28,2026-10-29T00:30,2026-10-29T01:00,TRANSFER,2F
1F-28,2026-10-28,2026-10-29T00:30,2026-10-29T01:00,TRANSFER,2F
1F-24,2026-10-29,2026-10-29T01:00,2026-10-29T01:30,TRANSFER,2F
1F-28,2026-10-28,2026-10-29T01:00,2026-10-29T01:30,TRANSFER,3F
1F-24,2026-10-29,2026-10-29T01:30,2026-10-29T02:00,TRANSFER,2F
1F-28,2026-10-28,2026-10-29T01:30,2026-10-29T02:00,TRANSFER,3F
1F-24,2026-10-29,2026-10-29T02:00,2026-10-29T02:30,TRANSFER,3F
1F-28,2026-10-28,2026-10-29T02:00,2026-10-29T02:30,TRANSFER,3F
1F-24,2026-10-29,2026-10-29T02:30,2026-10-29T03:00,TRANSFER,3F
1F-28,2026-10-28,2026-10-29T02:30,2026-10-29T03:00,TRANSFER,3F
1F-24,2026-10-29,2026-10-29T03:00,2026-10-29T03:30,TRANSFER,3F
1F-24,2026-10-29,2026-10-29T03:30,2026-10-29T04:00,TRANSFER,3F
1F-32,2026-10-29,2026-10-29T16:30,2026-10-29T17:30,BREAK,
1F-32,2026-10-29,2026-10-29T21:00,2026-10-29T23:00,BREAK,
1F-34,2026-10-29,2026-10-29T16:30,2026-10-29T17:30,BREAK,
1F-34,2026-10-29,2026-10-29T22:00,2026-10-30T00:00,BREAK,
2F-11,2026-10-29,2026-10-29T16:30,2026-10-29T17:30,BREAK,
2F-11,2026-10-29,2026-10-29T23:00,2026-10-30T01:00,BREAK,
2F-12,2026-10-29,2026-10-29T16:30,2026-10-29T17:30,BREAK,
2F-12,2026-10-29,2026-10-30T00:00,2026-10-30T02:00,BREAK,
3F-09,2026-10-29,2026-10-29T17:30,2026-10-29T18:30,BREAK,
3F-09,2026-10-29,2026-10-30T01:00,2026-10-30T03:00,BREAK,
3F-10,2026-10-29,2026-10-29T17:30,2026-10-29T18:30,BREAK,
3F-10,2026-10-29,2026-10-30T02:00,2026-10-30T04:00,BREAK,
1F-35,2026-10-29,2026-10-29T17:30,2026-10-29T18:30,BREAK,
1F-35,2026-10-29,2026-10-30T03:00,2026-10-30T05:00,BREAK,
1F-36,2026-10-29,2026-10-29T17:30,2026-10-29T18:30,BREAK,
1F-36,2026-10-29,2026-10-30T05:00,2026-10-30T07:00,BREAK,
1F-35,2026-10-29,2026-10-29T21:00,2026-10-29T21:30,TRANSFER,1F
1F-35,2026-10-29,2026-10-29T21:30,2026-10-29T22:00,TRANSFER,1F
1F-23,2026-10-29,2026-10-29T22:00,2026-10-29T22:30,TRANSFER,1F
1F-35,2026-10-29,2026-10-29T22:00,2026-10-29T22:30,TRANSFER,1F
1F-23,2026-10-29,2026-10-29T22:30,2026-10-29T23:00,TRANSFER,1F
1F-35,2026-10-29,2026-10-29T22:30,2026-10-29T23:00,TRANSFER,1F
1F-23,2026-10-29,2026-10-29T23:00,2026-10-29T23:30,TRANSFER,1F
1F-35,2026-10-29,2026-10-29T23:00,2026-10-29T23:30,TRANSFER,2F
1F-23,2026-10-29,2026-10-29T23:30,2026-10-30T00:00,TRANSFER,1F
1F-35,2026-10-29,2026-10-29T23:30,2026-10-30T00:00,TRANSFER,2F
1F-23,2026-10-29,2026-10-30T00:00,2026-10-30T00:30,TRANSFER,2F
1F-35,2026-10-29,2026-10-30T00:00,2026-10-30T00:30,TRANSFER,2F
1F-23,2026-10-29,2026-10-30T00:30,2026-10-30T01:00,TRANSFER,2F
1F-35,2026-10-29,2026-10-30T00:30,2026-10-30T01:00,TRANSFER,2F
3F-24,2026-10-30,2026-10-30T01:00,2026-10-30T01:30,TRANSFER,2F
1F-35,2026-10-29,2026-10-30T01:00,2026-10-30T01:30,TRANSFER,3F
3F-24,2026-10-30,2026-10-30T01:30,2026-10-30T02:00,TRANSFER,2F
1F-35,2026-10-29,2026-10-30T01:30,2026-10-30T02:00,TRANSFER,3F
3F-24,2026-10-30,2026-10-30T02:00,2026-10-30T02:30,TRANSFER,3F
1F-35,2026-10-29,2026-10-30T02:00,2026-10-30T02:30,TRANSFER,3F
3F-24,2026-10-30,2026-10-30T02:30,2026-10-30T03:00,TRANSFER,3F
1F-35,2026-10-29,2026-10-30T02:30,2026-10-30T03:00,TRANSFER,3F
3F-24,2026-10-30,2026-10-30T03:00,2026-10-30T03:30,TRANSFER,3F
3F-24,2026-10-30,2026-10-30T03:30,2026-10-30T04:00,TRANSFER,3F
1F-37,2026-10-30,2026-10-30T16:30,2026-10-30T17:30,BREAK,
1F-37,2026-10-30,2026-10-30T21:00,2026-10-30T23:00,BREAK,
1F-38,2026-10-30,2026-10-30T16:30,2026-10-30T17:30,BREAK,
1F-38,2026-10-30,2026-10-30T22:00,2026-10-31T00:00,BREAK,
2F-13,2026-10-30,2026-10-30T16:30,2026-10-30T17:30,BREAK,
2F-13,2026-10-30,2026-10-30T23:00,2026-10-31T01:00,BREAK,
2F-14,2026-10-30,2026-10-30T16:30,2026-10-30T17:30,BREAK,
2F-14,2026-10-30,2026-10-31T00:00,2026-10-31T02:00,BREAK,
3F-11,2026-10-30,2026-10-30T17:30,2026-10-30T18:30,BREAK,
3F-11,2026-10-30,2026-10-31T01:00,2026-10-31T03:00,BREAK,
3F-12,2026-10-30,2026-10-30T17:30,2026-10-30T18:30,BREAK,
3F-12,2026-10-30,2026-10-31T02:00,2026-10-31T04:00,BREAK,
1F-39,2026-10-30,2026-10-30T17:30,2026-10-30T18:30,BREAK,
1F-39,2026-10-30,2026-10-31T03:00,2026-10-31T05:00,BREAK,
1F-40,2026-10-30,2026-10-30T17:30,2026-10-30T18:30,BREAK,
1F-40,2026-10-30,2026-10-31T05:00,2026-10-31T07:00,BREAK,
1F-39,2026-10-30,2026-10-30T21:00,2026-10-30T21:30,TRANSFER,1F
1F-39,2026-10-30,2026-10-30T21:30,2026-10-30T22:00,TRANSFER,1F
1F-26,2026-10-30,2026-10-30T22:00,2026-10-30T22:30,TRANSFER,1F
1F-39,2026-10-30,2026-10-30T22:00,2026-10-30T22:30,TRANSFER,1F
1F-26,2026-10-30,2026-10-30T22:30,2026-10-30T23:00,TRANSFER,1F
1F-39,2026-10-30,2026-10-30T22:30,2026-10-30T23:00,TRANSFER,1F
1F-26,2026-10-30,2026-10-30T23:00,2026-10-30T23:30,TRANSFER,1F
1F-39,2026-10-30,2026-10-30T23:00,2026-10-30T23:30,TRANSFER,2F
1F-26,2026-10-30,2026-10-30T23:30,2026-10-31T00:00,TRANSFER,1F
1F-39,2026-10-30,2026-10-30T23:30,2026-10-31T00:00,TRANSFER,2F
1F-26,2026-10-30,2026-10-31T00:00,2026-10-31T00:30,TRANSFER,2F
1F-39,2026-10-30,2026-10-31T00:00,2026-10-31T00:30,TRANSFER,2F
1F-26,2026-10-30,2026-10-31T00:30,2026-10-31T01:00,TRANSFER,2F
1F-39,2026-10-30,2026-10-31T00:30,2026-10-31T01:00,TRANSFER,2F
1F-24,2026-10-31,2026-10-31T01:00,2026-10-31T01:30,TRANSFER,2F
1F-39,2026-10-30,2026-10-31T01:00,2026-10-31T01:30,TRANSFER,3F
1F-24,2026-10-31,2026-10-31T01:30,2026-10-31T02:00,TRANSFER,2F
1F-39,2026-10-30,2026-10-31T01:30,2026-10-31T02:00,TRANSFER,3F
1F-24,2026-10-31,2026-10-31T02:00,2026-10-31T02:30,TRANSFER,3F
1F-39,2026-10-30,2026-10-31T02:00,2026-10-31T02:30,TRANSFER,3F
1F-24,2026-10-31,2026-10-31T02:30,2026-10-31T03:00,TRANSFER,3F
1F-39,2026-10-30,2026-10-31T02:30,2026-10-31T03:00,TRANSFER,3F
1F-24,2026-10-31,2026-10-31T03:00,2026-10-31T03:30,TRANSFER,3F
1F-24,2026-10-31,2026-10-31T03:30,2026-10-31T04:00,TRANSFER,3F
1F-34,2026-10-31,2026-10-31T16:30,2026-10-31T17:30,BREAK,
1F-34,2026-10-31,2026-10-31T21:00,2026-10-31T23:00,BREAK,
1F-35,2026-10-31,2026-10-31T16:30,2026-10-31T17:30,BREAK,
1F-35,2026-10-31,2026-10-31T22:00,2026-11-01T00:00,BREAK,
1F-36,2026-10-31,2026-10-31T16:30,2026-10-31T17:30,BREAK,
1F-36,2026-10-31,2026-10-31T23:00,2026-11-01T01:00,BREAK,
2F-25,2026-10-31,2026-10-31T16:30,2026-10-31T17:30,BREAK,
2F-25,2026-10-31,2026-11-01T00:00,2026-11-01T02:00,BREAK,
3F-13,2026-10-31,2026-10-31T17:30,2026-10-31T18:30,BREAK,
3F-13,2026-10-31,2026-11-01T01:00,2026-11-01T03:00,BREAK,
3F-14,2026-10-31,2026-10-31T17:30,2026-10-31T18:30,BREAK,
3F-14,2026-10-31,2026-11-01T02:00,2026-11-01T04:00,BREAK,
1F-41,2026-10-31,2026-10-31T17:30,2026-10-31T18:30,BREAK,
1F-41,2026-10-31,2026-11-01T03:00,2026-11-01T05:00,BREAK,
1F-42,2026-10-31,2026-10-31T17:30,2026-10-31T18:30,BREAK,
1F-42,2026-10-31,2026-11-01T05:00,2026-11-01T07:00,BREAK,
1F-41,2026-10-31,2026-10-31T21:00,2026-10-31T21:30,TRANSFER,1F
1F-41,2026-10-31,2026-10-31T21:30,2026-10-31T22:00,TRANSFER,1F
1F-25,2026-10-31,2026-10-31T22:00,2026-10-31T22:30,TRANSFER,1F
1F-41,2026-10-31,2026-10-31T22:00,2026-10-31T22:30,TRANSFER,1F
1F-25,2026-10-31,2026-10-31T22:30,2026-10-31T23:00,TRANSFER,1F
1F-41,2026-10-31,2026-10-31T22:30,2026-10-31T23:00,TRANSFER,1F
1F-25,2026-10-31,2026-10-31T23:00,2026-10-31T23:30,TRANSFER,1F
1F-41,2026-10-31,2026-10-31T23:00,2026-10-31T23:30,TRANSFER,2F
1F-25,2026-10-31,2026-10-31T23:30,2026-11-01T00:00,TRANSFER,1F
1F-41,2026-10-31,2026-10-31T23:30,2026-11-01T00:00,TRANSFER,2F
1F-25,2026-10-31,2026-11-01T00:00,2026-11-01T00:30,TRANSFER,2F
1F-41,2026-10-31,2026-11-01T00:00,2026-11-01T00:30,TRANSFER,2F
1F-25,2026-10-31,2026-11-01T00:30,2026-11-01T01:00,TRANSFER,2F
1F-41,2026-10-31,2026-11-01T00:30,2026-11-01T01:00,TRANSFER,2F
3F-24,2026-11-01,2026-11-01T01:00,2026-11-01T01:30,TRANSFER,2F
1F-41,2026-10-31,2026-11-01T01:00,2026-11-01T01:30,TRANSFER,3F
3F-24,2026-11-01,2026-11-01T01:30,2026-11-01T02:00,TRANSFER,2F
1F-41,2026-10-31,2026-11-01T01:30,2026-11-01T02:00,TRANSFER,3F
3F-24,2026-11-01,2026-11-01T02:00,2026-11-01T02:30,TRANSFER,3F
1F-41,2026-10-31,2026-11-01T02:00,2026-11-01T02:30,TRANSFER,3F
3F-24,2026-11-01,2026-11-01T02:30,2026-11-01T03:00,TRANSFER,3F
1F-41,2026-10-31,2026-11-01T02:30,2026-11-01T03:00,TRANSFER,3F
3F-24,2026-11-01,2026-11-01T03:00,2026-11-01T03:30,TRANSFER,3F
3F-24,2026-11-01,2026-11-01T03:30,2026-11-01T04:00,TRANSFER,3F
1F-37,2026-11-01,2026-11-01T16:30,2026-11-01T17:30,BREAK,
1F-37,2026-11-01,2026-11-01T21:00,2026-11-01T23:00,BREAK,
1F-38,2026-11-01,2026-11-01T16:30,2026-11-01T17:30,BREAK,
1F-38,2026-11-01,2026-11-01T22:00,2026-11-02T00:00,BREAK,
1F-39,2026-11-01,2026-11-01T16:30,2026-11-01T17:30,BREAK,
1F-39,2026-11-01,2026-11-01T23:00,2026-11-02T01:00,BREAK,
1F-40,2026-11-01,2026-11-01T16:30,2026-11-01T17:30,BREAK,
1F-40,2026-11-01,2026-11-02T00:00,2026-11-02T02:00,BREAK,
1F-30,2026-11-01,2026-11-01T17:30,2026-11-01T18:30,BREAK,
1F-30,2026-11-01,2026-11-02T01:00,2026-11-02T03:00,BREAK,
1F-31,2026-11-01,2026-11-01T17:30,2026-11-01T18:30,BREAK,
1F-31,2026-11-01,2026-11-02T02:00,2026-11-02T04:00,BREAK,
1F-33,2026-11-01,2026-11-01T17:30,2026-11-01T18:30,BREAK,
1F-33,2026-11-01,2026-11-02T03:00,2026-11-02T05:00,BREAK,
1F-43,2026-11-01,2026-11-01T17:30,2026-11-01T18:30,BREAK,
1F-43,2026-11-01,2026-11-02T05:00,2026-11-02T07:00,BREAK,
1F-33,2026-11-01,2026-11-01T21:00,2026-11-01T21:30,TRANSFER,1F
1F-33,2026-11-01,2026-11-01T21:30,2026-11-01T22:00,TRANSFER,1F
1F-23,2026-11-01,2026-11-01T22:00,2026-11-01T22:30,TRANSFER,1F
1F-33,2026-11-01,2026-11-01T22:00,2026-11-01T22:30,TRANSFER,1F
1F-23,2026-11-01,2026-11-01T22:30,2026-11-01T23:00,TRANSFER,1F
1F-33,2026-11-01,2026-11-01T22:30,2026-11-01T23:00,TRANSFER,1F
1F-23,2026-11-01,2026-11-01T23:00,2026-11-01T23:30,TRANSFER,1F
1F-33,2026-11-01,2026-11-01T23:00,2026-11-01T23:30,TRANSFER,2F
1F-23,2026-11-01,2026-11-01T23:30,2026-11-02T00:00,TRANSFER,1F
1F-33,2026-11-01,2026-11-01T23:30,2026-11-02T00:00,TRANSFER,2F
1F-23,2026-11-01,2026-11-02T00:00,2026-11-02T00:30,TRANSFER,2F
1F-33,2026-11-01,2026-11-02T00:00,2026-11-02T00:30,TRANSFER,2F
1F-23,2026-11-01,2026-11-02T00:30,2026-11-02T01:00,TRANSFER,2F
1F-33,2026-11-01,2026-11-02T00:30,2026-11-02T01:00,TRANSFER,2F
2F-24,2026-11-02,2026-11-02T01:00,2026-11-02T01:30,TRANSFER,2F
1F-33,2026-11-01,2026-11-02T01:00,2026-11-02T01:30,TRANSFER,3F
2F-24,2026-11-02,2026-11-02T01:30,2026-11-02T02:00,TRANSFER,2F
1F-33,2026-11-01,2026-11-02T01:30,2026-11-02T02:00,TRANSFER,3F
2F-24,2026-11-02,2026-11-02T02:00,2026-11-02T02:30,TRANSFER,3F
1F-33,2026-11-01,2026-11-02T02:00,2026-11-02T02:30,TRANSFER,3F
2F-24,2026-11-02,2026-11-02T02:30,2026-11-02T03:00,TRANSFER,3F
1F-33,2026-11-01,2026-11-02T02:30,2026-11-02T03:00,TRANSFER,3F
2F-24,2026-11-02,2026-11-02T03:00,2026-11-02T03:30,TRANSFER,3F
2F-24,2026-11-02,2026-11-02T03:30,2026-11-02T04:00,TRANSFER,3F
1F-13,2026-09-30,2026-09-30T11:00,2026-09-30T12:00,BREAK,
1F-13,2026-09-30,2026-09-30T10:00,2026-09-30T11:00,BATH,
1F-14,2026-09-30,2026-09-30T11:00,2026-09-30T12:00,BREAK,
1F-15,2026-09-30,2026-09-30T11:00,2026-09-30T12:00,BREAK,
1F-16,2026-09-30,2026-09-30T11:00,2026-09-30T12:00,BREAK,
1F-27,2026-09-30,2026-09-30T11:00,2026-09-30T12:00,BREAK,
1F-28,2026-09-30,2026-09-30T13:00,2026-09-30T14:00,BREAK,
1F-28,2026-09-30,2026-09-30T15:00,2026-09-30T16:00,BATH,
1F-29,2026-09-30,2026-09-30T13:00,2026-09-30T14:00,BREAK,
1F-30,2026-09-30,2026-09-30T13:00,2026-09-30T14:00,BREAK,
1F-31,2026-09-30,2026-09-30T13:00,2026-09-30T14:00,BREAK,
1F-32,2026-09-30,2026-09-30T13:00,2026-09-30T14:00,BREAK,
2F-09,2026-09-30,2026-09-30T11:00,2026-09-30T12:00,BREAK,
2F-09,2026-09-30,2026-09-30T10:00,2026-09-30T11:00,BATH,
2F-10,2026-09-30,2026-09-30T11:00,2026-09-30T12:00,BREAK,
2F-11,2026-09-30,2026-09-30T11:00,2026-09-30T12:00,BREAK,
2F-12,2026-09-30,2026-09-30T11:00,2026-09-30T12:00,BREAK,
2F-13,2026-09-30,2026-09-30T11:00,2026-09-30T12:00,BREAK,
2F-14,2026-09-30,2026-09-30T13:00,2026-09-30T14:00,BREAK,
2F-14,2026-09-30,2026-09-30T15:00,2026-09-30T16:00,BATH,
2F-15,2026-09-30,2026-09-30T13:00,2026-09-30T14:00,BREAK,
2F-16,2026-09-30,2026-09-30T13:00,2026-09-30T14:00,BREAK,
2F-25,2026-09-30,2026-09-30T13:00,2026-09-30T14:00,BREAK,
2F-04,2026-09-30,2026-09-30T13:00,2026-09-30T14:00,BREAK,
3F-09,2026-09-30,2026-09-30T11:00,2026-09-30T12:00,BREAK,
3F-09,2026-09-30,2026-09-30T10:00,2026-09-30T11:00,BATH,
3F-10,2026-09-30,2026-09-30T11:00,2026-09-30T12:00,BREAK,
3F-11,2026-09-30,2026-09-30T11:00,2026-09-30T12:00,BREAK,
3F-12,2026-09-30,2026-09-30T11:00,2026-09-30T12:00,BREAK,
3F-13,2026-09-30,2026-09-30T11:00,2026-09-30T12:00,BREAK,
3F-14,2026-09-30,2026-09-30T13:00,2026-09-30T14:00,BREAK,
3F-14,2026-09-30,2026-09-30T15:00,2026-09-30T16:00,BATH,
3F-15,2026-09-30,2026-09-30T13:00,2026-09-30T14:00,BREAK,
3F-16,2026-09-30,2026-09-30T13:00,2026-09-30T14:00,BREAK,
3F-03,2026-09-30,2026-09-30T13:00,2026-09-30T14:00,BREAK,
3F-04,2026-09-30,2026-09-30T13:00,2026-09-30T14:00,BREAK,
1F-33,2026-09-30,2026-09-30T12:00,2026-09-30T13:00,BREAK,
1F-34,2026-10-01,2026-10-01T11:00,2026-10-01T12:00,BREAK,
1F-34,2026-10-01,2026-10-01T10:00,2026-10-01T11:00,BATH,
1F-35,2026-10-01,2026-10-01T11:00,2026-10-01T12:00,BREAK,
1F-36,2026-10-01,2026-10-01T11:00,2026-10-01T12:00,BREAK,
1F-37,2026-10-01,2026-10-01T11:00,2026-10-01T12:00,BREAK,
1F-38,2026-10-01,2026-10-01T11:00,2026-10-01T12:00,BREAK,
1F-39,2026-10-01,2026-10-01T13:00,2026-10-01T14:00,BREAK,
1F-39,2026-10-01,2026-10-01T15:00,2026-10-01T16:00,BATH,
1F-40,2026-10-01,2026-10-01T13:00,2026-10-01T14:00,BREAK,
1F-41,2026-10-01,2026-10-01T13:00,2026-10-01T14:00,BREAK,
1F-42,2026-10-01,2026-10-01T13:00,2026-10-01T14:00,BREAK,
1F-43,2026-10-01,2026-10-01T13:00,2026-10-01T14:00,BREAK,
2F-09,2026-10-01,2026-10-01T11:00,2026-10-01T12:00,BREAK,
2F-09,2026-10-01,2026-10-01T10:00,2026-10-01T11:00,BATH,
2F-10,2026-10-01,2026-10-01T11:00,2026-10-01T12:00,BREAK,
2F-11,2026-10-01,2026-10-01T11:00,2026-10-01T12:00,BREAK,
2F-12,2026-10-01,2026-10-01T11:00,2026-10-01T12:00,BREAK,
2F-13,2026-10-01,2026-10-01T11:00,2026-10-01T12:00,BREAK,
2F-14,2026-10-01,2026-10-01T13:00,2026-10-01T14:00,BREAK,
2F-14,2026-10-01,2026-10-01T15:00,2026-10-01T16:00,BATH,
2F-15,2026-10-01,2026-10-01T13:00,2026-10-01T14:00,BREAK,
2F-16,2026-10-01,2026-10-01T13:00,2026-10-01T14:00,BREAK,
2F-25,2026-10-01,2026-10-01T13:00,2026-10-01T14:00,BREAK,
2F-05,2026-10-01,2026-10-01T13:00,2026-10-01T14:00,BREAK,
3F-09,2026-10-01,2026-10-01T11:00,2026-10-01T12:00,BREAK,
3F-09,2026-10-01,2026-10-01T10:00,2026-10-01T11:00,BATH,
3F-10,2026-10-01,2026-10-01T11:00,2026-10-01T12:00,BREAK,
3F-11,2026-10-01,2026-10-01T11:00,2026-10-01T12:00,BREAK,
3F-12,2026-10-01,2026-10-01T11:00,2026-10-01T12:00,BREAK,
3F-13,2026-10-01,2026-10-01T11:00,2026-10-01T12:00,BREAK,
3F-14,2026-10-01,2026-10-01T13:00,2026-10-01T14:00,BREAK,
3F-14,2026-10-01,2026-10-01T15:00,2026-10-01T16:00,BATH,
3F-15,2026-10-01,2026-10-01T13:00,2026-10-01T14:00,BREAK,
3F-16,2026-10-01,2026-10-01T13:00,2026-10-01T14:00,BREAK,
3F-05,2026-10-01,2026-10-01T13:00,2026-10-01T14:00,BREAK,
3F-06,2026-10-01,2026-10-01T13:00,2026-10-01T14:00,BREAK,
1F-11,2026-10-02,2026-10-02T11:00,2026-10-02T12:00,BREAK,
1F-11,2026-10-02,2026-10-02T10:00,2026-10-02T11:00,BATH,
1F-12,2026-10-02,2026-10-02T11:00,2026-10-02T12:00,BREAK,
1F-13,2026-10-02,2026-10-02T11:00,2026-10-02T12:00,BREAK,
1F-14,2026-10-02,2026-10-02T11:00,2026-10-02T12:00,BREAK,
1F-15,2026-10-02,2026-10-02T11:00,2026-10-02T12:00,BREAK,
1F-16,2026-10-02,2026-10-02T13:00,2026-10-02T14:00,BREAK,
1F-16,2026-10-02,2026-10-02T15:00,2026-10-02T16:00,BATH,
1F-27,2026-10-02,2026-10-02T13:00,2026-10-02T14:00,BREAK,
1F-28,2026-10-02,2026-10-02T13:00,2026-10-02T14:00,BREAK,
1F-29,2026-10-02,2026-10-02T13:00,2026-10-02T14:00,BREAK,
1F-30,2026-10-02,2026-10-02T13:00,2026-10-02T14:00,BREAK,
2F-07,2026-10-02,2026-10-02T11:00,2026-10-02T12:00,BREAK,
2F-07,2026-10-02,2026-10-02T10:00,2026-10-02T11:00,BATH,
2F-08,2026-10-02,2026-10-02T11:00,2026-10-02T12:00,BREAK,
2F-09,2026-10-02,2026-10-02T11:00,2026-10-02T12:00,BREAK,
2F-10,2026-10-02,2026-10-02T11:00,2026-10-02T12:00,BREAK,
2F-11,2026-10-02,2026-10-02T11:00,2026-10-02T12:00,BREAK,
2F-12,2026-10-02,2026-10-02T13:00,2026-10-02T14:00,BREAK,
2F-12,2026-10-02,2026-10-02T15:00,2026-10-02T16:00,BATH,
2F-13,2026-10-02,2026-10-02T13:00,2026-10-02T14:00,BREAK,
2F-14,2026-10-02,2026-10-02T13:00,2026-10-02T14:00,BREAK,
2F-15,2026-10-02,2026-10-02T13:00,2026-10-02T14:00,BREAK,
2F-16,2026-10-02,2026-10-02T13:00,2026-10-02T14:00,BREAK,
3F-07,2026-10-02,2026-10-02T11:00,2026-10-02T12:00,BREAK,
3F-07,2026-10-02,2026-10-02T10:00,2026-10-02T11:00,BATH,
3F-08,2026-10-02,2026-10-02T11:00,2026-10-02T12:00,BREAK,
3F-09,2026-10-02,2026-10-02T11:00,2026-10-02T12:00,BREAK,
3F-10,2026-10-02,2026-10-02T11:00,2026-10-02T12:00,BREAK,
3F-11,2026-10-02,2026-10-02T11:00,2026-10-02T12:00,BREAK,
3F-12,2026-10-02,2026-10-02T13:00,2026-10-02T14:00,BREAK,
3F-12,2026-10-02,2026-10-02T15:00,2026-10-02T16:00,BATH,
3F-13,2026-10-02,2026-10-02T13:00,2026-10-02T14:00,BREAK,
3F-14,2026-10-02,2026-10-02T13:00,2026-10-02T14:00,BREAK,
3F-15,2026-10-02,2026-10-02T13:00,2026-10-02T14:00,BREAK,
3F-16,2026-10-02,2026-10-02T13:00,2026-10-02T14:00,BREAK,
1F-31,2026-10-02,2026-10-02T12:00,2026-10-02T13:00,BREAK,
1F-32,2026-10-03,2026-10-03T11:00,2026-10-03T12:00,BREAK,
1F-32,2026-10-03,2026-10-03T10:00,2026-10-03T11:00,BATH,
1F-33,2026-10-03,2026-10-03T11:00,2026-10-03T12:00,BREAK,
1F-34,2026-10-03,2026-10-03T11:00,2026-10-03T12:00,BREAK,
1F-35,2026-10-03,2026-10-03T11:00,2026-10-03T12:00,BREAK,
1F-36,2026-10-03,2026-10-03T11:00,2026-10-03T12:00,BREAK,
1F-37,2026-10-03,2026-10-03T13:00,2026-10-03T14:00,BREAK,
1F-37,2026-10-03,2026-10-03T15:00,2026-10-03T16:00,BATH,
1F-38,2026-10-03,2026-10-03T13:00,2026-10-03T14:00,BREAK,
1F-39,2026-10-03,2026-10-03T13:00,2026-10-03T14:00,BREAK,
1F-40,2026-10-03,2026-10-03T13:00,2026-10-03T14:00,BREAK,
1F-41,2026-10-03,2026-10-03T13:00,2026-10-03T14:00,BREAK,
2F-25,2026-10-03,2026-10-03T11:00,2026-10-03T12:00,BREAK,
2F-25,2026-10-03,2026-10-03T10:00,2026-10-03T11:00,BATH,
2F-01,2026-10-03,2026-10-03T11:00,2026-10-03T12:00,BREAK,
2F-02,2026-10-03,2026-10-03T11:00,2026-10-03T12:00,BREAK,
2F-03,2026-10-03,2026-10-03T11:00,2026-10-03T12:00,BREAK,
2F-04,2026-10-03,2026-10-03T11:00,2026-10-03T12:00,BREAK,
2F-09,2026-10-03,2026-10-03T13:00,2026-10-03T14:00,BREAK,
2F-09,2026-10-03,2026-10-03T15:00,2026-10-03T16:00,BATH,
2F-10,2026-10-03,2026-10-03T13:00,2026-10-03T14:00,BREAK,
2F-11,2026-10-03,2026-10-03T13:00,2026-10-03T14:00,BREAK,
2F-12,2026-10-03,2026-10-03T13:00,2026-10-03T14:00,BREAK,
2F-13,2026-10-03,2026-10-03T13:00,2026-10-03T14:00,BREAK,
3F-01,2026-10-03,2026-10-03T11:00,2026-10-03T12:00,BREAK,
3F-01,2026-10-03,2026-10-03T10:00,2026-10-03T11:00,BATH,
3F-02,2026-10-03,2026-10-03T11:00,2026-10-03T12:00,BREAK,
3F-03,2026-10-03,2026-10-03T11:00,2026-10-03T12:00,BREAK,
3F-04,2026-10-03,2026-10-03T11:00,2026-10-03T12:00,BREAK,
3F-09,2026-10-03,2026-10-03T11:00,2026-10-03T12:00,BREAK,
3F-10,2026-10-03,2026-10-03T13:00,2026-10-03T14:00,BREAK,
3F-10,2026-10-03,2026-10-03T15:00,2026-10-03T16:00,BATH,
3F-11,2026-10-03,2026-10-03T13:00,2026-10-03T14:00,BREAK,
3F-12,2026-10-03,2026-10-03T13:00,2026-10-03T14:00,BREAK,
3F-13,2026-10-03,2026-10-03T13:00,2026-10-03T14:00,BREAK,
3F-14,2026-10-03,2026-10-03T13:00,2026-10-03T14:00,BREAK,
1F-42,2026-10-04,2026-10-04T11:00,2026-10-04T12:00,BREAK,
1F-42,2026-10-04,2026-10-04T10:00,2026-10-04T11:00,BATH,
1F-43,2026-10-04,2026-10-04T11:00,2026-10-04T12:00,BREAK,
1F-05,2026-10-04,2026-10-04T11:00,2026-10-04T12:00,BREAK,
1F-06,2026-10-04,2026-10-04T11:00,2026-10-04T12:00,BREAK,
1F-07,2026-10-04,2026-10-04T11:00,2026-10-04T12:00,BREAK,
1F-08,2026-10-04,2026-10-04T13:00,2026-10-04T14:00,BREAK,
1F-08,2026-10-04,2026-10-04T15:00,2026-10-04T16:00,BATH,
1F-13,2026-10-04,2026-10-04T13:00,2026-10-04T14:00,BREAK,
1F-14,2026-10-04,2026-10-04T13:00,2026-10-04T14:00,BREAK,
1F-15,2026-10-04,2026-10-04T13:00,2026-10-04T14:00,BREAK,
1F-16,2026-10-04,2026-10-04T13:00,2026-10-04T14:00,BREAK,
2F-06,2026-10-04,2026-10-04T11:00,2026-10-04T12:00,BREAK,
2F-06,2026-10-04,2026-10-04T10:00,2026-10-04T11:00,BATH,
2F-05,2026-10-04,2026-10-04T11:00,2026-10-04T12:00,BREAK,
2F-14,2026-10-04,2026-10-04T11:00,2026-10-04T12:00,BREAK,
2F-15,2026-10-04,2026-10-04T11:00,2026-10-04T12:00,BREAK,
2F-16,2026-10-04,2026-10-04T11:00,2026-10-04T12:00,BREAK,
2F-25,2026-10-04,2026-10-04T13:00,2026-10-04T14:00,BREAK,
2F-25,2026-10-04,2026-10-04T15:00,2026-10-04T16:00,BATH,
1F-27,2026-10-04,2026-10-04T13:00,2026-10-04T14:00,BREAK,
1F-28,2026-10-04,2026-10-04T13:00,2026-10-04T14:00,BREAK,
1F-29,2026-10-04,2026-10-04T13:00,2026-10-04T14:00,BREAK,
1F-30,2026-10-04,2026-10-04T13:00,2026-10-04T14:00,BREAK,
3F-05,2026-10-04,2026-10-04T11:00,2026-10-04T12:00,BREAK,
3F-05,2026-10-04,2026-10-04T10:00,2026-10-04T11:00,BATH,
3F-06,2026-10-04,2026-10-04T11:00,2026-10-04T12:00,BREAK,
3F-15,2026-10-04,2026-10-04T11:00,2026-10-04T12:00,BREAK,
3F-16,2026-10-04,2026-10-04T11:00,2026-10-04T12:00,BREAK,
1F-31,2026-10-04,2026-10-04T11:00,2026-10-04T12:00,BREAK,
1F-32,2026-10-04,2026-10-04T13:00,2026-10-04T14:00,BREAK,
1F-32,2026-10-04,2026-10-04T15:00,2026-10-04T16:00,BATH,
1F-33,2026-10-04,2026-10-04T13:00,2026-10-04T14:00,BREAK,
1F-34,2026-10-04,2026-10-04T13:00,2026-10-04T14:00,BREAK,
1F-35,2026-10-04,2026-10-04T13:00,2026-10-04T14:00,BREAK,
1F-36,2026-10-04,2026-10-04T13:00,2026-10-04T14:00,BREAK,
1F-15,2026-10-05,2026-10-05T11:00,2026-10-05T12:00,BREAK,
1F-15,2026-10-05,2026-10-05T10:00,2026-10-05T11:00,BATH,
1F-16,2026-10-05,2026-10-05T11:00,2026-10-05T12:00,BREAK,
1F-09,2026-10-05,2026-10-05T11:00,2026-10-05T12:00,BREAK,
1F-10,2026-10-05,2026-10-05T11:00,2026-10-05T12:00,BREAK,
1F-27,2026-10-05,2026-10-05T11:00,2026-10-05T12:00,BREAK,
1F-28,2026-10-05,2026-10-05T13:00,2026-10-05T14:00,BREAK,
1F-28,2026-10-05,2026-10-05T15:00,2026-10-05T16:00,BATH,
1F-29,2026-10-05,2026-10-05T13:00,2026-10-05T14:00,BREAK,
1F-13,2026-10-05,2026-10-05T13:00,2026-10-05T14:00,BREAK,
1F-14,2026-10-05,2026-10-05T13:00,2026-10-05T14:00,BREAK,
1F-30,2026-10-05,2026-10-05T13:00,2026-10-05T14:00,BREAK,
2F-15,2026-10-05,2026-10-05T11:00,2026-10-05T12:00,BREAK,
2F-15,2026-10-05,2026-10-05T10:00,2026-10-05T11:00,BATH,
2F-16,2026-10-05,2026-10-05T11:00,2026-10-05T12:00,BREAK,
2F-09,2026-10-05,2026-10-05T11:00,2026-10-05T12:00,BREAK,
2F-10,2026-10-05,2026-10-05T11:00,2026-10-05T12:00,BREAK,
2F-25,2026-10-05,2026-10-05T11:00,2026-10-05T12:00,BREAK,
2F-11,2026-10-05,2026-10-05T13:00,2026-10-05T14:00,BREAK,
2F-11,2026-10-05,2026-10-05T15:00,2026-10-05T16:00,BATH,
2F-12,2026-10-05,2026-10-05T13:00,2026-10-05T14:00,BREAK,
2F-13,2026-10-05,2026-10-05T13:00,2026-10-05T14:00,BREAK,
2F-14,2026-10-05,2026-10-05T13:00,2026-10-05T14:00,BREAK,
2F-06,2026-10-05,2026-10-05T13:00,2026-10-05T14:00,BREAK,
3F-05,2026-10-05,2026-10-05T11:00,2026-10-05T12:00,BREAK,
3F-05,2026-10-05,2026-10-05T10:00,2026-10-05T11:00,BATH,
3F-06,2026-10-05,2026-10-05T11:00,2026-10-05T12:00,BREAK,
3F-07,2026-10-05,2026-10-05T11:00,2026-10-05T12:00,BREAK,
3F-08,2026-10-05,2026-10-05T11:00,2026-10-05T12:00,BREAK,
3F-15,2026-10-05,2026-10-05T11:00,2026-10-05T12:00,BREAK,
3F-09,2026-10-05,2026-10-05T13:00,2026-10-05T14:00,BREAK,
3F-09,2026-10-05,2026-10-05T15:00,2026-10-05T16:00,BATH,
3F-10,2026-10-05,2026-10-05T13:00,2026-10-05T14:00,BREAK,
3F-11,2026-10-05,2026-10-05T13:00,2026-10-05T14:00,BREAK,
3F-12,2026-10-05,2026-10-05T13:00,2026-10-05T14:00,BREAK,
3F-16,2026-10-05,2026-10-05T13:00,2026-10-05T14:00,BREAK,
1F-31,2026-10-05,2026-10-05T12:00,2026-10-05T13:00,BREAK,
1F-32,2026-10-06,2026-10-06T11:00,2026-10-06T12:00,BREAK,
1F-32,2026-10-06,2026-10-06T10:00,2026-10-06T11:00,BATH,
1F-15,2026-10-06,2026-10-06T11:00,2026-10-06T12:00,BREAK,
1F-16,2026-10-06,2026-10-06T11:00,2026-10-06T12:00,BREAK,
1F-33,2026-10-06,2026-10-06T11:00,2026-10-06T12:00,BREAK,
1F-34,2026-10-06,2026-10-06T11:00,2026-10-06T12:00,BREAK,
1F-35,2026-10-06,2026-10-06T13:00,2026-10-06T14:00,BREAK,
1F-35,2026-10-06,2026-10-06T15:00,2026-10-06T16:00,BATH,
1F-36,2026-10-06,2026-10-06T13:00,2026-10-06T14:00,BREAK,
1F-11,2026-10-06,2026-10-06T13:00,2026-10-06T14:00,BREAK,
1F-12,2026-10-06,2026-10-06T13:00,2026-10-06T14:00,BREAK,
1F-37,2026-10-06,2026-10-06T13:00,2026-10-06T14:00,BREAK,
2F-01,2026-10-06,2026-10-06T11:00,2026-10-06T12:00,BREAK,
2F-01,2026-10-06,2026-10-06T10:00,2026-10-06T11:00,BATH,
2F-02,2026-10-06,2026-10-06T11:00,2026-10-06T12:00,BREAK,
2F-15,2026-10-06,2026-10-06T11:00,2026-10-06T12:00,BREAK,
2F-16,2026-10-06,2026-10-06T11:00,2026-10-06T12:00,BREAK,
2F-25,2026-10-06,2026-10-06T11:00,2026-10-06T12:00,BREAK,
2F-09,2026-10-06,2026-10-06T13:00,2026-10-06T14:00,BREAK,
2F-09,2026-10-06,2026-10-06T15:00,2026-10-06T16:00,BATH,
2F-10,2026-10-06,2026-10-06T13:00,2026-10-06T14:00,BREAK,
2F-11,2026-10-06,2026-10-06T13:00,2026-10-06T14:00,BREAK,
2F-12,2026-10-06,2026-10-06T13:00,2026-10-06T14:00,BREAK,
2F-06,2026-10-06,2026-10-06T13:00,2026-10-06T14:00,BREAK,
3F-15,2026-10-06,2026-10-06T11:00,2026-10-06T12:00,BREAK,
3F-15,2026-10-06,2026-10-06T10:00,2026-10-06T11:00,BATH,
3F-02,2026-10-06,2026-10-06T11:00,2026-10-06T12:00,BREAK,
3F-13,2026-10-06,2026-10-06T11:00,2026-10-06T12:00,BREAK,
3F-14,2026-10-06,2026-10-06T11:00,2026-10-06T12:00,BREAK,
3F-16,2026-10-06,2026-10-06T11:00,2026-10-06T12:00,BREAK,
3F-07,2026-10-06,2026-10-06T13:00,2026-10-06T14:00,BREAK,
3F-07,2026-10-06,2026-10-06T15:00,2026-10-06T16:00,BATH,
3F-08,2026-10-06,2026-10-06T13:00,2026-10-06T14:00,BREAK,
3F-09,2026-10-06,2026-10-06T13:00,2026-10-06T14:00,BREAK,
3F-10,2026-10-06,2026-10-06T13:00,2026-10-06T14:00,BREAK,
3F-11,2026-10-06,2026-10-06T13:00,2026-10-06T14:00,BREAK,
1F-05,2026-10-07,2026-10-07T11:00,2026-10-07T12:00,BREAK,
1F-05,2026-10-07,2026-10-07T10:00,2026-10-07T11:00,BATH,
1F-06,2026-10-07,2026-10-07T11:00,2026-10-07T12:00,BREAK,
1F-14,2026-10-07,2026-10-07T11:00,2026-10-07T12:00,BREAK,
1F-15,2026-10-07,2026-10-07T11:00,2026-10-07T12:00,BREAK,
1F-38,2026-10-07,2026-10-07T11:00,2026-10-07T12:00,BREAK,
1F-39,2026-10-07,2026-10-07T13:00,2026-10-07T14:00,BREAK,
1F-39,2026-10-07,2026-10-07T15:00,2026-10-07T16:00,BATH,
1F-40,2026-10-07,2026-10-07T13:00,2026-10-07T14:00,BREAK,
1F-13,2026-10-07,2026-10-07T13:00,2026-10-07T14:00,BREAK,
1F-16,2026-10-07,2026-10-07T13:00,2026-10-07T14:00,BREAK,
1F-41,2026-10-07,2026-10-07T13:00,2026-10-07T14:00,BREAK,
2F-03,2026-10-07,2026-10-07T11:00,2026-10-07T12:00,BREAK,
2F-03,2026-10-07,2026-10-07T10:00,2026-10-07T11:00,BATH,
2F-15,2026-10-07,2026-10-07T11:00,2026-10-07T12:00,BREAK,
2F-05,2026-10-07,2026-10-07T11:00,2026-10-07T12:00,BREAK,
2F-06,2026-10-07,2026-10-07T11:00,2026-10-07T12:00,BREAK,
2F-16,2026-10-07,2026-10-07T11:00,2026-10-07T12:00,BREAK,
2F-25,2026-10-07,2026-10-07T13:00,2026-10-07T14:00,BREAK,
2F-25,2026-10-07,2026-10-07T15:00,2026-10-07T16:00,BATH,
2F-13,2026-10-07,2026-10-07T13:00,2026-10-07T14:00,BREAK,
2F-14,2026-10-07,2026-10-07T13:00,2026-10-07T14:00,BREAK,
1F-42,2026-10-07,2026-10-07T13:00,2026-10-07T14:00,BREAK,
1F-43,2026-10-07,2026-10-07T13:00,2026-10-07T14:00,BREAK,
3F-03,2026-10-07,2026-10-07T11:00,2026-10-07T12:00,BREAK,
3F-03,2026-10-07,2026-10-07T10:00,2026-10-07T11:00,BATH,
3F-15,2026-10-07,2026-10-07T11:00,2026-10-07T12:00,BREAK,
3F-16,2026-10-07,2026-10-07T11:00,2026-10-07T12:00,BREAK,
3F-04,2026-10-07,2026-10-07T11:00,2026-10-07T12:00,BREAK,
3F-12,2026-10-07,2026-10-07T11:00,2026-10-07T12:00,BREAK,
3F-13,2026-10-07,2026-10-07T13:00,2026-10-07T14:00,BREAK,
3F-13,2026-10-07,2026-10-07T15:00,2026-10-07T16:00,BATH,
3F-14,2026-10-07,2026-10-07T13:00,2026-10-07T14:00,BREAK,
1F-27,2026-10-07,2026-10-07T13:00,2026-10-07T14:00,BREAK,
1F-28,2026-10-07,2026-10-07T13:00,2026-10-07T14:00,BREAK,
1F-29,2026-10-07,2026-10-07T13:00,2026-10-07T14:00,BREAK,
1F-30,2026-10-07,2026-10-07T12:00,2026-10-07T13:00,BREAK,
1F-01,2026-10-08,2026-10-08T11:00,2026-10-08T12:00,BREAK,
1F-01,2026-10-08,2026-10-08T10:00,2026-10-08T11:00,BATH,
1F-02,2026-10-08,2026-10-08T11:00,2026-10-08T12:00,BREAK,
1F-31,2026-10-08,2026-10-08T11:00,2026-10-08T12:00,BREAK,
1F-32,2026-10-08,2026-10-08T11:00,2026-10-08T12:00,BREAK,
1F-33,2026-10-08,2026-10-08T11:00,2026-10-08T12:00,BREAK,
1F-34,2026-10-08,2026-10-08T13:00,2026-10-08T14:00,BREAK,
1F-34,2026-10-08,2026-10-08T15:00,2026-10-08T16:00,BATH,
1F-35,2026-10-08,2026-10-08T13:00,2026-10-08T14:00,BREAK,
1F-16,2026-10-08,2026-10-08T13:00,2026-10-08T14:00,BREAK,
1F-36,2026-10-08,2026-10-08T13:00,2026-10-08T14:00,BREAK,
1F-37,2026-10-08,2026-10-08T13:00,2026-10-08T14:00,BREAK,
2F-15,2026-10-08,2026-10-08T11:00,2026-10-08T12:00,BREAK,
2F-15,2026-10-08,2026-10-08T10:00,2026-10-08T11:00,BATH,
2F-16,2026-10-08,2026-10-08T11:00,2026-10-08T12:00,BREAK,
2F-25,2026-10-08,2026-10-08T11:00,2026-10-08T12:00,BREAK,
1F-38,2026-10-08,2026-10-08T11:00,2026-10-08T12:00,BREAK,
1F-39,2026-10-08,2026-10-08T11:00,2026-10-08T12:00,BREAK,
1F-40,2026-10-08,2026-10-08T13:00,2026-10-08T14:00,BREAK,
1F-40,2026-10-08,2026-10-08T15:00,2026-10-08T16:00,BATH,
1F-41,2026-10-08,2026-10-08T13:00,2026-10-08T14:00,BREAK,
1F-42,2026-10-08,2026-10-08T13:00,2026-10-08T14:00,BREAK,
1F-43,2026-10-08,2026-10-08T13:00,2026-10-08T14:00,BREAK,
1F-03,2026-10-08,2026-10-08T13:00,2026-10-08T14:00,BREAK,
3F-03,2026-10-08,2026-10-08T11:00,2026-10-08T12:00,BREAK,
3F-03,2026-10-08,2026-10-08T10:00,2026-10-08T11:00,BATH,
3F-06,2026-10-08,2026-10-08T11:00,2026-10-08T12:00,BREAK,
3F-15,2026-10-08,2026-10-08T11:00,2026-10-08T12:00,BREAK,
3F-16,2026-10-08,2026-10-08T11:00,2026-10-08T12:00,BREAK,
1F-04,2026-10-08,2026-10-08T11:00,2026-10-08T12:00,BREAK,
1F-27,2026-10-08,2026-10-08T13:00,2026-10-08T14:00,BREAK,
1F-27,2026-10-08,2026-10-08T15:00,2026-10-08T16:00,BATH,
1F-28,2026-10-08,2026-10-08T13:00,2026-10-08T14:00,BREAK,
1F-29,2026-10-08,2026-10-08T13:00,2026-10-08T14:00,BREAK,
1F-30,2026-10-08,2026-10-08T13:00,2026-10-08T14:00,BREAK,
3F-25,2026-10-08,2026-10-08T13:00,2026-10-08T14:00,BREAK,
1F-31,2026-10-09,2026-10-09T11:00,2026-10-09T12:00,BREAK,
1F-31,2026-10-09,2026-10-09T10:00,2026-10-09T11:00,BATH,
1F-02,2026-10-09,2026-10-09T11:00,2026-10-09T12:00,BREAK,
1F-03,2026-10-09,2026-10-09T11:00,2026-10-09T12:00,BREAK,
1F-04,2026-10-09,2026-10-09T11:00,2026-10-09T12:00,BREAK,
1F-32,2026-10-09,2026-10-09T11:00,2026-10-09T12:00,BREAK,
1F-33,2026-10-09,2026-10-09T13:00,2026-10-09T14:00,BREAK,
1F-33,2026-10-09,2026-10-09T15:00,2026-10-09T16:00,BATH,
1F-34,2026-10-09,2026-10-09T13:00,2026-10-09T14:00,BREAK,
1F-35,2026-10-09,2026-10-09T13:00,2026-10-09T14:00,BREAK,
1F-36,2026-10-09,2026-10-09T13:00,2026-10-09T14:00,BREAK,
1F-37,2026-10-09,2026-10-09T13:00,2026-10-09T14:00,BREAK,
3F-25,2026-10-09,2026-10-09T11:00,2026-10-09T12:00,BREAK,
3F-25,2026-10-09,2026-10-09T10:00,2026-10-09T11:00,BATH,
1F-38,2026-10-09,2026-10-09T11:00,2026-10-09T12:00,BREAK,
1F-39,2026-10-09,2026-10-09T11:00,2026-10-09T12:00,BREAK,
1F-40,2026-10-09,2026-10-09T11:00,2026-10-09T12:00,BREAK,
1F-41,2026-10-09,2026-10-09T11:00,2026-10-09T12:00,BREAK,
1F-42,2026-10-09,2026-10-09T13:00,2026-10-09T14:00,BREAK,
1F-42,2026-10-09,2026-10-09T15:00,2026-10-09T16:00,BATH,
1F-43,2026-10-09,2026-10-09T13:00,2026-10-09T14:00,BREAK,
1F-27,2026-10-09,2026-10-09T13:00,2026-10-09T14:00,BREAK,
1F-28,2026-10-09,2026-10-09T13:00,2026-10-09T14:00,BREAK,
1F-29,2026-10-09,2026-10-09T13:00,2026-10-09T14:00,BREAK,
1F-30,2026-10-09,2026-10-09T11:00,2026-10-09T12:00,BREAK,
1F-30,2026-10-09,2026-10-09T10:00,2026-10-09T11:00,BATH,
3F-26,2026-10-09,2026-10-09T11:00,2026-10-09T12:00,BREAK,
3F-27,2026-10-09,2026-10-09T11:00,2026-10-09T12:00,BREAK,
3F-28,2026-10-09,2026-10-09T11:00,2026-10-09T12:00,BREAK,
3F-29,2026-10-09,2026-10-09T11:00,2026-10-09T12:00,BREAK,
3F-30,2026-10-09,2026-10-09T13:00,2026-10-09T14:00,BREAK,
3F-30,2026-10-09,2026-10-09T15:00,2026-10-09T16:00,BATH,
3F-31,2026-10-09,2026-10-09T13:00,2026-10-09T14:00,BREAK,
3F-32,2026-10-09,2026-10-09T13:00,2026-10-09T14:00,BREAK,
3F-33,2026-10-09,2026-10-09T13:00,2026-10-09T14:00,BREAK,
3F-34,2026-10-09,2026-10-09T13:00,2026-10-09T14:00,BREAK,
1F-05,2026-10-09,2026-10-09T12:00,2026-10-09T13:00,BREAK,
1F-06,2026-10-10,2026-10-10T11:00,2026-10-10T12:00,BREAK,
1F-06,2026-10-10,2026-10-10T10:00,2026-10-10T11:00,BATH,
1F-15,2026-10-10,2026-10-10T11:00,2026-10-10T12:00,BREAK,
1F-31,2026-10-10,2026-10-10T11:00,2026-10-10T12:00,BREAK,
1F-32,2026-10-10,2026-10-10T11:00,2026-10-10T12:00,BREAK,
1F-33,2026-10-10,2026-10-10T11:00,2026-10-10T12:00,BREAK,
1F-34,2026-10-10,2026-10-10T13:00,2026-10-10T14:00,BREAK,
1F-34,2026-10-10,2026-10-10T15:00,2026-10-10T16:00,BATH,
1F-35,2026-10-10,2026-10-10T13:00,2026-10-10T14:00,BREAK,
1F-36,2026-10-10,2026-10-10T13:00,2026-10-10T14:00,BREAK,
1F-37,2026-10-10,2026-10-10T13:00,2026-10-10T14:00,BREAK,
1F-38,2026-10-10,2026-10-10T13:00,2026-10-10T14:00,BREAK,
3F-26,2026-10-10,2026-10-10T11:00,2026-10-10T12:00,BREAK,
3F-26,2026-10-10,2026-10-10T10:00,2026-10-10T11:00,BATH,
3F-27,2026-10-10,2026-10-10T11:00,2026-10-10T12:00,BREAK,
3F-28,2026-10-10,2026-10-10T11:00,2026-10-10T12:00,BREAK,
3F-29,2026-10-10,2026-10-10T11:00,2026-10-10T12:00,BREAK,
3F-30,2026-10-10,2026-10-10T11:00,2026-10-10T12:00,BREAK,
3F-31,2026-10-10,2026-10-10T13:00,2026-10-10T14:00,BREAK,
3F-31,2026-10-10,2026-10-10T15:00,2026-10-10T16:00,BATH,
3F-32,2026-10-10,2026-10-10T13:00,2026-10-10T14:00,BREAK,
3F-33,2026-10-10,2026-10-10T13:00,2026-10-10T14:00,BREAK,
3F-34,2026-10-10,2026-10-10T13:00,2026-10-10T14:00,BREAK,
3F-25,2026-10-10,2026-10-10T13:00,2026-10-10T14:00,BREAK,
1F-39,2026-10-10,2026-10-10T11:00,2026-10-10T12:00,BREAK,
1F-39,2026-10-10,2026-10-10T10:00,2026-10-10T11:00,BATH,
1F-40,2026-10-10,2026-10-10T11:00,2026-10-10T12:00,BREAK,
1F-41,2026-10-10,2026-10-10T11:00,2026-10-10T12:00,BREAK,
1F-42,2026-10-10,2026-10-10T11:00,2026-10-10T12:00,BREAK,
1F-43,2026-10-10,2026-10-10T11:00,2026-10-10T12:00,BREAK,
3F-35,2026-10-10,2026-10-10T13:00,2026-10-10T14:00,BREAK,
3F-35,2026-10-10,2026-10-10T15:00,2026-10-10T16:00,BATH,
3F-36,2026-10-10,2026-10-10T13:00,2026-10-10T14:00,BREAK,
3F-37,2026-10-10,2026-10-10T13:00,2026-10-10T14:00,BREAK,
3F-38,2026-10-10,2026-10-10T13:00,2026-10-10T14:00,BREAK,
3F-39,2026-10-10,2026-10-10T13:00,2026-10-10T14:00,BREAK,
3F-35,2026-10-11,2026-10-11T11:00,2026-10-11T12:00,BREAK,
3F-35,2026-10-11,2026-10-11T10:00,2026-10-11T11:00,BATH,
3F-36,2026-10-11,2026-10-11T11:00,2026-10-11T12:00,BREAK,
3F-37,2026-10-11,2026-10-11T11:00,2026-10-11T12:00,BREAK,
3F-38,2026-10-11,2026-10-11T11:00,2026-10-11T12:00,BREAK,
3F-39,2026-10-11,2026-10-11T11:00,2026-10-11T12:00,BREAK,
3F-26,2026-10-11,2026-10-11T13:00,2026-10-11T14:00,BREAK,
3F-26,2026-10-11,2026-10-11T15:00,2026-10-11T16:00,BATH,
3F-27,2026-10-11,2026-10-11T13:00,2026-10-11T14:00,BREAK,
3F-28,2026-10-11,2026-10-11T13:00,2026-10-11T14:00,BREAK,
3F-29,2026-10-11,2026-10-11T13:00,2026-10-11T14:00,BREAK,
3F-30,2026-10-11,2026-10-11T13:00,2026-10-11T14:00,BREAK,
3F-31,2026-10-11,2026-10-11T11:00,2026-10-11T12:00,BREAK,
3F-31,2026-10-11,2026-10-11T10:00,2026-10-11T11:00,BATH,
3F-32,2026-10-11,2026-10-11T11:00,2026-10-11T12:00,BREAK,
3F-33,2026-10-11,2026-10-11T11:00,2026-10-11T12:00,BREAK,
3F-34,2026-10-11,2026-10-11T11:00,2026-10-11T12:00,BREAK,
3F-25,2026-10-11,2026-10-11T11:00,2026-10-11T12:00,BREAK,
2F-26,2026-10-11,2026-10-11T13:00,2026-10-11T14:00,BREAK,
2F-26,2026-10-11,2026-10-11T15:00,2026-10-11T16:00,BATH,
2F-27,2026-10-11,2026-10-11T13:00,2026-10-11T14:00,BREAK,
2F-28,2026-10-11,2026-10-11T13:00,2026-10-11T14:00,BREAK,
2F-29,2026-10-11,2026-10-11T13:00,2026-10-11T14:00,BREAK,
2F-30,2026-10-11,2026-10-11T13:00,2026-10-11T14:00,BREAK,
3F-40,2026-10-11,2026-10-11T11:00,2026-10-11T12:00,BREAK,
3F-40,2026-10-11,2026-10-11T10:00,2026-10-11T11:00,BATH,
3F-41,2026-10-11,2026-10-11T11:00,2026-10-11T12:00,BREAK,
3F-42,2026-10-11,2026-10-11T11:00,2026-10-11T12:00,BREAK,
3F-43,2026-10-11,2026-10-11T11:00,2026-10-11T12:00,BREAK,
3F-44,2026-10-11,2026-10-11T11:00,2026-10-11T12:00,BREAK,
3F-45,2026-10-11,2026-10-11T13:00,2026-10-11T14:00,BREAK,
3F-45,2026-10-11,2026-10-11T15:00,2026-10-11T16:00,BATH,
3F-46,2026-10-11,2026-10-11T13:00,2026-10-11T14:00,BREAK,
3F-47,2026-10-11,2026-10-11T13:00,2026-10-11T14:00,BREAK,
3F-48,2026-10-11,2026-10-11T13:00,2026-10-11T14:00,BREAK,
3F-49,2026-10-11,2026-10-11T13:00,2026-10-11T14:00,BREAK,
1F-15,2026-10-12,2026-10-12T11:00,2026-10-12T12:00,BREAK,
1F-15,2026-10-12,2026-10-12T10:00,2026-10-12T11:00,BATH,
1F-16,2026-10-12,2026-10-12T11:00,2026-10-12T12:00,BREAK,
1F-27,2026-10-12,2026-10-12T11:00,2026-10-12T12:00,BREAK,
1F-28,2026-10-12,2026-10-12T11:00,2026-10-12T12:00,BREAK,
1F-29,2026-10-12,2026-10-12T11:00,2026-10-12T12:00,BREAK,
1F-30,2026-10-12,2026-10-12T13:00,2026-10-12T14:00,BREAK,
1F-30,2026-10-12,2026-10-12T15:00,2026-10-12T16:00,BATH,
1F-31,2026-10-12,2026-10-12T13:00,2026-10-12T14:00,BREAK,
1F-32,2026-10-12,2026-10-12T13:00,2026-10-12T14:00,BREAK,
1F-33,2026-10-12,2026-10-12T13:00,2026-10-12T14:00,BREAK,
1F-34,2026-10-12,2026-10-12T13:00,2026-10-12T14:00,BREAK,
2F-15,2026-10-12,2026-10-12T11:00,2026-10-12T12:00,BREAK,
2F-15,2026-10-12,2026-10-12T10:00,2026-10-12T11:00,BATH,
2F-16,2026-10-12,2026-10-12T11:00,2026-10-12T12:00,BREAK,
2F-25,2026-10-12,2026-10-12T11:00,2026-10-12T12:00,BREAK,
2F-26,2026-10-12,2026-10-12T11:00,2026-10-12T12:00,BREAK,
2F-27,2026-10-12,2026-10-12T11:00,2026-10-12T12:00,BREAK,
2F-28,2026-10-12,2026-10-12T13:00,2026-10-12T14:00,BREAK,
2F-28,2026-10-12,2026-10-12T15:00,2026-10-12T16:00,BATH,
2F-29,2026-10-12,2026-10-12T13:00,2026-10-12T14:00,BREAK,
2F-30,2026-10-12,2026-10-12T13:00,2026-10-12T14:00,BREAK,
2F-04,2026-10-12,2026-10-12T13:00,2026-10-12T14:00,BREAK,
2F-07,2026-10-12,2026-10-12T13:00,2026-10-12T14:00,BREAK,
3F-15,2026-10-12,2026-10-12T11:00,2026-10-12T12:00,BREAK,
3F-15,2026-10-12,2026-10-12T10:00,2026-10-12T11:00,BATH,
3F-16,2026-10-12,2026-10-12T11:00,2026-10-12T12:00,BREAK,
3F-25,2026-10-12,2026-10-12T11:00,2026-10-12T12:00,BREAK,
3F-26,2026-10-12,2026-10-12T11:00,2026-10-12T12:00,BREAK,
3F-27,2026-10-12,2026-10-12T11:00,2026-10-12T12:00,BREAK,
3F-28,2026-10-12,2026-10-12T13:00,2026-10-12T14:00,BREAK,
3F-28,2026-10-12,2026-10-12T15:00,2026-10-12T16:00,BATH,
3F-29,2026-10-12,2026-10-12T13:00,2026-10-12T14:00,BREAK,
3F-30,2026-10-12,2026-10-12T13:00,2026-10-12T14:00,BREAK,
3F-31,2026-10-12,2026-10-12T13:00,2026-10-12T14:00,BREAK,
3F-32,2026-10-12,2026-10-12T13:00,2026-10-12T14:00,BREAK,
1F-35,2026-10-12,2026-10-12T12:00,2026-10-12T13:00,BREAK,
1F-36,2026-10-13,2026-10-13T11:00,2026-10-13T12:00,BREAK,
1F-36,2026-10-13,2026-10-13T10:00,2026-10-13T11:00,BATH,
1F-37,2026-10-13,2026-10-13T11:00,2026-10-13T12:00,BREAK,
1F-38,2026-10-13,2026-10-13T11:00,2026-10-13T12:00,BREAK,
1F-39,2026-10-13,2026-10-13T11:00,2026-10-13T12:00,BREAK,
1F-40,2026-10-13,2026-10-13T11:00,2026-10-13T12:00,BREAK,
1F-41,2026-10-13,2026-10-13T13:00,2026-10-13T14:00,BREAK,
1F-41,2026-10-13,2026-10-13T15:00,2026-10-13T16:00,BATH,
1F-42,2026-10-13,2026-10-13T13:00,2026-10-13T14:00,BREAK,
1F-43,2026-10-13,2026-10-13T13:00,2026-10-13T14:00,BREAK,
1F-15,2026-10-13,2026-10-13T13:00,2026-10-13T14:00,BREAK,
1F-16,2026-10-13,2026-10-13T13:00,2026-10-13T14:00,BREAK,
2F-15,2026-10-13,2026-10-13T11:00,2026-10-13T12:00,BREAK,
2F-15,2026-10-13,2026-10-13T10:00,2026-10-13T11:00,BATH,
2F-16,2026-10-13,2026-10-13T11:00,2026-10-13T12:00,BREAK,
2F-25,2026-10-13,2026-10-13T11:00,2026-10-13T12:00,BREAK,
2F-26,2026-10-13,2026-10-13T11:00,2026-10-13T12:00,BREAK,
2F-27,2026-10-13,2026-10-13T11:00,2026-10-13T12:00,BREAK,
2F-28,2026-10-13,2026-10-13T13:00,2026-10-13T14:00,BREAK,
2F-28,2026-10-13,2026-10-13T15:00,2026-10-13T16:00,BATH,
2F-29,2026-10-13,2026-10-13T13:00,2026-10-13T14:00,BREAK,
2F-30,2026-10-13,2026-10-13T13:00,2026-10-13T14:00,BREAK,
2F-05,2026-10-13,2026-10-13T13:00,2026-10-13T14:00,BREAK,
2F-06,2026-10-13,2026-10-13T13:00,2026-10-13T14:00,BREAK,
3F-33,2026-10-13,2026-10-13T11:00,2026-10-13T12:00,BREAK,
3F-33,2026-10-13,2026-10-13T10:00,2026-10-13T11:00,BATH,
3F-34,2026-10-13,2026-10-13T11:00,2026-10-13T12:00,BREAK,
3F-35,2026-10-13,2026-10-13T11:00,2026-10-13T12:00,BREAK,
3F-36,2026-10-13,2026-10-13T11:00,2026-10-13T12:00,BREAK,
3F-37,2026-10-13,2026-10-13T11:00,2026-10-13T12:00,BREAK,
3F-38,2026-10-13,2026-10-13T13:00,2026-10-13T14:00,BREAK,
3F-38,2026-10-13,2026-10-13T15:00,2026-10-13T16:00,BATH,
3F-39,2026-10-13,2026-10-13T13:00,2026-10-13T14:00,BREAK,
3F-40,2026-10-13,2026-10-13T13:00,2026-10-13T14:00,BREAK,
3F-41,2026-10-13,2026-10-13T13:00,2026-10-13T14:00,BREAK,
3F-42,2026-10-13,2026-10-13T13:00,2026-10-13T14:00,BREAK,
1F-27,2026-10-14,2026-10-14T11:00,2026-10-14T12:00,BREAK,
1F-27,2026-10-14,2026-10-14T10:00,2026-10-14T11:00,BATH,
1F-28,2026-10-14,2026-10-14T11:00,2026-10-14T12:00,BREAK,
1F-29,2026-10-14,2026-10-14T11:00,2026-10-14T12:00,BREAK,
1F-30,2026-10-14,2026-10-14T11:00,2026-10-14T12:00,BREAK,
1F-31,2026-10-14,2026-10-14T11:00,2026-10-14T12:00,BREAK,
1F-32,2026-10-14,2026-10-14T13:00,2026-10-14T14:00,BREAK,
1F-32,2026-10-14,2026-10-14T15:00,2026-10-14T16:00,BATH,
1F-33,2026-10-14,2026-10-14T13:00,2026-10-14T14:00,BREAK,
1F-34,2026-10-14,2026-10-14T13:00,2026-10-14T14:00,BREAK,
1F-35,2026-10-14,2026-10-14T13:00,2026-10-14T14:00,BREAK,
1F-36,2026-10-14,2026-10-14T13:00,2026-10-14T14:00,BREAK,
2F-08,2026-10-14,2026-10-14T11:00,2026-10-14T12:00,BREAK,
2F-08,2026-10-14,2026-10-14T10:00,2026-10-14T11:00,BATH,
2F-09,2026-10-14,2026-10-14T11:00,2026-10-14T12:00,BREAK,
2F-10,2026-10-14,2026-10-14T11:00,2026-10-14T12:00,BREAK,
2F-11,2026-10-14,2026-10-14T11:00,2026-10-14T12:00,BREAK,
2F-12,2026-10-14,2026-10-14T11:00,2026-10-14T12:00,BREAK,
2F-13,2026-10-14,2026-10-14T13:00,2026-10-14T14:00,BREAK,
2F-13,2026-10-14,2026-10-14T15:00,2026-10-14T16:00,BATH,
2F-14,2026-10-14,2026-10-14T13:00,2026-10-14T14:00,BREAK,
2F-15,2026-10-14,2026-10-14T13:00,2026-10-14T14:00,BREAK,
2F-16,2026-10-14,2026-10-14T13:00,2026-10-14T14:00,BREAK,
2F-25,2026-10-14,2026-10-14T13:00,2026-10-14T14:00,BREAK,
3F-43,2026-10-14,2026-10-14T11:00,2026-10-14T12:00,BREAK,
3F-43,2026-10-14,2026-10-14T10:00,2026-10-14T11:00,BATH,
3F-44,2026-10-14,2026-10-14T11:00,2026-10-14T12:00,BREAK,
3F-45,2026-10-14,2026-10-14T11:00,2026-10-14T12:00,BREAK,
3F-46,2026-10-14,2026-10-14T11:00,2026-10-14T12:00,BREAK,
3F-47,2026-10-14,2026-10-14T11:00,2026-10-14T12:00,BREAK,
3F-48,2026-10-14,2026-10-14T13:00,2026-10-14T14:00,BREAK,
3F-48,2026-10-14,2026-10-14T15:00,2026-10-14T16:00,BATH,
3F-49,2026-10-14,2026-10-14T13:00,2026-10-14T14:00,BREAK,
3F-15,2026-10-14,2026-10-14T13:00,2026-10-14T14:00,BREAK,
3F-16,2026-10-14,2026-10-14T13:00,2026-10-14T14:00,BREAK,
3F-25,2026-10-14,2026-10-14T13:00,2026-10-14T14:00,BREAK,
1F-37,2026-10-14,2026-10-14T12:00,2026-10-14T13:00,BREAK,
1F-38,2026-10-15,2026-10-15T11:00,2026-10-15T12:00,BREAK,
1F-38,2026-10-15,2026-10-15T10:00,2026-10-15T11:00,BATH,
1F-39,2026-10-15,2026-10-15T11:00,2026-10-15T12:00,BREAK,
1F-40,2026-10-15,2026-10-15T11:00,2026-10-15T12:00,BREAK,
1F-41,2026-10-15,2026-10-15T11:00,2026-10-15T12:00,BREAK,
1F-42,2026-10-15,2026-10-15T11:00,2026-10-15T12:00,BREAK,
1F-43,2026-10-15,2026-10-15T13:00,2026-10-15T14:00,BREAK,
1F-43,2026-10-15,2026-10-15T15:00,2026-10-15T16:00,BATH,
1F-11,2026-10-15,2026-10-15T13:00,2026-10-15T14:00,BREAK,
1F-12,2026-10-15,2026-10-15T13:00,2026-10-15T14:00,BREAK,
1F-14,2026-10-15,2026-10-15T13:00,2026-10-15T14:00,BREAK,
1F-15,2026-10-15,2026-10-15T13:00,2026-10-15T14:00,BREAK,
2F-26,2026-10-15,2026-10-15T11:00,2026-10-15T12:00,BREAK,
2F-26,2026-10-15,2026-10-15T10:00,2026-10-15T11:00,BATH,
2F-27,2026-10-15,2026-10-15T11:00,2026-10-15T12:00,BREAK,
2F-28,2026-10-15,2026-10-15T11:00,2026-10-15T12:00,BREAK,
2F-29,2026-10-15,2026-10-15T11:00,2026-10-15T12:00,BREAK,
2F-30,2026-10-15,2026-10-15T11:00,2026-10-15T12:00,BREAK,
2F-02,2026-10-15,2026-10-15T13:00,2026-10-15T14:00,BREAK,
2F-02,2026-10-15,2026-10-15T15:00,2026-10-15T16:00,BATH,
2F-05,2026-10-15,2026-10-15T13:00,2026-10-15T14:00,BREAK,
2F-06,2026-10-15,2026-10-15T13:00,2026-10-15T14:00,BREAK,
2F-09,2026-10-15,2026-10-15T13:00,2026-10-15T14:00,BREAK,
2F-10,2026-10-15,2026-10-15T13:00,2026-10-15T14:00,BREAK,
3F-26,2026-10-15,2026-10-15T11:00,2026-10-15T12:00,BREAK,
3F-26,2026-10-15,2026-10-15T10:00,2026-10-15T11:00,BATH,
3F-27,2026-10-15,2026-10-15T11:00,2026-10-15T12:00,BREAK,
3F-28,2026-10-15,2026-10-15T11:00,2026-10-15T12:00,BREAK,
3F-29,2026-10-15,2026-10-15T11:00,2026-10-15T12:00,BREAK,
3F-30,2026-10-15,2026-10-15T11:00,2026-10-15T12:00,BREAK,
3F-31,2026-10-15,2026-10-15T13:00,2026-10-15T14:00,BREAK,
3F-31,2026-10-15,2026-10-15T15:00,2026-10-15T16:00,BATH,
3F-32,2026-10-15,2026-10-15T13:00,2026-10-15T14:00,BREAK,
3F-33,2026-10-15,2026-10-15T13:00,2026-10-15T14:00,BREAK,
3F-34,2026-10-15,2026-10-15T13:00,2026-10-15T14:00,BREAK,
3F-35,2026-10-15,2026-10-15T13:00,2026-10-15T14:00,BREAK,
1F-16,2026-10-16,2026-10-16T11:00,2026-10-16T12:00,BREAK,
1F-16,2026-10-16,2026-10-16T10:00,2026-10-16T11:00,BATH,
1F-27,2026-10-16,2026-10-16T11:00,2026-10-16T12:00,BREAK,
1F-28,2026-10-16,2026-10-16T11:00,2026-10-16T12:00,BREAK,
1F-29,2026-10-16,2026-10-16T11:00,2026-10-16T12:00,BREAK,
1F-30,2026-10-16,2026-10-16T11:00,2026-10-16T12:00,BREAK,
1F-31,2026-10-16,2026-10-16T13:00,2026-10-16T14:00,BREAK,
1F-31,2026-10-16,2026-10-16T15:00,2026-10-16T16:00,BATH,
1F-32,2026-10-16,2026-10-16T13:00,2026-10-16T14:00,BREAK,
1F-33,2026-10-16,2026-10-16T13:00,2026-10-16T14:00,BREAK,
1F-34,2026-10-16,2026-10-16T13:00,2026-10-16T14:00,BREAK,
1F-35,2026-10-16,2026-10-16T13:00,2026-10-16T14:00,BREAK,
2F-03,2026-10-16,2026-10-16T11:00,2026-10-16T12:00,BREAK,
2F-03,2026-10-16,2026-10-16T10:00,2026-10-16T11:00,BATH,
2F-04,2026-10-16,2026-10-16T11:00,2026-10-16T12:00,BREAK,
2F-13,2026-10-16,2026-10-16T11:00,2026-10-16T12:00,BREAK,
2F-14,2026-10-16,2026-10-16T11:00,2026-10-16T12:00,BREAK,
2F-15,2026-10-16,2026-10-16T11:00,2026-10-16T12:00,BREAK,
2F-16,2026-10-16,2026-10-16T13:00,2026-10-16T14:00,BREAK,
2F-16,2026-10-16,2026-10-16T15:00,2026-10-16T16:00,BATH,
2F-25,2026-10-16,2026-10-16T13:00,2026-10-16T14:00,BREAK,
2F-26,2026-10-16,2026-10-16T13:00,2026-10-16T14:00,BREAK,
2F-27,2026-10-16,2026-10-16T13:00,2026-10-16T14:00,BREAK,
2F-28,2026-10-16,2026-10-16T13:00,2026-10-16T14:00,BREAK,
3F-36,2026-10-16,2026-10-16T11:00,2026-10-16T12:00,BREAK,
3F-36,2026-10-16,2026-10-16T10:00,2026-10-16T11:00,BATH,
3F-37,2026-10-16,2026-10-16T11:00,2026-10-16T12:00,BREAK,
3F-38,2026-10-16,2026-10-16T11:00,2026-10-16T12:00,BREAK,
3F-39,2026-10-16,2026-10-16T11:00,2026-10-16T12:00,BREAK,
3F-40,2026-10-16,2026-10-16T11:00,2026-10-16T12:00,BREAK,
3F-41,2026-10-16,2026-10-16T13:00,2026-10-16T14:00,BREAK,
3F-41,2026-10-16,2026-10-16T15:00,2026-10-16T16:00,BATH,
3F-42,2026-10-16,2026-10-16T13:00,2026-10-16T14:00,BREAK,
3F-43,2026-10-16,2026-10-16T13:00,2026-10-16T14:00,BREAK,
3F-44,2026-10-16,2026-10-16T13:00,2026-10-16T14:00,BREAK,
3F-45,2026-10-16,2026-10-16T13:00,2026-10-16T14:00,BREAK,
1F-36,2026-10-16,2026-10-16T12:00,2026-10-16T13:00,BREAK,
1F-08,2026-10-17,2026-10-17T11:00,2026-10-17T12:00,BREAK,
1F-08,2026-10-17,2026-10-17T10:00,2026-10-17T11:00,BATH,
1F-13,2026-10-17,2026-10-17T11:00,2026-10-17T12:00,BREAK,
1F-37,2026-10-17,2026-10-17T11:00,2026-10-17T12:00,BREAK,
1F-38,2026-10-17,2026-10-17T11:00,2026-10-17T12:00,BREAK,
1F-39,2026-10-17,2026-10-17T11:00,2026-10-17T12:00,BREAK,
1F-40,2026-10-17,2026-10-17T13:00,2026-10-17T14:00,BREAK,
1F-40,2026-10-17,2026-10-17T15:00,2026-10-17T16:00,BATH,
1F-41,2026-10-17,2026-10-17T13:00,2026-10-17T14:00,BREAK,
1F-42,2026-10-17,2026-10-17T13:00,2026-10-17T14:00,BREAK,
1F-43,2026-10-17,2026-10-17T13:00,2026-10-17T14:00,BREAK,
1F-06,2026-10-17,2026-10-17T13:00,2026-10-17T14:00,BREAK,
2F-07,2026-10-17,2026-10-17T11:00,2026-10-17T12:00,BREAK,
2F-07,2026-10-17,2026-10-17T10:00,2026-10-17T11:00,BATH,
2F-08,2026-10-17,2026-10-17T11:00,2026-10-17T12:00,BREAK,
2F-29,2026-10-17,2026-10-17T11:00,2026-10-17T12:00,BREAK,
2F-30,2026-10-17,2026-10-17T11:00,2026-10-17T12:00,BREAK,
3F-46,2026-10-17,2026-10-17T11:00,2026-10-17T12:00,BREAK,
3F-47,2026-10-17,2026-10-17T13:00,2026-10-17T14:00,BREAK,
3F-47,2026-10-17,2026-10-17T15:00,2026-10-17T16:00,BATH,
3F-48,2026-10-17,2026-10-17T13:00,2026-10-17T14:00,BREAK,
3F-49,2026-10-17,2026-10-17T13:00,2026-10-17T14:00,BREAK,
3F-25,2026-10-17,2026-10-17T13:00,2026-10-17T14:00,BREAK,
3F-26,2026-10-17,2026-10-17T13:00,2026-10-17T14:00,BREAK,
3F-06,2026-10-17,2026-10-17T11:00,2026-10-17T12:00,BREAK,
3F-06,2026-10-17,2026-10-17T10:00,2026-10-17T11:00,BATH,
3F-07,2026-10-17,2026-10-17T11:00,2026-10-17T12:00,BREAK,
3F-08,2026-10-17,2026-10-17T11:00,2026-10-17T12:00,BREAK,
3F-09,2026-10-17,2026-10-17T11:00,2026-10-17T12:00,BREAK,
3F-10,2026-10-17,2026-10-17T11:00,2026-10-17T12:00,BREAK,
3F-11,2026-10-17,2026-10-17T13:00,2026-10-17T14:00,BREAK,
3F-11,2026-10-17,2026-10-17T15:00,2026-10-17T16:00,BATH,
3F-15,2026-10-17,2026-10-17T13:00,2026-10-17T14:00,BREAK,
3F-16,2026-10-17,2026-10-17T13:00,2026-10-17T14:00,BREAK,
3F-27,2026-10-17,2026-10-17T13:00,2026-10-17T14:00,BREAK,
3F-28,2026-10-17,2026-10-17T13:00,2026-10-17T14:00,BREAK,
1F-01,2026-10-18,2026-10-18T11:00,2026-10-18T12:00,BREAK,
1F-01,2026-10-18,2026-10-18T10:00,2026-10-18T11:00,BATH,
1F-08,2026-10-18,2026-10-18T11:00,2026-10-18T12:00,BREAK,
1F-09,2026-10-18,2026-10-18T11:00,2026-10-18T12:00,BREAK,
1F-11,2026-10-18,2026-10-18T11:00,2026-10-18T12:00,BREAK,
1F-12,2026-10-18,2026-10-18T11:00,2026-10-18T12:00,BREAK,
1F-13,2026-10-18,2026-10-18T13:00,2026-10-18T14:00,BREAK,
1F-13,2026-10-18,2026-10-18T15:00,2026-10-18T16:00,BATH,
1F-14,2026-10-18,2026-10-18T13:00,2026-10-18T14:00,BREAK,
1F-15,2026-10-18,2026-10-18T13:00,2026-10-18T14:00,BREAK,
1F-16,2026-10-18,2026-10-18T13:00,2026-10-18T14:00,BREAK,
1F-27,2026-10-18,2026-10-18T13:00,2026-10-18T14:00,BREAK,
2F-11,2026-10-18,2026-10-18T11:00,2026-10-18T12:00,BREAK,
2F-11,2026-10-18,2026-10-18T10:00,2026-10-18T11:00,BATH,
2F-12,2026-10-18,2026-10-18T11:00,2026-10-18T12:00,BREAK,
3F-29,2026-10-18,2026-10-18T11:00,2026-10-18T12:00,BREAK,
3F-30,2026-10-18,2026-10-18T11:00,2026-10-18T12:00,BREAK,
3F-31,2026-10-18,2026-10-18T11:00,2026-10-18T12:00,BREAK,
3F-32,2026-10-18,2026-10-18T13:00,2026-10-18T14:00,BREAK,
3F-32,2026-10-18,2026-10-18T15:00,2026-10-18T16:00,BATH,
3F-33,2026-10-18,2026-10-18T13:00,2026-10-18T14:00,BREAK,
3F-34,2026-10-18,2026-10-18T13:00,2026-10-18T14:00,BREAK,
3F-35,2026-10-18,2026-10-18T13:00,2026-10-18T14:00,BREAK,
3F-36,2026-10-18,2026-10-18T13:00,2026-10-18T14:00,BREAK,
3F-12,2026-10-18,2026-10-18T11:00,2026-10-18T12:00,BREAK,
3F-12,2026-10-18,2026-10-18T10:00,2026-10-18T11:00,BATH,
3F-13,2026-10-18,2026-10-18T11:00,2026-10-18T12:00,BREAK,
3F-37,2026-10-18,2026-10-18T11:00,2026-10-18T12:00,BREAK,
3F-38,2026-10-18,2026-10-18T11:00,2026-10-18T12:00,BREAK,
3F-39,2026-10-18,2026-10-18T11:00,2026-10-18T12:00,BREAK,
3F-40,2026-10-18,2026-10-18T13:00,2026-10-18T14:00,BREAK,
3F-40,2026-10-18,2026-10-18T15:00,2026-10-18T16:00,BATH,
3F-41,2026-10-18,2026-10-18T13:00,2026-10-18T14:00,BREAK,
3F-42,2026-10-18,2026-10-18T13:00,2026-10-18T14:00,BREAK,
3F-43,2026-10-18,2026-10-18T13:00,2026-10-18T14:00,BREAK,
3F-44,2026-10-18,2026-10-18T13:00,2026-10-18T14:00,BREAK,
1F-01,2026-10-19,2026-10-19T11:00,2026-10-19T12:00,BREAK,
1F-01,2026-10-19,2026-10-19T10:00,2026-10-19T11:00,BATH,
1F-02,2026-10-19,2026-10-19T11:00,2026-10-19T12:00,BREAK,
1F-03,2026-10-19,2026-10-19T11:00,2026-10-19T12:00,BREAK,
1F-04,2026-10-19,2026-10-19T11:00,2026-10-19T12:00,BREAK,
1F-15,2026-10-19,2026-10-19T11:00,2026-10-19T12:00,BREAK,
1F-16,2026-10-19,2026-10-19T13:00,2026-10-19T14:00,BREAK,
1F-16,2026-10-19,2026-10-19T15:00,2026-10-19T16:00,BATH,
1F-34,2026-10-19,2026-10-19T13:00,2026-10-19T14:00,BREAK,
1F-35,2026-10-19,2026-10-19T13:00,2026-10-19T14:00,BREAK,
1F-36,2026-10-19,2026-10-19T13:00,2026-10-19T14:00,BREAK,
1F-37,2026-10-19,2026-10-19T13:00,2026-10-19T14:00,BREAK,
2F-01,2026-10-19,2026-10-19T11:00,2026-10-19T12:00,BREAK,
2F-01,2026-10-19,2026-10-19T10:00,2026-10-19T11:00,BATH,
2F-15,2026-10-19,2026-10-19T11:00,2026-10-19T12:00,BREAK,
2F-16,2026-10-19,2026-10-19T11:00,2026-10-19T12:00,BREAK,
2F-25,2026-10-19,2026-10-19T11:00,2026-10-19T12:00,BREAK,
2F-26,2026-10-19,2026-10-19T11:00,2026-10-19T12:00,BREAK,
2F-27,2026-10-19,2026-10-19T13:00,2026-10-19T14:00,BREAK,
2F-27,2026-10-19,2026-10-19T15:00,2026-10-19T16:00,BATH,
2F-28,2026-10-19,2026-10-19T13:00,2026-10-19T14:00,BREAK,
2F-29,2026-10-19,2026-10-19T13:00,2026-10-19T14:00,BREAK,
2F-30,2026-10-19,2026-10-19T13:00,2026-10-19T14:00,BREAK,
2F-08,2026-10-19,2026-10-19T13:00,2026-10-19T14:00,BREAK,
3F-01,2026-10-19,2026-10-19T11:00,2026-10-19T12:00,BREAK,
3F-01,2026-10-19,2026-10-19T10:00,2026-10-19T11:00,BATH,
3F-15,2026-10-19,2026-10-19T11:00,2026-10-19T12:00,BREAK,
3F-16,2026-10-19,2026-10-19T11:00,2026-10-19T12:00,BREAK,
3F-25,2026-10-19,2026-10-19T11:00,2026-10-19T12:00,BREAK,
3F-26,2026-10-19,2026-10-19T11:00,2026-10-19T12:00,BREAK,
3F-27,2026-10-19,2026-10-19T13:00,2026-10-19T14:00,BREAK,
3F-27,2026-10-19,2026-10-19T15:00,2026-10-19T16:00,BATH,
3F-28,2026-10-19,2026-10-19T13:00,2026-10-19T14:00,BREAK,
3F-29,2026-10-19,2026-10-19T13:00,2026-10-19T14:00,BREAK,
3F-30,2026-10-19,2026-10-19T13:00,2026-10-19T14:00,BREAK,
3F-31,2026-10-19,2026-10-19T13:00,2026-10-19T14:00,BREAK,
1F-38,2026-10-19,2026-10-19T12:00,2026-10-19T13:00,BREAK,
1F-39,2026-10-20,2026-10-20T11:00,2026-10-20T12:00,BREAK,
1F-39,2026-10-20,2026-10-20T10:00,2026-10-20T11:00,BATH,
1F-40,2026-10-20,2026-10-20T11:00,2026-10-20T12:00,BREAK,
1F-41,2026-10-20,2026-10-20T11:00,2026-10-20T12:00,BREAK,
1F-42,2026-10-20,2026-10-20T11:00,2026-10-20T12:00,BREAK,
1F-43,2026-10-20,2026-10-20T11:00,2026-10-20T12:00,BREAK,
1F-33,2026-10-20,2026-10-20T13:00,2026-10-20T14:00,BREAK,
1F-33,2026-10-20,2026-10-20T15:00,2026-10-20T16:00,BATH,
1F-01,2026-10-20,2026-10-20T13:00,2026-10-20T14:00,BREAK,
1F-02,2026-10-20,2026-10-20T13:00,2026-10-20T14:00,BREAK,
1F-03,2026-10-20,2026-10-20T13:00,2026-10-20T14:00,BREAK,
1F-04,2026-10-20,2026-10-20T13:00,2026-10-20T14:00,BREAK,
2F-01,2026-10-20,2026-10-20T11:00,2026-10-20T12:00,BREAK,
2F-01,2026-10-20,2026-10-20T10:00,2026-10-20T11:00,BATH,
2F-02,2026-10-20,2026-10-20T11:00,2026-10-20T12:00,BREAK,
2F-03,2026-10-20,2026-10-20T11:00,2026-10-20T12:00,BREAK,
2F-15,2026-10-20,2026-10-20T11:00,2026-10-20T12:00,BREAK,
2F-16,2026-10-20,2026-10-20T11:00,2026-10-20T12:00,BREAK,
2F-25,2026-10-20,2026-10-20T13:00,2026-10-20T14:00,BREAK,
2F-25,2026-10-20,2026-10-20T15:00,2026-10-20T16:00,BATH,
2F-26,2026-10-20,2026-10-20T13:00,2026-10-20T14:00,BREAK,
2F-27,2026-10-20,2026-10-20T13:00,2026-10-20T14:00,BREAK,
2F-28,2026-10-20,2026-10-20T13:00,2026-10-20T14:00,BREAK,
2F-29,2026-10-20,2026-10-20T13:00,2026-10-20T14:00,BREAK,
3F-32,2026-10-20,2026-10-20T11:00,2026-10-20T12:00,BREAK,
3F-32,2026-10-20,2026-10-20T10:00,2026-10-20T11:00,BATH,
3F-33,2026-10-20,2026-10-20T11:00,2026-10-20T12:00,BREAK,
3F-34,2026-10-20,2026-10-20T11:00,2026-10-20T12:00,BREAK,
3F-35,2026-10-20,2026-10-20T11:00,2026-10-20T12:00,BREAK,
3F-36,2026-10-20,2026-10-20T11:00,2026-10-20T12:00,BREAK,
3F-37,2026-10-20,2026-10-20T13:00,2026-10-20T14:00,BREAK,
3F-37,2026-10-20,2026-10-20T15:00,2026-10-20T16:00,BATH,
3F-38,2026-10-20,2026-10-20T13:00,2026-10-20T14:00,BREAK,
3F-39,2026-10-20,2026-10-20T13:00,2026-10-20T14:00,BREAK,
3F-40,2026-10-20,2026-10-20T13:00,2026-10-20T14:00,BREAK,
3F-41,2026-10-20,2026-10-20T13:00,2026-10-20T14:00,BREAK,
1F-07,2026-10-21,2026-10-21T11:00,2026-10-21T12:00,BREAK,
1F-07,2026-10-21,2026-10-21T10:00,2026-10-21T11:00,BATH,
1F-15,2026-10-21,2026-10-21T11:00,2026-10-21T12:00,BREAK,
1F-16,2026-10-21,2026-10-21T11:00,2026-10-21T12:00,BREAK,
1F-34,2026-10-21,2026-10-21T11:00,2026-10-21T12:00,BREAK,
1F-35,2026-10-21,2026-10-21T11:00,2026-10-21T12:00,BREAK,
1F-36,2026-10-21,2026-10-21T13:00,2026-10-21T14:00,BREAK,
1F-36,2026-10-21,2026-10-21T15:00,2026-10-21T16:00,BATH,
1F-37,2026-10-21,2026-10-21T13:00,2026-10-21T14:00,BREAK,
1F-38,2026-10-21,2026-10-21T13:00,2026-10-21T14:00,BREAK,
1F-39,2026-10-21,2026-10-21T13:00,2026-10-21T14:00,BREAK,
1F-40,2026-10-21,2026-10-21T13:00,2026-10-21T14:00,BREAK,
2F-30,2026-10-21,2026-10-21T11:00,2026-10-21T12:00,BREAK,
2F-30,2026-10-21,2026-10-21T10:00,2026-10-21T11:00,BATH,
2F-04,2026-10-21,2026-10-21T11:00,2026-10-21T12:00,BREAK,
2F-07,2026-10-21,2026-10-21T11:00,2026-10-21T12:00,BREAK,
2F-12,2026-10-21,2026-10-21T11:00,2026-10-21T12:00,BREAK,
2F-13,2026-10-21,2026-10-21T11:00,2026-10-21T12:00,BREAK,
2F-14,2026-10-21,2026-10-21T13:00,2026-10-21T14:00,BREAK,
2F-14,2026-10-21,2026-10-21T15:00,2026-10-21T16:00,BATH,
2F-01,2026-10-21,2026-10-21T13:00,2026-10-21T14:00,BREAK,
2F-02,2026-10-21,2026-10-21T13:00,2026-10-21T14:00,BREAK,
2F-03,2026-10-21,2026-10-21T13:00,2026-10-21T14:00,BREAK,
2F-15,2026-10-21,2026-10-21T13:00,2026-10-21T14:00,BREAK,
3F-42,2026-10-21,2026-10-21T11:00,2026-10-21T12:00,BREAK,
3F-42,2026-10-21,2026-10-21T10:00,2026-10-21T11:00,BATH,
3F-43,2026-10-21,2026-10-21T11:00,2026-10-21T12:00,BREAK,
3F-44,2026-10-21,2026-10-21T11:00,2026-10-21T12:00,BREAK,
3F-45,2026-10-21,2026-10-21T11:00,2026-10-21T12:00,BREAK,
3F-46,2026-10-21,2026-10-21T11:00,2026-10-21T12:00,BREAK,
3F-47,2026-10-21,2026-10-21T13:00,2026-10-21T14:00,BREAK,
3F-47,2026-10-21,2026-10-21T15:00,2026-10-21T16:00,BATH,
3F-48,2026-10-21,2026-10-21T13:00,2026-10-21T14:00,BREAK,
3F-49,2026-10-21,2026-10-21T13:00,2026-10-21T14:00,BREAK,
3F-01,2026-10-21,2026-10-21T13:00,2026-10-21T14:00,BREAK,
3F-02,2026-10-21,2026-10-21T13:00,2026-10-21T14:00,BREAK,
1F-41,2026-10-21,2026-10-21T12:00,2026-10-21T13:00,BREAK,
1F-42,2026-10-22,2026-10-22T11:00,2026-10-22T12:00,BREAK,
1F-42,2026-10-22,2026-10-22T10:00,2026-10-22T11:00,BATH,
1F-43,2026-10-22,2026-10-22T11:00,2026-10-22T12:00,BREAK,
1F-05,2026-10-22,2026-10-22T11:00,2026-10-22T12:00,BREAK,
1F-08,2026-10-22,2026-10-22T11:00,2026-10-22T12:00,BREAK,
1F-09,2026-10-22,2026-10-22T11:00,2026-10-22T12:00,BREAK,
1F-10,2026-10-22,2026-10-22T13:00,2026-10-22T14:00,BREAK,
1F-10,2026-10-22,2026-10-22T15:00,2026-10-22T16:00,BATH,
1F-32,2026-10-22,2026-10-22T13:00,2026-10-22T14:00,BREAK,
1F-33,2026-10-22,2026-10-22T13:00,2026-10-22T14:00,BREAK,
1F-01,2026-10-22,2026-10-22T13:00,2026-10-22T14:00,BREAK,
1F-02,2026-10-22,2026-10-22T13:00,2026-10-22T14:00,BREAK,
2F-16,2026-10-22,2026-10-22T11:00,2026-10-22T12:00,BREAK,
2F-16,2026-10-22,2026-10-22T10:00,2026-10-22T11:00,BATH,
2F-25,2026-10-22,2026-10-22T11:00,2026-10-22T12:00,BREAK,
2F-26,2026-10-22,2026-10-22T11:00,2026-10-22T12:00,BREAK,
2F-27,2026-10-22,2026-10-22T11:00,2026-10-22T12:00,BREAK,
2F-28,2026-10-22,2026-10-22T11:00,2026-10-22T12:00,BREAK,
2F-29,2026-10-22,2026-10-22T13:00,2026-10-22T14:00,BREAK,
2F-29,2026-10-22,2026-10-22T15:00,2026-10-22T16:00,BATH,
2F-30,2026-10-22,2026-10-22T13:00,2026-10-22T14:00,BREAK,
2F-04,2026-10-22,2026-10-22T13:00,2026-10-22T14:00,BREAK,
2F-05,2026-10-22,2026-10-22T13:00,2026-10-22T14:00,BREAK,
2F-06,2026-10-22,2026-10-22T13:00,2026-10-22T14:00,BREAK,
3F-15,2026-10-22,2026-10-22T11:00,2026-10-22T12:00,BREAK,
3F-15,2026-10-22,2026-10-22T10:00,2026-10-22T11:00,BATH,
3F-16,2026-10-22,2026-10-22T11:00,2026-10-22T12:00,BREAK,
3F-25,2026-10-22,2026-10-22T11:00,2026-10-22T12:00,BREAK,
3F-26,2026-10-22,2026-10-22T11:00,2026-10-22T12:00,BREAK,
3F-27,2026-10-22,2026-10-22T11:00,2026-10-22T12:00,BREAK,
3F-28,2026-10-22,2026-10-22T13:00,2026-10-22T14:00,BREAK,
3F-28,2026-10-22,2026-10-22T15:00,2026-10-22T16:00,BATH,
3F-29,2026-10-22,2026-10-22T13:00,2026-10-22T14:00,BREAK,
3F-30,2026-10-22,2026-10-22T13:00,2026-10-22T14:00,BREAK,
3F-31,2026-10-22,2026-10-22T13:00,2026-10-22T14:00,BREAK,
3F-32,2026-10-22,2026-10-22T13:00,2026-10-22T14:00,BREAK,
1F-03,2026-10-23,2026-10-23T11:00,2026-10-23T12:00,BREAK,
1F-03,2026-10-23,2026-10-23T10:00,2026-10-23T11:00,BATH,
1F-04,2026-10-23,2026-10-23T11:00,2026-10-23T12:00,BREAK,
1F-07,2026-10-23,2026-10-23T11:00,2026-10-23T12:00,BREAK,
1F-15,2026-10-23,2026-10-23T11:00,2026-10-23T12:00,BREAK,
1F-16,2026-10-23,2026-10-23T11:00,2026-10-23T12:00,BREAK,
1F-34,2026-10-23,2026-10-23T13:00,2026-10-23T14:00,BREAK,
1F-34,2026-10-23,2026-10-23T15:00,2026-10-23T16:00,BATH,
1F-35,2026-10-23,2026-10-23T13:00,2026-10-23T14:00,BREAK,
1F-36,2026-10-23,2026-10-23T13:00,2026-10-23T14:00,BREAK,
1F-37,2026-10-23,2026-10-23T13:00,2026-10-23T14:00,BREAK,
1F-38,2026-10-23,2026-10-23T13:00,2026-10-23T14:00,BREAK,
2F-10,2026-10-23,2026-10-23T11:00,2026-10-23T12:00,BREAK,
2F-10,2026-10-23,2026-10-23T10:00,2026-10-23T11:00,BATH,
2F-11,2026-10-23,2026-10-23T11:00,2026-10-23T12:00,BREAK,
2F-07,2026-10-23,2026-10-23T11:00,2026-10-23T12:00,BREAK,
2F-08,2026-10-23,2026-10-23T11:00,2026-10-23T12:00,BREAK,
2F-01,2026-10-23,2026-10-23T11:00,2026-10-23T12:00,BREAK,
2F-02,2026-10-23,2026-10-23T13:00,2026-10-23T14:00,BREAK,
2F-02,2026-10-23,2026-10-23T15:00,2026-10-23T16:00,BATH,
2F-03,2026-10-23,2026-10-23T13:00,2026-10-23T14:00,BREAK,
2F-15,2026-10-23,2026-10-23T13:00,2026-10-23T14:00,BREAK,
2F-16,2026-10-23,2026-10-23T13:00,2026-10-23T14:00,BREAK,
2F-25,2026-10-23,2026-10-23T13:00,2026-10-23T14:00,BREAK,
3F-33,2026-10-23,2026-10-23T11:00,2026-10-23T12:00,BREAK,
3F-33,2026-10-23,2026-10-23T10:00,2026-10-23T11:00,BATH,
3F-34,2026-10-23,2026-10-23T11:00,2026-10-23T12:00,BREAK,
3F-35,2026-10-23,2026-10-23T11:00,2026-10-23T12:00,BREAK,
3F-36,2026-10-23,2026-10-23T11:00,2026-10-23T12:00,BREAK,
3F-37,2026-10-23,2026-10-23T11:00,2026-10-23T12:00,BREAK,
3F-38,2026-10-23,2026-10-23T13:00,2026-10-23T14:00,BREAK,
3F-38,2026-10-23,2026-10-23T15:00,2026-10-23T16:00,BATH,
3F-39,2026-10-23,2026-10-23T13:00,2026-10-23T14:00,BREAK,
3F-40,2026-10-23,2026-10-23T13:00,2026-10-23T14:00,BREAK,
3F-41,2026-10-23,2026-10-23T13:00,2026-10-23T14:00,BREAK,
3F-42,2026-10-23,2026-10-23T13:00,2026-10-23T14:00,BREAK,
1F-39,2026-10-23,2026-10-23T12:00,2026-10-23T13:00,BREAK,
1F-40,2026-10-24,2026-10-24T11:00,2026-10-24T12:00,BREAK,
1F-40,2026-10-24,2026-10-24T10:00,2026-10-24T11:00,BATH,
1F-41,2026-10-24,2026-10-24T11:00,2026-10-24T12:00,BREAK,
1F-42,2026-10-24,2026-10-24T11:00,2026-10-24T12:00,BREAK,
1F-43,2026-10-24,2026-10-24T11:00,2026-10-24T12:00,BREAK,
1F-14,2026-10-24,2026-10-24T11:00,2026-10-24T12:00,BREAK,
1F-05,2026-10-24,2026-10-24T13:00,2026-10-24T14:00,BREAK,
1F-05,2026-10-24,2026-10-24T15:00,2026-10-24T16:00,BATH,
1F-08,2026-10-24,2026-10-24T13:00,2026-10-24T14:00,BREAK,
1F-09,2026-10-24,2026-10-24T13:00,2026-10-24T14:00,BREAK,
1F-10,2026-10-24,2026-10-24T13:00,2026-10-24T14:00,BREAK,
1F-33,2026-10-24,2026-10-24T13:00,2026-10-24T14:00,BREAK,
2F-12,2026-10-24,2026-10-24T11:00,2026-10-24T12:00,BREAK,
2F-12,2026-10-24,2026-10-24T10:00,2026-10-24T11:00,BATH,
2F-13,2026-10-24,2026-10-24T11:00,2026-10-24T12:00,BREAK,
2F-26,2026-10-24,2026-10-24T11:00,2026-10-24T12:00,BREAK,
2F-27,2026-10-24,2026-10-24T11:00,2026-10-24T12:00,BREAK,
2F-28,2026-10-24,2026-10-24T11:00,2026-10-24T12:00,BREAK,
2F-29,2026-10-24,2026-10-24T13:00,2026-10-24T14:00,BREAK,
2F-29,2026-10-24,2026-10-24T15:00,2026-10-24T16:00,BATH,
2F-30,2026-10-24,2026-10-24T13:00,2026-10-24T14:00,BREAK,
3F-43,2026-10-24,2026-10-24T13:00,2026-10-24T14:00,BREAK,
3F-44,2026-10-24,2026-10-24T13:00,2026-10-24T14:00,BREAK,
3F-45,2026-10-24,2026-10-24T13:00,2026-10-24T14:00,BREAK,
3F-46,2026-10-24,2026-10-24T11:00,2026-10-24T12:00,BREAK,
3F-46,2026-10-24,2026-10-24T10:00,2026-10-24T11:00,BATH,
3F-47,2026-10-24,2026-10-24T11:00,2026-10-24T12:00,BREAK,
3F-48,2026-10-24,2026-10-24T11:00,2026-10-24T12:00,BREAK,
3F-49,2026-10-24,2026-10-24T11:00,2026-10-24T12:00,BREAK,
3F-04,2026-10-24,2026-10-24T11:00,2026-10-24T12:00,BREAK,
3F-05,2026-10-24,2026-10-24T13:00,2026-10-24T14:00,BREAK,
3F-05,2026-10-24,2026-10-24T15:00,2026-10-24T16:00,BATH,
3F-09,2026-10-24,2026-10-24T13:00,2026-10-24T14:00,BREAK,
3F-10,2026-10-24,2026-10-24T13:00,2026-10-24T14:00,BREAK,
3F-11,2026-10-24,2026-10-24T13:00,2026-10-24T14:00,BREAK,
3F-01,2026-10-24,2026-10-24T13:00,2026-10-24T14:00,BREAK,
1F-06,2026-10-25,2026-10-25T11:00,2026-10-25T12:00,BREAK,
1F-06,2026-10-25,2026-10-25T10:00,2026-10-25T11:00,BATH,
1F-01,2026-10-25,2026-10-25T11:00,2026-10-25T12:00,BREAK,
1F-02,2026-10-25,2026-10-25T11:00,2026-10-25T12:00,BREAK,
1F-03,2026-10-25,2026-10-25T11:00,2026-10-25T12:00,BREAK,
1F-04,2026-10-25,2026-10-25T11:00,2026-10-25T12:00,BREAK,
1F-07,2026-10-25,2026-10-25T13:00,2026-10-25T14:00,BREAK,
1F-07,2026-10-25,2026-10-25T15:00,2026-10-25T16:00,BATH,
1F-15,2026-10-25,2026-10-25T13:00,2026-10-25T14:00,BREAK,
1F-16,2026-10-25,2026-10-25T13:00,2026-10-25T14:00,BREAK,
1F-34,2026-10-25,2026-10-25T13:00,2026-10-25T14:00,BREAK,
1F-35,2026-10-25,2026-10-25T13:00,2026-10-25T14:00,BREAK,
2F-14,2026-10-25,2026-10-25T11:00,2026-10-25T12:00,BREAK,
2F-14,2026-10-25,2026-10-25T10:00,2026-10-25T11:00,BATH,
3F-02,2026-10-25,2026-10-25T11:00,2026-10-25T12:00,BREAK,
3F-25,2026-10-25,2026-10-25T11:00,2026-10-25T12:00,BREAK,
3F-26,2026-10-25,2026-10-25T11:00,2026-10-25T12:00,BREAK,
3F-27,2026-10-25,2026-10-25T11:00,2026-10-25T12:00,BREAK,
3F-28,2026-10-25,2026-10-25T13:00,2026-10-25T14:00,BREAK,
3F-28,2026-10-25,2026-10-25T15:00,2026-10-25T16:00,BATH,
3F-29,2026-10-25,2026-10-25T13:00,2026-10-25T14:00,BREAK,
3F-30,2026-10-25,2026-10-25T13:00,2026-10-25T14:00,BREAK,
3F-31,2026-10-25,2026-10-25T13:00,2026-10-25T14:00,BREAK,
3F-32,2026-10-25,2026-10-25T13:00,2026-10-25T14:00,BREAK,
3F-12,2026-10-25,2026-10-25T11:00,2026-10-25T12:00,BREAK,
3F-12,2026-10-25,2026-10-25T10:00,2026-10-25T11:00,BATH,
3F-13,2026-10-25,2026-10-25T11:00,2026-10-25T12:00,BREAK,
3F-15,2026-10-25,2026-10-25T11:00,2026-10-25T12:00,BREAK,
3F-16,2026-10-25,2026-10-25T11:00,2026-10-25T12:00,BREAK,
3F-33,2026-10-25,2026-10-25T11:00,2026-10-25T12:00,BREAK,
3F-34,2026-10-25,2026-10-25T13:00,2026-10-25T14:00,BREAK,
3F-34,2026-10-25,2026-10-25T15:00,2026-10-25T16:00,BATH,
3F-35,2026-10-25,2026-10-25T13:00,2026-10-25T14:00,BREAK,
3F-36,2026-10-25,2026-10-25T13:00,2026-10-25T14:00,BREAK,
3F-37,2026-10-25,2026-10-25T13:00,2026-10-25T14:00,BREAK,
3F-38,2026-10-25,2026-10-25T13:00,2026-10-25T14:00,BREAK,
1F-01,2026-10-26,2026-10-26T11:00,2026-10-26T12:00,BREAK,
1F-01,2026-10-26,2026-10-26T10:00,2026-10-26T11:00,BATH,
1F-02,2026-10-26,2026-10-26T11:00,2026-10-26T12:00,BREAK,
1F-03,2026-10-26,2026-10-26T11:00,2026-10-26T12:00,BREAK,
1F-04,2026-10-26,2026-10-26T11:00,2026-10-26T12:00,BREAK,
1F-05,2026-10-26,2026-10-26T11:00,2026-10-26T12:00,BREAK,
1F-06,2026-10-26,2026-10-26T13:00,2026-10-26T14:00,BREAK,
1F-06,2026-10-26,2026-10-26T15:00,2026-10-26T16:00,BATH,
1F-07,2026-10-26,2026-10-26T13:00,2026-10-26T14:00,BREAK,
1F-08,2026-10-26,2026-10-26T13:00,2026-10-26T14:00,BREAK,
1F-09,2026-10-26,2026-10-26T13:00,2026-10-26T14:00,BREAK,
1F-10,2026-10-26,2026-10-26T13:00,2026-10-26T14:00,BREAK,
2F-01,2026-10-26,2026-10-26T11:00,2026-10-26T12:00,BREAK,
2F-01,2026-10-26,2026-10-26T10:00,2026-10-26T11:00,BATH,
2F-02,2026-10-26,2026-10-26T11:00,2026-10-26T12:00,BREAK,
2F-03,2026-10-26,2026-10-26T11:00,2026-10-26T12:00,BREAK,
2F-04,2026-10-26,2026-10-26T11:00,2026-10-26T12:00,BREAK,
2F-05,2026-10-26,2026-10-26T11:00,2026-10-26T12:00,BREAK,
2F-07,2026-10-26,2026-10-26T13:00,2026-10-26T14:00,BREAK,
2F-07,2026-10-26,2026-10-26T15:00,2026-10-26T16:00,BATH,
2F-08,2026-10-26,2026-10-26T13:00,2026-10-26T14:00,BREAK,
2F-15,2026-10-26,2026-10-26T13:00,2026-10-26T14:00,BREAK,
2F-16,2026-10-26,2026-10-26T13:00,2026-10-26T14:00,BREAK,
2F-26,2026-10-26,2026-10-26T13:00,2026-10-26T14:00,BREAK,
3F-01,2026-10-26,2026-10-26T11:00,2026-10-26T12:00,BREAK,
3F-01,2026-10-26,2026-10-26T10:00,2026-10-26T11:00,BATH,
3F-02,2026-10-26,2026-10-26T11:00,2026-10-26T12:00,BREAK,
3F-03,2026-10-26,2026-10-26T11:00,2026-10-26T12:00,BREAK,
3F-04,2026-10-26,2026-10-26T11:00,2026-10-26T12:00,BREAK,
3F-05,2026-10-26,2026-10-26T11:00,2026-10-26T12:00,BREAK,
3F-06,2026-10-26,2026-10-26T13:00,2026-10-26T14:00,BREAK,
3F-06,2026-10-26,2026-10-26T15:00,2026-10-26T16:00,BATH,
3F-15,2026-10-26,2026-10-26T13:00,2026-10-26T14:00,BREAK,
3F-16,2026-10-26,2026-10-26T13:00,2026-10-26T14:00,BREAK,
3F-25,2026-10-26,2026-10-26T13:00,2026-10-26T14:00,BREAK,
3F-26,2026-10-26,2026-10-26T13:00,2026-10-26T14:00,BREAK,
1F-11,2026-10-26,2026-10-26T12:00,2026-10-26T13:00,BREAK,
1F-12,2026-10-27,2026-10-27T11:00,2026-10-27T12:00,BREAK,
1F-12,2026-10-27,2026-10-27T10:00,2026-10-27T11:00,BATH,
1F-15,2026-10-27,2026-10-27T11:00,2026-10-27T12:00,BREAK,
1F-16,2026-10-27,2026-10-27T11:00,2026-10-27T12:00,BREAK,
1F-43,2026-10-27,2026-10-27T11:00,2026-10-27T12:00,BREAK,
1F-01,2026-10-27,2026-10-27T11:00,2026-10-27T12:00,BREAK,
1F-02,2026-10-27,2026-10-27T13:00,2026-10-27T14:00,BREAK,
1F-02,2026-10-27,2026-10-27T15:00,2026-10-27T16:00,BATH,
1F-03,2026-10-27,2026-10-27T13:00,2026-10-27T14:00,BREAK,
1F-04,2026-10-27,2026-10-27T13:00,2026-10-27T14:00,BREAK,
1F-05,2026-10-27,2026-10-27T13:00,2026-10-27T14:00,BREAK,
1F-06,2026-10-27,2026-10-27T13:00,2026-10-27T14:00,BREAK,
2F-27,2026-10-27,2026-10-27T11:00,2026-10-27T12:00,BREAK,
2F-27,2026-10-27,2026-10-27T10:00,2026-10-27T11:00,BATH,
2F-28,2026-10-27,2026-10-27T11:00,2026-10-27T12:00,BREAK,
2F-29,2026-10-27,2026-10-27T11:00,2026-10-27T12:00,BREAK,
2F-30,2026-10-27,2026-10-27T11:00,2026-10-27T12:00,BREAK,
2F-01,2026-10-27,2026-10-27T11:00,2026-10-27T12:00,BREAK,
2F-02,2026-10-27,2026-10-27T13:00,2026-10-27T14:00,BREAK,
2F-02,2026-10-27,2026-10-27T15:00,2026-10-27T16:00,BATH,
2F-03,2026-10-27,2026-10-27T13:00,2026-10-27T14:00,BREAK,
2F-04,2026-10-27,2026-10-27T13:00,2026-10-27T14:00,BREAK,
2F-05,2026-10-27,2026-10-27T13:00,2026-10-27T14:00,BREAK,
2F-07,2026-10-27,2026-10-27T13:00,2026-10-27T14:00,BREAK,
3F-27,2026-10-27,2026-10-27T11:00,2026-10-27T12:00,BREAK,
3F-27,2026-10-27,2026-10-27T10:00,2026-10-27T11:00,BATH,
3F-28,2026-10-27,2026-10-27T11:00,2026-10-27T12:00,BREAK,
3F-29,2026-10-27,2026-10-27T11:00,2026-10-27T12:00,BREAK,
3F-30,2026-10-27,2026-10-27T11:00,2026-10-27T12:00,BREAK,
3F-31,2026-10-27,2026-10-27T11:00,2026-10-27T12:00,BREAK,
3F-32,2026-10-27,2026-10-27T13:00,2026-10-27T14:00,BREAK,
3F-32,2026-10-27,2026-10-27T15:00,2026-10-27T16:00,BATH,
3F-33,2026-10-27,2026-10-27T13:00,2026-10-27T14:00,BREAK,
3F-34,2026-10-27,2026-10-27T13:00,2026-10-27T14:00,BREAK,
3F-35,2026-10-27,2026-10-27T13:00,2026-10-27T14:00,BREAK,
3F-36,2026-10-27,2026-10-27T13:00,2026-10-27T14:00,BREAK,
1F-07,2026-10-28,2026-10-28T11:00,2026-10-28T12:00,BREAK,
1F-07,2026-10-28,2026-10-28T10:00,2026-10-28T11:00,BATH,
1F-08,2026-10-28,2026-10-28T11:00,2026-10-28T12:00,BREAK,
1F-09,2026-10-28,2026-10-28T11:00,2026-10-28T12:00,BREAK,
1F-10,2026-10-28,2026-10-28T11:00,2026-10-28T12:00,BREAK,
1F-11,2026-10-28,2026-10-28T11:00,2026-10-28T12:00,BREAK,
1F-12,2026-10-28,2026-10-28T13:00,2026-10-28T14:00,BREAK,
1F-12,2026-10-28,2026-10-28T15:00,2026-10-28T16:00,BATH,
1F-15,2026-10-28,2026-10-28T13:00,2026-10-28T14:00,BREAK,
1F-16,2026-10-28,2026-10-28T13:00,2026-10-28T14:00,BREAK,
1F-13,2026-10-28,2026-10-28T13:00,2026-10-28T14:00,BREAK,
1F-41,2026-10-28,2026-10-28T13:00,2026-10-28T14:00,BREAK,
2F-08,2026-10-28,2026-10-28T11:00,2026-10-28T12:00,BREAK,
2F-08,2026-10-28,2026-10-28T10:00,2026-10-28T11:00,BATH,
2F-15,2026-10-28,2026-10-28T11:00,2026-10-28T12:00,BREAK,
2F-16,2026-10-28,2026-10-28T11:00,2026-10-28T12:00,BREAK,
2F-26,2026-10-28,2026-10-28T11:00,2026-10-28T12:00,BREAK,
2F-27,2026-10-28,2026-10-28T11:00,2026-10-28T12:00,BREAK,
2F-28,2026-10-28,2026-10-28T13:00,2026-10-28T14:00,BREAK,
2F-28,2026-10-28,2026-10-28T15:00,2026-10-28T16:00,BATH,
2F-29,2026-10-28,2026-10-28T13:00,2026-10-28T14:00,BREAK,
2F-30,2026-10-28,2026-10-28T13:00,2026-10-28T14:00,BREAK,
2F-06,2026-10-28,2026-10-28T13:00,2026-10-28T14:00,BREAK,
2F-09,2026-10-28,2026-10-28T13:00,2026-10-28T14:00,BREAK,
3F-37,2026-10-28,2026-10-28T11:00,2026-10-28T12:00,BREAK,
3F-37,2026-10-28,2026-10-28T10:00,2026-10-28T11:00,BATH,
3F-38,2026-10-28,2026-10-28T11:00,2026-10-28T12:00,BREAK,
3F-39,2026-10-28,2026-10-28T11:00,2026-10-28T12:00,BREAK,
3F-40,2026-10-28,2026-10-28T11:00,2026-10-28T12:00,BREAK,
3F-41,2026-10-28,2026-10-28T11:00,2026-10-28T12:00,BREAK,
3F-42,2026-10-28,2026-10-28T13:00,2026-10-28T14:00,BREAK,
3F-42,2026-10-28,2026-10-28T15:00,2026-10-28T16:00,BATH,
3F-43,2026-10-28,2026-10-28T13:00,2026-10-28T14:00,BREAK,
3F-44,2026-10-28,2026-10-28T13:00,2026-10-28T14:00,BREAK,
3F-45,2026-10-28,2026-10-28T13:00,2026-10-28T14:00,BREAK,
3F-46,2026-10-28,2026-10-28T13:00,2026-10-28T14:00,BREAK,
1F-42,2026-10-28,2026-10-28T12:00,2026-10-28T13:00,BREAK,
1F-26,2026-10-29,2026-10-29T11:00,2026-10-29T12:00,BREAK,
1F-26,2026-10-29,2026-10-29T10:00,2026-10-29T11:00,BATH,
1F-43,2026-10-29,2026-10-29T11:00,2026-10-29T12:00,BREAK,
1F-01,2026-10-29,2026-10-29T11:00,2026-10-29T12:00,BREAK,
1F-02,2026-10-29,2026-10-29T11:00,2026-10-29T12:00,BREAK,
1F-03,2026-10-29,2026-10-29T11:00,2026-10-29T12:00,BREAK,
1F-04,2026-10-29,2026-10-29T13:00,2026-10-29T14:00,BREAK,
1F-04,2026-10-29,2026-10-29T15:00,2026-10-29T16:00,BATH,
1F-05,2026-10-29,2026-10-29T13:00,2026-10-29T14:00,BREAK,
1F-06,2026-10-29,2026-10-29T13:00,2026-10-29T14:00,BREAK,
1F-07,2026-10-29,2026-10-29T13:00,2026-10-29T14:00,BREAK,
1F-08,2026-10-29,2026-10-29T13:00,2026-10-29T14:00,BREAK,
2F-25,2026-10-29,2026-10-29T11:00,2026-10-29T12:00,BREAK,
2F-25,2026-10-29,2026-10-29T10:00,2026-10-29T11:00,BATH,
2F-01,2026-10-29,2026-10-29T11:00,2026-10-29T12:00,BREAK,
2F-02,2026-10-29,2026-10-29T11:00,2026-10-29T12:00,BREAK,
2F-03,2026-10-29,2026-10-29T11:00,2026-10-29T12:00,BREAK,
2F-04,2026-10-29,2026-10-29T11:00,2026-10-29T12:00,BREAK,
2F-05,2026-10-29,2026-10-29T13:00,2026-10-29T14:00,BREAK,
2F-05,2026-10-29,2026-10-29T15:00,2026-10-29T16:00,BATH,
2F-07,2026-10-29,2026-10-29T13:00,2026-10-29T14:00,BREAK,
2F-08,2026-10-29,2026-10-29T13:00,2026-10-29T14:00,BREAK,
2F-15,2026-10-29,2026-10-29T13:00,2026-10-29T14:00,BREAK,
2F-16,2026-10-29,2026-10-29T13:00,2026-10-29T14:00,BREAK,
3F-47,2026-10-29,2026-10-29T11:00,2026-10-29T12:00,BREAK,
3F-47,2026-10-29,2026-10-29T10:00,2026-10-29T11:00,BATH,
3F-48,2026-10-29,2026-10-29T11:00,2026-10-29T12:00,BREAK,
3F-49,2026-10-29,2026-10-29T11:00,2026-10-29T12:00,BREAK,
3F-01,2026-10-29,2026-10-29T11:00,2026-10-29T12:00,BREAK,
3F-02,2026-10-29,2026-10-29T11:00,2026-10-29T12:00,BREAK,
3F-03,2026-10-29,2026-10-29T13:00,2026-10-29T14:00,BREAK,
3F-03,2026-10-29,2026-10-29T15:00,2026-10-29T16:00,BATH,
3F-04,2026-10-29,2026-10-29T13:00,2026-10-29T14:00,BREAK,
3F-05,2026-10-29,2026-10-29T13:00,2026-10-29T14:00,BREAK,
3F-06,2026-10-29,2026-10-29T13:00,2026-10-29T14:00,BREAK,
3F-07,2026-10-29,2026-10-29T13:00,2026-10-29T14:00,BREAK,
1F-09,2026-10-30,2026-10-30T11:00,2026-10-30T12:00,BREAK,
1F-09,2026-10-30,2026-10-30T10:00,2026-10-30T11:00,BATH,
1F-10,2026-10-30,2026-10-30T11:00,2026-10-30T12:00,BREAK,
1F-11,2026-10-30,2026-10-30T11:00,2026-10-30T12:00,BREAK,
1F-12,2026-10-30,2026-10-30T11:00,2026-10-30T12:00,BREAK,
1F-15,2026-10-30,2026-10-30T11:00,2026-10-30T12:00,BREAK,
1F-16,2026-10-30,2026-10-30T13:00,2026-10-30T14:00,BREAK,
1F-16,2026-10-30,2026-10-30T15:00,2026-10-30T16:00,BATH,
1F-13,2026-10-30,2026-10-30T13:00,2026-10-30T14:00,BREAK,
1F-14,2026-10-30,2026-10-30T13:00,2026-10-30T14:00,BREAK,
1F-41,2026-10-30,2026-10-30T13:00,2026-10-30T14:00,BREAK,
1F-42,2026-10-30,2026-10-30T13:00,2026-10-30T14:00,BREAK,
2F-26,2026-10-30,2026-10-30T11:00,2026-10-30T12:00,BREAK,
2F-26,2026-10-30,2026-10-30T10:00,2026-10-30T11:00,BATH,
2F-27,2026-10-30,2026-10-30T11:00,2026-10-30T12:00,BREAK,
2F-28,2026-10-30,2026-10-30T11:00,2026-10-30T12:00,BREAK,
2F-29,2026-10-30,2026-10-30T11:00,2026-10-30T12:00,BREAK,
2F-30,2026-10-30,2026-10-30T11:00,2026-10-30T12:00,BREAK,
2F-06,2026-10-30,2026-10-30T13:00,2026-10-30T14:00,BREAK,
2F-06,2026-10-30,2026-10-30T15:00,2026-10-30T16:00,BATH,
2F-09,2026-10-30,2026-10-30T13:00,2026-10-30T14:00,BREAK,
2F-10,2026-10-30,2026-10-30T13:00,2026-10-30T14:00,BREAK,
2F-25,2026-10-30,2026-10-30T13:00,2026-10-30T14:00,BREAK,
2F-01,2026-10-30,2026-10-30T13:00,2026-10-30T14:00,BREAK,
3F-08,2026-10-30,2026-10-30T11:00,2026-10-30T12:00,BREAK,
3F-08,2026-10-30,2026-10-30T10:00,2026-10-30T11:00,BATH,
3F-15,2026-10-30,2026-10-30T11:00,2026-10-30T12:00,BREAK,
3F-16,2026-10-30,2026-10-30T11:00,2026-10-30T12:00,BREAK,
3F-25,2026-10-30,2026-10-30T11:00,2026-10-30T12:00,BREAK,
3F-26,2026-10-30,2026-10-30T11:00,2026-10-30T12:00,BREAK,
3F-27,2026-10-30,2026-10-30T13:00,2026-10-30T14:00,BREAK,
3F-27,2026-10-30,2026-10-30T15:00,2026-10-30T16:00,BATH,
3F-28,2026-10-30,2026-10-30T13:00,2026-10-30T14:00,BREAK,
3F-29,2026-10-30,2026-10-30T13:00,2026-10-30T14:00,BREAK,
3F-30,2026-10-30,2026-10-30T13:00,2026-10-30T14:00,BREAK,
3F-31,2026-10-30,2026-10-30T13:00,2026-10-30T14:00,BREAK,
1F-43,2026-10-30,2026-10-30T12:00,2026-10-30T13:00,BREAK,
1F-01,2026-10-31,2026-10-31T11:00,2026-10-31T12:00,BREAK,
1F-01,2026-10-31,2026-10-31T10:00,2026-10-31T11:00,BATH,
1F-02,2026-10-31,2026-10-31T11:00,2026-10-31T12:00,BREAK,
1F-03,2026-10-31,2026-10-31T11:00,2026-10-31T12:00,BREAK,
1F-04,2026-10-31,2026-10-31T11:00,2026-10-31T12:00,BREAK,
1F-05,2026-10-31,2026-10-31T11:00,2026-10-31T12:00,BREAK,
1F-06,2026-10-31,2026-10-31T13:00,2026-10-31T14:00,BREAK,
1F-06,2026-10-31,2026-10-31T15:00,2026-10-31T16:00,BATH,
1F-07,2026-10-31,2026-10-31T13:00,2026-10-31T14:00,BREAK,
1F-08,2026-10-31,2026-10-31T13:00,2026-10-31T14:00,BREAK,
1F-09,2026-10-31,2026-10-31T13:00,2026-10-31T14:00,BREAK,
1F-10,2026-10-31,2026-10-31T13:00,2026-10-31T14:00,BREAK,
2F-11,2026-10-31,2026-10-31T11:00,2026-10-31T12:00,BREAK,
2F-11,2026-10-31,2026-10-31T10:00,2026-10-31T11:00,BATH,
2F-02,2026-10-31,2026-10-31T11:00,2026-10-31T12:00,BREAK,
2F-03,2026-10-31,2026-10-31T11:00,2026-10-31T12:00,BREAK,
2F-04,2026-10-31,2026-10-31T11:00,2026-10-31T12:00,BREAK,
2F-05,2026-10-31,2026-10-31T11:00,2026-10-31T12:00,BREAK,
2F-07,2026-10-31,2026-10-31T13:00,2026-10-31T14:00,BREAK,
2F-07,2026-10-31,2026-10-31T15:00,2026-10-31T16:00,BATH,
2F-08,2026-10-31,2026-10-31T13:00,2026-10-31T14:00,BREAK,
2F-15,2026-10-31,2026-10-31T13:00,2026-10-31T14:00,BREAK,
2F-16,2026-10-31,2026-10-31T13:00,2026-10-31T14:00,BREAK,
2F-26,2026-10-31,2026-10-31T13:00,2026-10-31T14:00,BREAK,
3F-32,2026-10-31,2026-10-31T11:00,2026-10-31T12:00,BREAK,
3F-32,2026-10-31,2026-10-31T10:00,2026-10-31T11:00,BATH,
3F-33,2026-10-31,2026-10-31T11:00,2026-10-31T12:00,BREAK,
3F-34,2026-10-31,2026-10-31T11:00,2026-10-31T12:00,BREAK,
3F-35,2026-10-31,2026-10-31T11:00,2026-10-31T12:00,BREAK,
3F-36,2026-10-31,2026-10-31T11:00,2026-10-31T12:00,BREAK,
3F-37,2026-10-31,2026-10-31T13:00,2026-10-31T14:00,BREAK,
3F-37,2026-10-31,2026-10-31T15:00,2026-10-31T16:00,BATH,
3F-38,2026-10-31,2026-10-31T13:00,2026-10-31T14:00,BREAK,
3F-39,2026-10-31,2026-10-31T13:00,2026-10-31T14:00,BREAK,
3F-40,2026-10-31,2026-10-31T13:00,2026-10-31T14:00,BREAK,
3F-41,2026-10-31,2026-10-31T13:00,2026-10-31T14:00,BREAK,
1F-11,2026-11-01,2026-11-01T11:00,2026-11-01T12:00,BREAK,
1F-11,2026-11-01,2026-11-01T10:00,2026-11-01T11:00,BATH,
1F-12,2026-11-01,2026-11-01T11:00,2026-11-01T12:00,BREAK,
1F-15,2026-11-01,2026-11-01T11:00,2026-11-01T12:00,BREAK,
1F-16,2026-11-01,2026-11-01T11:00,2026-11-01T12:00,BREAK,
3F-42,2026-11-01,2026-11-01T11:00,2026-11-01T12:00,BREAK,
3F-43,2026-11-01,2026-11-01T13:00,2026-11-01T14:00,BREAK,
3F-43,2026-11-01,2026-11-01T15:00,2026-11-01T16:00,BATH,
3F-44,2026-11-01,2026-11-01T13:00,2026-11-01T14:00,BREAK,
3F-45,2026-11-01,2026-11-01T13:00,2026-11-01T14:00,BREAK,
3F-46,2026-11-01,2026-11-01T13:00,2026-11-01T14:00,BREAK,
3F-47,2026-11-01,2026-11-01T13:00,2026-11-01T14:00,BREAK,
2F-27,2026-11-01,2026-11-01T11:00,2026-11-01T12:00,BREAK,
2F-27,2026-11-01,2026-11-01T10:00,2026-11-01T11:00,BATH,
2F-28,2026-11-01,2026-11-01T11:00,2026-11-01T12:00,BREAK,
2F-29,2026-11-01,2026-11-01T11:00,2026-11-01T12:00,BREAK,
2F-30,2026-11-01,2026-11-01T11:00,2026-11-01T12:00,BREAK,
3F-48,2026-11-01,2026-11-01T11:00,2026-11-01T12:00,BREAK,
3F-49,2026-11-01,2026-11-01T13:00,2026-11-01T14:00,BREAK,
3F-49,2026-11-01,2026-11-01T15:00,2026-11-01T16:00,BATH,
3F-01,2026-11-01,2026-11-01T13:00,2026-11-01T14:00,BREAK,
3F-02,2026-11-01,2026-11-01T13:00,2026-11-01T14:00,BREAK,
3F-03,2026-11-01,2026-11-01T13:00,2026-11-01T14:00,BREAK,
3F-04,2026-11-01,2026-11-01T13:00,2026-11-01T14:00,BREAK,
3F-05,2026-11-01,2026-11-01T11:00,2026-11-01T12:00,BREAK,
3F-05,2026-11-01,2026-11-01T10:00,2026-11-01T11:00,BATH,
3F-06,2026-11-01,2026-11-01T11:00,2026-11-01T12:00,BREAK,
3F-07,2026-11-01,2026-11-01T11:00,2026-11-01T12:00,BREAK,
3F-08,2026-11-01,2026-11-01T11:00,2026-11-01T12:00,BREAK,
3F-15,2026-11-01,2026-11-01T11:00,2026-11-01T12:00,BREAK,
3F-16,2026-11-01,2026-11-01T13:00,2026-11-01T14:00,BREAK,
3F-16,2026-11-01,2026-11-01T15:00,2026-11-01T16:00,BATH,
3F-25,2026-11-01,2026-11-01T13:00,2026-11-01T14:00,BREAK,
3F-26,2026-11-01,2026-11-01T13:00,2026-11-01T14:00,BREAK,
3F-27,2026-11-01,2026-11-01T13:00,2026-11-01T14:00,BREAK,
3F-28,2026-11-01,2026-11-01T13:00,2026-11-01T14:00,BREAK,
